{
  "resourceType": "CodeSystem",
  "status": "active",
  "content": "complete",
  "name": "TreR390TypeProjetPersonnalise",
  "id": "tre-r390-type-projet-personnalise",
  "title": "Tre R390 Type Projet Personnalise",
  "description": "Cette nomenclature donne le type de projet personnalisé qui est un document co-construit par l'usager, son entourage familial et professionnel du médico-social.",
  "version": "20250422120000",
  "url": "https://smt.esante.gouv.fr/fhir/CodeSystem/tre-r390-type-projet-personnalise",
  "concept": [
    {
      "code": "PAI",
      "display": "Projet d'Accompagnement Individuel",
      "property": [
        {
          "code": "dateValid",
          "valueDateTime": "2025-04-22T12:00:00+01:00"
        },
        {
          "code": "dateMaj",
          "valueDateTime": "2025-04-22T12:00:00+01:00"
        },
        {
          "code": "status",
          "valueCode": "active"
        }
      ]
    },
    {
      "code": "PPA",
      "display": "Projet Personnalisé d'Accompagnement",
      "property": [
        {
          "code": "dateValid",
          "valueDateTime": "2025-04-22T12:00:00+01:00"
        },
        {
          "code": "dateMaj",
          "valueDateTime": "2025-04-22T12:00:00+01:00"
        },
        {
          "code": "status",
          "valueCode": "active"
        }
      ]
    },
    {
      "code": "PPIA",
      "display": "Projet Personnalisé Individuel d'Accompagnement",
      "property": [
        {
          "code": "dateValid",
          "valueDateTime": "2025-04-22T12:00:00+01:00"
        },
        {
          "code": "dateMaj",
          "valueDateTime": "2025-04-22T12:00:00+01:00"
        },
        {
          "code": "status",
          "valueCode": "active"
        }
      ]
    },
    {
      "code": "PP",
      "display": "Projet Personnalisé",
      "property": [
        {
          "code": "dateValid",
          "valueDateTime": "2025-04-22T12:00:00+01:00"
        },
        {
          "code": "dateMaj",
          "valueDateTime": "2025-04-22T12:00:00+01:00"
        },
        {
          "code": "status",
          "valueCode": "active"
        }
      ]
    },
    {
      "code": "PPI",
      "display": "Projet Personnalisé Individuel",
      "property": [
        {
          "code": "dateValid",
          "valueDateTime": "2025-04-22T12:00:00+01:00"
        },
        {
          "code": "dateMaj",
          "valueDateTime": "2025-04-22T12:00:00+01:00"
        },
        {
          "code": "status",
          "valueCode": "active"
        }
      ]
    },
    {
      "code": "PA",
      "display": "Projet d'Accompagnement",
      "property": [
        {
          "code": "dateValid",
          "valueDateTime": "2025-04-22T12:00:00+01:00"
        },
        {
          "code": "dateMaj",
          "valueDateTime": "2025-04-22T12:00:00+01:00"
        },
        {
          "code": "status",
          "valueCode": "active"
        }
      ]
    },
    {
      "code": "PI",
      "display": "Projet Individuel",
      "property": [
        {
          "code": "dateValid",
          "valueDateTime": "2025-04-22T12:00:00+01:00"
        },
        {
          "code": "dateMaj",
          "valueDateTime": "2025-04-22T12:00:00+01:00"
        },
        {
          "code": "status",
          "valueCode": "active"
        }
      ]
    }
  ],
  "meta": {
    "versionId": "1",
    "lastUpdated": "2025-04-22T05:12:51.958+00:00",
    "profile": [
      "http://hl7.org/fhir/StructureDefinition/shareablecodesystem"
    ]
  },
  "extension": [
    {
      "url": "http://hl7.org/fhir/StructureDefinition/resource-effectivePeriod",
      "valuePeriod": {
        "start": "2025-04-22T12:00:00+01:00"
      }
    }
  ],
  "identifier": [
    {
      "system": "urn:ietf:rfc:3986",
      "value": "urn:oid:1.2.250.1.213.3.3.258"
    }
  ],
  "experimental": false,
  "date": "2025-04-22T12:00:00+01:00",
  "publisher": "Agence du Numérique en Santé (ANS) - 2-10 Rue d'Oradour-sur-Glane, 75015 Paris",
  "caseSensitive": false,
  "valueSet": "https://smt.esante.gouv.fr/fhir/CodeSystem/tre-r390-type-projet-personnalise?vs",
  "property": [
    {
      "code": "dateValid",
      "description": "date de validité d'un code concept",
      "type": "dateTime"
    },
    {
      "code": "dateMaj",
      "description": "Date de mise à jour d'un code concept",
      "type": "dateTime"
    },
    {
      "code": "dateFin",
      "description": "Date de fin d'exploitation d'un code concept",
      "type": "dateTime"
    },
    {
      "code": "status",
      "uri": "http://hl7.org/fhir/concept-properties#status",
      "description": "Statut d'un code concept",
      "type": "code"
    },
    {
      "code": "deprecationDate",
      "uri": "http://hl7.org/fhir/concept-properties#deprecationDate",
      "description": "Date de dépréciation du code",
      "type": "dateTime"
    },
    {
      "code": "retirementDate",
      "uri": "http://hl7.org/fhir/concept-properties#retirementDate",
      "description": "Date de retrait du code",
      "type": "dateTime"
    }
  ],
  "count": 7
}
