{
  "resourceType": "CodeSystem",
  "status": "active",
  "content": "complete",
  "name": "TreR389StatutBilanProjetPersonnalise",
  "id": "tre-r389-statut-bilan-projet-personnalise",
  "title": "Tre R389 Statut Bilan Projet Personnalise",
  "description": "Statut du bilan du projet personnalisé.",
  "version": "20250418120000",
  "url": "https://smt.esante.gouv.fr/fhir/CodeSystem/tre-r389-statut-bilan-projet-personnalise",
  "concept": [
    {
      "code": "PARTIEL",
      "display": "Partiel",
      "property": [
        {
          "code": "dateValid",
          "valueDateTime": "2025-04-15T12:00:00+01:00"
        },
        {
          "code": "dateMaj",
          "valueDateTime": "2025-04-15T12:00:00+01:00"
        },
        {
          "code": "status",
          "valueCode": "active"
        }
      ]
    },
    {
      "code": "INTERMEDIAIRE",
      "display": "Intermédiaire",
      "property": [
        {
          "code": "dateValid",
          "valueDateTime": "2025-04-15T12:00:00+01:00"
        },
        {
          "code": "dateMaj",
          "valueDateTime": "2025-04-15T12:00:00+01:00"
        },
        {
          "code": "status",
          "valueCode": "active"
        }
      ]
    },
    {
      "code": "FINAL",
      "display": "Final",
      "property": [
        {
          "code": "dateValid",
          "valueDateTime": "2025-04-15T12:00:00+01:00"
        },
        {
          "code": "dateMaj",
          "valueDateTime": "2025-04-15T12:00:00+01:00"
        },
        {
          "code": "status",
          "valueCode": "active"
        }
      ]
    }
  ],
  "meta": {
    "versionId": "1",
    "lastUpdated": "2025-04-15T05:12:51.958+00:00",
    "profile": [
      "http://hl7.org/fhir/StructureDefinition/shareablecodesystem"
    ]
  },
  "extension": [
    {
      "url": "http://hl7.org/fhir/StructureDefinition/resource-effectivePeriod",
      "valuePeriod": {
        "start": "2025-04-15T12:00:00+01:00"
      }
    }
  ],
  "identifier": [
    {
      "system": "urn:ietf:rfc:3986",
      "value": "urn:oid:1.2.250.1.213.3.3.257"
    }
  ],
  "language": "fr-FR",
  "experimental": false,
  "date": "2025-04-18T12:00:00+01:00",
  "publisher": "Agence du Numérique en Santé (ANS) - 2-10 Rue d'Oradour-sur-Glane, 75015 Paris",
  "caseSensitive": false,
  "valueSet": "https://smt.esante.gouv.fr/fhir/CodeSystem/tre-r389-statuts-bilan-projet-personnalise?vs",
  "property": [
    {
      "code": "dateValid",
      "description": "date de validité d'un code concept",
      "type": "dateTime"
    },
    {
      "code": "dateMaj",
      "description": "Date de mise à jour d'un code concept",
      "type": "dateTime"
    },
    {
      "code": "dateFin",
      "description": "Date de fin d'exploitation d'un code concept",
      "type": "dateTime"
    },
    {
      "code": "status",
      "uri": "http://hl7.org/fhir/concept-properties#status",
      "description": "Statut d'un code concept",
      "type": "code"
    },
    {
      "code": "deprecationDate",
      "uri": "http://hl7.org/fhir/concept-properties#deprecationDate",
      "description": "Date de dépréciation du code",
      "type": "dateTime"
    },
    {
      "code": "retirementDate",
      "uri": "http://hl7.org/fhir/concept-properties#retirementDate",
      "description": "Date de retrait du code",
      "type": "dateTime"
    }
  ],
  "filter": [
    {
      "code": "status",
      "operator": [
        "="
      ],
      "value": "active"
    }
  ],
  "count": 3
}
