{
  "resourceType": "CodeSystem",
  "status": "active",
  "content": "complete",
  "name": "TRE_R332_GenreCapacite",
  "id": "TRE-R332-GenreCapacite",
  "description": "Permet d'indiquer le genre des patients qui peuvent être installés dans des lits disponibles",
  "version": "20250828120000",
  "url": "https://mos.esante.gouv.fr/NOS/TRE_R332-GenreCapacite/FHIR/TRE-R332-GenreCapacite",
  "concept": [
    {
      "code": "01",
      "display": "Femme",
      "property": [
        {
          "code": "dateValid",
          "valueDateTime": "2022-05-27T12:00:00+01:00"
        },
        {
          "code": "dateMaj",
          "valueDateTime": "2022-05-27T12:00:00+01:00"
        },
        {
          "code": "status",
          "valueCode": "active"
        }
      ]
    },
    {
      "code": "02",
      "display": "Homme",
      "property": [
        {
          "code": "dateValid",
          "valueDateTime": "2022-05-27T12:00:00+01:00"
        },
        {
          "code": "dateMaj",
          "valueDateTime": "2022-05-27T12:00:00+01:00"
        },
        {
          "code": "status",
          "valueCode": "active"
        }
      ]
    },
    {
      "code": "03",
      "display": "Indifférencié",
      "property": [
        {
          "code": "dateValid",
          "valueDateTime": "2022-05-27T12:00:00+01:00"
        },
        {
          "code": "dateFin",
          "valueDateTime": "2025-08-28T12:00:00+01:00"
        },
        {
          "code": "dateMaj",
          "valueDateTime": "2025-08-28T12:00:00+01:00"
        },
        {
          "code": "deprecationDate",
          "valueDateTime": "2025-08-28T12:00:00+01:00"
        },
        {
          "code": "status",
          "valueCode": "deprecated"
        }
      ]
    },
    {
      "code": "04",
      "display": "Indéterminé",
      "property": [
        {
          "code": "dateValid",
          "valueDateTime": "2022-05-27T12:00:00+01:00"
        },
        {
          "code": "dateMaj",
          "valueDateTime": "2022-05-27T12:00:00+01:00"
        },
        {
          "code": "status",
          "valueCode": "active"
        }
      ]
    }
  ],
  "meta": {
    "versionId": "5",
    "lastUpdated": "2025-07-02T18:17:37.091+00:00",
    "profile": [
      "http://hl7.org/fhir/StructureDefinition/shareablecodesystem"
    ]
  },
  "extension": [
    {
      "url": "http://hl7.org/fhir/StructureDefinition/resource-effectivePeriod",
      "valuePeriod": {
        "start": "2022-05-27T12:00:00+01:00"
      }
    }
  ],
  "identifier": [
    {
      "system": "urn:ietf:rfc:3986",
      "value": "urn:oid:1.2.250.1.213.3.3.215"
    }
  ],
  "experimental": false,
  "date": "2025-08-28T12:00:00+01:00",
  "publisher": "Agence du Numérique en Santé (ANS) - 2-10 Rue d'Oradour-sur-Glane, 75015 Paris",
  "jurisdiction": [
    {
      "coding": [
        {
          "code": "FR",
          "system": "urn:iso:std:iso:3166"
        }
      ]
    }
  ],
  "caseSensitive": false,
  "property": [
    {
      "code": "dateValid",
      "description": "date de validité d'un code concept",
      "type": "dateTime"
    },
    {
      "code": "dateMaj",
      "description": "Date de mise à jour d'un code concept",
      "type": "dateTime"
    },
    {
      "code": "dateFin",
      "description": "Date de fin d'exploitation d'un code concept",
      "type": "dateTime"
    },
    {
      "code": "deprecationDate",
      "uri": "http://hl7.org/fhir/concept-properties#deprecationDate",
      "description": "Date Concept was deprecated",
      "type": "dateTime"
    },
    {
      "code": "status",
      "uri": "http://hl7.org/fhir/concept-properties#status",
      "description": "A property that indicates the status of the concept.",
      "type": "code"
    },
    {
      "code": "retirementDate",
      "uri": "http://hl7.org/fhir/concept-properties#retirementDate",
      "description": "Date Concept was retired",
      "type": "dateTime"
    }
  ],
  "count": 4
}
