{
  "resourceType": "CodeSystem",
  "status": "active",
  "content": "complete",
  "name": "TreR393TypeContratSejour",
  "id": "tre-r393-type-contrat-sejour",
  "title": "Tre R393 Type Contrat Sejour",
  "description": "Type de contrat conclu entre l’établissement/service et la personne/son représentant légal lors de son entrée en établissement",
  "version": "20250521120000",
  "url": "https://smt.esante.gouv.fr/fhir/CodeSystem/tre-r393-type-contrat-sejour",
  "concept": [
    {
      "code": "CS",
      "display": "Contrat de séjour",
      "definition": "Le contrat de séjour en établissement médico-social est un document essentiel définissant les engagements réciproques entre l'établissement et la personne accueillie. Obligatoire pour les séjours d'une durée prévisionnelle supérieure à deux mois, il précise les prestations, leur coût, et les conditions de séjour.",
      "property": [
        {
          "code": "dateValid",
          "valueDateTime": "2025-05-21T12:00:00+01:00"
        },
        {
          "code": "dateMaj",
          "valueDateTime": "2025-05-21T12:00:00+01:00"
        },
        {
          "code": "status",
          "valueCode": "active"
        }
      ]
    },
    {
      "code": "DIPC",
      "display": "Document Individuel de Prise en Charge",
      "definition": "Le DIPC, contrat unilatéral, a toutefois un contenu identique à celui du contrat de séjour. Un document individuel de prise en charge doit être conclu entre la personne accompagnée (ou son représentant légal) et l'établissement.",
      "property": [
        {
          "code": "dateValid",
          "valueDateTime": "2025-05-21T12:00:00+01:00"
        },
        {
          "code": "dateMaj",
          "valueDateTime": "2025-05-21T12:00:00+01:00"
        },
        {
          "code": "status",
          "valueCode": "active"
        }
      ]
    }
  ],
  "meta": {
    "versionId": "1",
    "lastUpdated": "2025-05-21T05:12:51.958+00:00",
    "profile": [
      "http://hl7.org/fhir/StructureDefinition/shareablecodesystem"
    ]
  },
  "extension": [
    {
      "url": "http://hl7.org/fhir/StructureDefinition/resource-effectivePeriod",
      "valuePeriod": {
        "start": "2025-04-22T12:00:00+01:00"
      }
    }
  ],
  "identifier": [
    {
      "system": "urn:ietf:rfc:3986",
      "value": "urn:oid:1.2.250.1.213.3.3.260"
    }
  ],
  "experimental": false,
  "date": "2025-05-21T12:00:00+01:00",
  "publisher": "Agence du Numérique en Santé (ANS) - 2-10 Rue d'Oradour-sur-Glane, 75015 Paris",
  "caseSensitive": false,
  "valueSet": "https://smt.esante.gouv.fr/fhir/CodeSystem/tre-r393-type-contrat-sejour?vs",
  "property": [
    {
      "code": "dateValid",
      "description": "date de validité d'un code concept",
      "type": "dateTime"
    },
    {
      "code": "dateMaj",
      "description": "Date de mise à jour d'un code concept",
      "type": "dateTime"
    },
    {
      "code": "dateFin",
      "description": "Date de fin d'exploitation d'un code concept",
      "type": "dateTime"
    },
    {
      "code": "status",
      "uri": "http://hl7.org/fhir/concept-properties#status",
      "description": "Statut d'un code concept",
      "type": "code"
    },
    {
      "code": "deprecationDate",
      "uri": "http://hl7.org/fhir/concept-properties#deprecationDate",
      "description": "Date de dépréciation du code",
      "type": "dateTime"
    },
    {
      "code": "retirementDate",
      "uri": "http://hl7.org/fhir/concept-properties#retirementDate",
      "description": "Date de retrait du code",
      "type": "dateTime"
    }
  ],
  "count": 2
}
