{
  "resourceType": "CodeSystem",
  "status": "active",
  "content": "complete",
  "name": "TRE_R213_ModePriseEnCharge",
  "id": "TRE-R213-ModePriseEnCharge",
  "description": "Mode de la prise en charge",
  "version": "20250828120000",
  "url": "https://mos.esante.gouv.fr/NOS/TRE_R213-ModePriseEnCharge/FHIR/TRE-R213-ModePriseEnCharge",
  "concept": [
    {
      "code": "01",
      "display": "Accueil Permanence des soins en établissement de santé",
      "designation": [
        {
          "language": "fr-FR",
          "use": {
            "system": "http://snomed.info/sct",
            "code": "900000000000013009"
          },
          "value": "Accueil PDSES"
        }
      ],
      "property": [
        {
          "code": "dateValid",
          "valueDateTime": "2015-05-04T00:00:00+01:00"
        },
        {
          "code": "dateMaj",
          "valueDateTime": "2015-05-04T00:00:00+01:00"
        },
        {
          "code": "status",
          "valueCode": "active"
        }
      ]
    },
    {
      "code": "02",
      "display": "Accueil spécialisé",
      "property": [
        {
          "code": "dateValid",
          "valueDateTime": "2015-05-04T00:00:00+01:00"
        },
        {
          "code": "dateMaj",
          "valueDateTime": "2015-05-04T00:00:00+01:00"
        },
        {
          "code": "status",
          "valueCode": "active"
        }
      ]
    },
    {
      "code": "03",
      "display": "Centre autre (médecine du travail,...)",
      "designation": [
        {
          "language": "fr-FR",
          "use": {
            "system": "http://snomed.info/sct",
            "code": "900000000000013009"
          },
          "value": "Centre autre (méd travail,...)"
        }
      ],
      "property": [
        {
          "code": "dateValid",
          "valueDateTime": "2015-05-04T00:00:00+01:00"
        },
        {
          "code": "dateFin",
          "valueDateTime": "2018-03-30T12:00:00+01:00"
        },
        {
          "code": "dateMaj",
          "valueDateTime": "2018-03-30T12:00:00+01:00"
        },
        {
          "code": "deprecationDate",
          "valueDateTime": "2018-03-30T12:00:00+01:00"
        },
        {
          "code": "status",
          "valueCode": "deprecated"
        }
      ]
    },
    {
      "code": "04",
      "display": "Centre d'analyse et-ou prélèvement",
      "designation": [
        {
          "language": "fr-FR",
          "use": {
            "system": "http://snomed.info/sct",
            "code": "900000000000013009"
          },
          "value": "Centre d'analyse, prélèvement"
        }
      ],
      "property": [
        {
          "code": "dateValid",
          "valueDateTime": "2015-05-04T00:00:00+01:00"
        },
        {
          "code": "dateFin",
          "valueDateTime": "2019-03-29T12:00:00+01:00"
        },
        {
          "code": "dateMaj",
          "valueDateTime": "2019-03-29T12:00:00+01:00"
        },
        {
          "code": "deprecationDate",
          "valueDateTime": "2019-03-29T12:00:00+01:00"
        },
        {
          "code": "status",
          "valueCode": "deprecated"
        }
      ]
    },
    {
      "code": "05",
      "display": "Centre de dépistage",
      "property": [
        {
          "code": "dateValid",
          "valueDateTime": "2015-05-04T00:00:00+01:00"
        },
        {
          "code": "dateFin",
          "valueDateTime": "2019-03-29T12:00:00+01:00"
        },
        {
          "code": "dateMaj",
          "valueDateTime": "2019-03-29T12:00:00+01:00"
        },
        {
          "code": "deprecationDate",
          "valueDateTime": "2019-03-29T12:00:00+01:00"
        },
        {
          "code": "status",
          "valueCode": "deprecated"
        }
      ]
    },
    {
      "code": "06",
      "display": "Centre de référence",
      "property": [
        {
          "code": "dateValid",
          "valueDateTime": "2015-05-04T00:00:00+01:00"
        },
        {
          "code": "dateFin",
          "valueDateTime": "2021-03-26T12:00:00+01:00"
        },
        {
          "code": "dateMaj",
          "valueDateTime": "2021-03-26T12:00:00+01:00"
        },
        {
          "code": "deprecationDate",
          "valueDateTime": "2021-03-26T12:00:00+01:00"
        },
        {
          "code": "status",
          "valueCode": "deprecated"
        }
      ]
    },
    {
      "code": "07",
      "display": "Centre de vaccination",
      "property": [
        {
          "code": "dateValid",
          "valueDateTime": "2015-05-04T00:00:00+01:00"
        },
        {
          "code": "dateFin",
          "valueDateTime": "2019-03-29T12:00:00+01:00"
        },
        {
          "code": "dateMaj",
          "valueDateTime": "2019-03-29T12:00:00+01:00"
        },
        {
          "code": "deprecationDate",
          "valueDateTime": "2019-03-29T12:00:00+01:00"
        },
        {
          "code": "status",
          "valueCode": "deprecated"
        }
      ]
    },
    {
      "code": "08",
      "display": "Centre de vaccination internationale",
      "designation": [
        {
          "language": "fr-FR",
          "use": {
            "system": "http://snomed.info/sct",
            "code": "900000000000013009"
          },
          "value": "Centre vaccinat internationale"
        }
      ],
      "property": [
        {
          "code": "dateValid",
          "valueDateTime": "2015-05-04T00:00:00+01:00"
        },
        {
          "code": "dateFin",
          "valueDateTime": "2019-03-29T12:00:00+01:00"
        },
        {
          "code": "dateMaj",
          "valueDateTime": "2019-03-29T12:00:00+01:00"
        },
        {
          "code": "deprecationDate",
          "valueDateTime": "2019-03-29T12:00:00+01:00"
        },
        {
          "code": "status",
          "valueCode": "deprecated"
        }
      ]
    },
    {
      "code": "09",
      "display": "Chirurgie ambulatoire",
      "definition": "L’unité hospitalise un patient pour une durée de moins de 12 heures dans le cadre d’une intervention chirurgicale.",
      "property": [
        {
          "code": "dateValid",
          "valueDateTime": "2015-05-04T00:00:00+01:00"
        },
        {
          "code": "dateMaj",
          "valueDateTime": "2025-08-28T00:00:00+01:00"
        },
        {
          "code": "status",
          "valueCode": "active"
        }
      ]
    },
    {
      "code": "10",
      "display": "Equipe de liaison et de soins",
      "property": [
        {
          "code": "dateValid",
          "valueDateTime": "2015-05-04T00:00:00+01:00"
        },
        {
          "code": "dateFin",
          "valueDateTime": "2018-01-26T12:00:00+01:00"
        },
        {
          "code": "dateMaj",
          "valueDateTime": "2018-01-26T12:00:00+01:00"
        },
        {
          "code": "deprecationDate",
          "valueDateTime": "2018-01-26T12:00:00+01:00"
        },
        {
          "code": "status",
          "valueCode": "deprecated"
        }
      ]
    },
    {
      "code": "11",
      "display": "Equipe mobile extra-hospitalière",
      "designation": [
        {
          "language": "fr-FR",
          "use": {
            "system": "http://snomed.info/sct",
            "code": "900000000000013009"
          },
          "value": "Equipe mobile extra-hosp"
        }
      ],
      "property": [
        {
          "code": "dateValid",
          "valueDateTime": "2015-05-04T00:00:00+01:00"
        },
        {
          "code": "dateMaj",
          "valueDateTime": "2018-10-26T12:00:00+01:00"
        },
        {
          "code": "status",
          "valueCode": "active"
        }
      ]
    },
    {
      "code": "12",
      "display": "Exploration fonctionnelle",
      "property": [
        {
          "code": "dateValid",
          "valueDateTime": "2015-05-04T00:00:00+01:00"
        },
        {
          "code": "dateFin",
          "valueDateTime": "2019-03-29T12:00:00+01:00"
        },
        {
          "code": "dateMaj",
          "valueDateTime": "2019-03-29T12:00:00+01:00"
        },
        {
          "code": "deprecationDate",
          "valueDateTime": "2019-03-29T12:00:00+01:00"
        },
        {
          "code": "status",
          "valueCode": "deprecated"
        }
      ]
    },
    {
      "code": "13",
      "display": "Hospitalisation courte durée (UHCD)",
      "designation": [
        {
          "language": "fr-FR",
          "use": {
            "system": "http://snomed.info/sct",
            "code": "900000000000013009"
          },
          "value": "Hosp courte durée (UHCD)"
        }
      ],
      "property": [
        {
          "code": "dateValid",
          "valueDateTime": "2015-05-04T00:00:00+01:00"
        },
        {
          "code": "dateMaj",
          "valueDateTime": "2015-05-04T00:00:00+01:00"
        },
        {
          "code": "status",
          "valueCode": "active"
        }
      ]
    },
    {
      "code": "14",
      "display": "Hospitalisation kangourou",
      "designation": [
        {
          "language": "fr-FR",
          "use": {
            "system": "http://snomed.info/sct",
            "code": "900000000000013009"
          },
          "value": "Hosp kangourou"
        }
      ],
      "property": [
        {
          "code": "dateValid",
          "valueDateTime": "2015-05-04T00:00:00+01:00"
        },
        {
          "code": "dateMaj",
          "valueDateTime": "2015-05-04T00:00:00+01:00"
        },
        {
          "code": "status",
          "valueCode": "active"
        }
      ]
    },
    {
      "code": "15",
      "display": "Hospitalisation très courte durée (ZHTCD et UHTCD)",
      "designation": [
        {
          "language": "fr-FR",
          "use": {
            "system": "http://snomed.info/sct",
            "code": "900000000000013009"
          },
          "value": "ZHTCD et UHTCD"
        }
      ],
      "property": [
        {
          "code": "dateValid",
          "valueDateTime": "2015-05-04T00:00:00+01:00"
        },
        {
          "code": "dateFin",
          "valueDateTime": "2018-10-26T12:00:00+01:00"
        },
        {
          "code": "dateMaj",
          "valueDateTime": "2018-10-26T12:00:00+01:00"
        },
        {
          "code": "deprecationDate",
          "valueDateTime": "2018-10-26T12:00:00+01:00"
        },
        {
          "code": "status",
          "valueCode": "deprecated"
        }
      ]
    },
    {
      "code": "16",
      "display": "Lieu d'écoute",
      "property": [
        {
          "code": "dateValid",
          "valueDateTime": "2015-05-04T00:00:00+01:00"
        },
        {
          "code": "dateFin",
          "valueDateTime": "2018-10-26T12:00:00+01:00"
        },
        {
          "code": "dateMaj",
          "valueDateTime": "2018-10-26T12:00:00+01:00"
        },
        {
          "code": "deprecationDate",
          "valueDateTime": "2018-10-26T12:00:00+01:00"
        },
        {
          "code": "status",
          "valueCode": "deprecated"
        }
      ]
    },
    {
      "code": "17",
      "display": "Précarité, permanence d'accès aux soins de santé (PASS)",
      "designation": [
        {
          "language": "fr-FR",
          "use": {
            "system": "http://snomed.info/sct",
            "code": "900000000000013009"
          },
          "value": "Précarité, PASS"
        }
      ],
      "property": [
        {
          "code": "dateValid",
          "valueDateTime": "2015-05-04T00:00:00+01:00"
        },
        {
          "code": "dateMaj",
          "valueDateTime": "2015-05-04T00:00:00+01:00"
        },
        {
          "code": "status",
          "valueCode": "active"
        }
      ]
    },
    {
      "code": "18",
      "display": "Régulation médicale hospitalière",
      "designation": [
        {
          "language": "fr-FR",
          "use": {
            "system": "http://snomed.info/sct",
            "code": "900000000000013009"
          },
          "value": "Régulation méd hospitalière"
        }
      ],
      "property": [
        {
          "code": "dateValid",
          "valueDateTime": "2015-05-04T00:00:00+01:00"
        },
        {
          "code": "dateFin",
          "valueDateTime": "2018-01-26T12:00:00+01:00"
        },
        {
          "code": "dateMaj",
          "valueDateTime": "2018-01-26T12:00:00+01:00"
        },
        {
          "code": "deprecationDate",
          "valueDateTime": "2018-01-26T12:00:00+01:00"
        },
        {
          "code": "status",
          "valueCode": "deprecated"
        }
      ]
    },
    {
      "code": "19",
      "display": "Régulation médicale libérale",
      "designation": [
        {
          "language": "fr-FR",
          "use": {
            "system": "http://snomed.info/sct",
            "code": "900000000000013009"
          },
          "value": "Régulation méd libérale"
        }
      ],
      "property": [
        {
          "code": "dateValid",
          "valueDateTime": "2015-05-04T00:00:00+01:00"
        },
        {
          "code": "dateFin",
          "valueDateTime": "2018-01-26T12:00:00+01:00"
        },
        {
          "code": "dateMaj",
          "valueDateTime": "2018-01-26T12:00:00+01:00"
        },
        {
          "code": "deprecationDate",
          "valueDateTime": "2018-01-26T12:00:00+01:00"
        },
        {
          "code": "status",
          "valueCode": "deprecated"
        }
      ]
    },
    {
      "code": "20",
      "display": "Soins externes et traitements ambulatoires",
      "designation": [
        {
          "language": "fr-FR",
          "use": {
            "system": "http://snomed.info/sct",
            "code": "900000000000013009"
          },
          "value": "Soins externes et ttt ambulat"
        }
      ],
      "property": [
        {
          "code": "dateValid",
          "valueDateTime": "2015-05-04T00:00:00+01:00"
        },
        {
          "code": "dateMaj",
          "valueDateTime": "2017-07-07T10:00:00+01:00"
        },
        {
          "code": "status",
          "valueCode": "active"
        }
      ]
    },
    {
      "code": "21",
      "display": "Surveillance post interventionnelle (réveil)",
      "designation": [
        {
          "language": "fr-FR",
          "use": {
            "system": "http://snomed.info/sct",
            "code": "900000000000013009"
          },
          "value": "Surveil post interventionnelle"
        }
      ],
      "property": [
        {
          "code": "dateValid",
          "valueDateTime": "2015-05-04T00:00:00+01:00"
        },
        {
          "code": "dateFin",
          "valueDateTime": "2019-03-29T12:00:00+01:00"
        },
        {
          "code": "dateMaj",
          "valueDateTime": "2019-03-29T12:00:00+01:00"
        },
        {
          "code": "deprecationDate",
          "valueDateTime": "2019-03-29T12:00:00+01:00"
        },
        {
          "code": "status",
          "valueCode": "deprecated"
        }
      ]
    },
    {
      "code": "22",
      "display": "Unité de soins intensifs (USI)",
      "designation": [
        {
          "language": "fr-FR",
          "use": {
            "system": "http://snomed.info/sct",
            "code": "900000000000013009"
          },
          "value": "USI"
        }
      ],
      "property": [
        {
          "code": "dateValid",
          "valueDateTime": "2015-05-04T00:00:00+01:00"
        },
        {
          "code": "dateFin",
          "valueDateTime": "2019-03-29T12:00:00+01:00"
        },
        {
          "code": "dateMaj",
          "valueDateTime": "2019-03-29T12:00:00+01:00"
        },
        {
          "code": "deprecationDate",
          "valueDateTime": "2019-03-29T12:00:00+01:00"
        },
        {
          "code": "status",
          "valueCode": "deprecated"
        }
      ]
    },
    {
      "code": "23",
      "display": "Unité de surveillance continue (USC)",
      "designation": [
        {
          "language": "fr-FR",
          "use": {
            "system": "http://snomed.info/sct",
            "code": "900000000000013009"
          },
          "value": "USC"
        }
      ],
      "property": [
        {
          "code": "dateValid",
          "valueDateTime": "2015-05-04T00:00:00+01:00"
        },
        {
          "code": "dateFin",
          "valueDateTime": "2019-03-29T12:00:00+01:00"
        },
        {
          "code": "dateMaj",
          "valueDateTime": "2019-03-29T12:00:00+01:00"
        },
        {
          "code": "deprecationDate",
          "valueDateTime": "2019-03-29T12:00:00+01:00"
        },
        {
          "code": "status",
          "valueCode": "deprecated"
        }
      ]
    },
    {
      "code": "24",
      "display": "Unité hospitalière sécurisée interrégionale (UHSI)",
      "designation": [
        {
          "language": "fr-FR",
          "use": {
            "system": "http://snomed.info/sct",
            "code": "900000000000013009"
          },
          "value": "UHSI"
        }
      ],
      "property": [
        {
          "code": "dateValid",
          "valueDateTime": "2015-05-04T00:00:00+01:00"
        },
        {
          "code": "dateFin",
          "valueDateTime": "2018-10-26T12:00:00+01:00"
        },
        {
          "code": "dateMaj",
          "valueDateTime": "2018-10-26T12:00:00+01:00"
        },
        {
          "code": "deprecationDate",
          "valueDateTime": "2018-10-26T12:00:00+01:00"
        },
        {
          "code": "status",
          "valueCode": "deprecated"
        }
      ]
    },
    {
      "code": "25",
      "display": "Unité sanitaire (ex UCSA)",
      "property": [
        {
          "code": "dateValid",
          "valueDateTime": "2015-05-04T00:00:00+01:00"
        },
        {
          "code": "dateFin",
          "valueDateTime": "2018-10-26T12:00:00+01:00"
        },
        {
          "code": "dateMaj",
          "valueDateTime": "2018-10-26T12:00:00+01:00"
        },
        {
          "code": "deprecationDate",
          "valueDateTime": "2018-10-26T12:00:00+01:00"
        },
        {
          "code": "status",
          "valueCode": "deprecated"
        }
      ]
    },
    {
      "code": "26",
      "display": "Téléconsultation",
      "property": [
        {
          "code": "dateValid",
          "valueDateTime": "2015-05-04T00:00:00+01:00"
        },
        {
          "code": "dateFin",
          "valueDateTime": "2021-03-26T12:00:00+01:00"
        },
        {
          "code": "dateMaj",
          "valueDateTime": "2021-03-26T12:00:00+01:00"
        },
        {
          "code": "deprecationDate",
          "valueDateTime": "2021-03-26T12:00:00+01:00"
        },
        {
          "code": "status",
          "valueCode": "deprecated"
        }
      ]
    },
    {
      "code": "27",
      "display": "Télémédecine",
      "property": [
        {
          "code": "dateValid",
          "valueDateTime": "2015-05-04T00:00:00+01:00"
        },
        {
          "code": "dateMaj",
          "valueDateTime": "2015-05-04T00:00:00+01:00"
        },
        {
          "code": "status",
          "valueCode": "active"
        }
      ]
    },
    {
      "code": "28",
      "display": "Hospitalisation complète (HC)",
      "designation": [
        {
          "language": "fr-FR",
          "use": {
            "system": "http://snomed.info/sct",
            "code": "900000000000013009"
          },
          "value": "HC"
        }
      ],
      "property": [
        {
          "code": "dateValid",
          "valueDateTime": "2016-09-01T00:00:00+01:00"
        },
        {
          "code": "dateMaj",
          "valueDateTime": "2019-03-29T12:00:00+01:00"
        },
        {
          "code": "status",
          "valueCode": "active"
        }
      ]
    },
    {
      "code": "29",
      "display": "Hospitalisation de jour (HJ)",
      "designation": [
        {
          "language": "fr-FR",
          "use": {
            "system": "http://snomed.info/sct",
            "code": "900000000000013009"
          },
          "value": "HJ"
        }
      ],
      "property": [
        {
          "code": "dateValid",
          "valueDateTime": "2016-09-01T00:00:00+01:00"
        },
        {
          "code": "dateMaj",
          "valueDateTime": "2019-03-29T12:00:00+01:00"
        },
        {
          "code": "status",
          "valueCode": "active"
        }
      ]
    },
    {
      "code": "30",
      "display": "Hospitalisation de nuit (HN)",
      "designation": [
        {
          "language": "fr-FR",
          "use": {
            "system": "http://snomed.info/sct",
            "code": "900000000000013009"
          },
          "value": "HN"
        }
      ],
      "property": [
        {
          "code": "dateValid",
          "valueDateTime": "2016-09-01T00:00:00+01:00"
        },
        {
          "code": "dateMaj",
          "valueDateTime": "2019-03-29T12:00:00+01:00"
        },
        {
          "code": "status",
          "valueCode": "active"
        }
      ]
    },
    {
      "code": "31",
      "display": "Hospitalisation à domicile (HAD)",
      "designation": [
        {
          "language": "fr-FR",
          "use": {
            "system": "http://snomed.info/sct",
            "code": "900000000000013009"
          },
          "value": "HAD"
        }
      ],
      "property": [
        {
          "code": "dateValid",
          "valueDateTime": "2016-09-01T00:00:00+01:00"
        },
        {
          "code": "dateMaj",
          "valueDateTime": "2016-09-01T00:00:00+01:00"
        },
        {
          "code": "status",
          "valueCode": "active"
        }
      ]
    },
    {
      "code": "32",
      "display": "Consultation (CS) ou Séance",
      "definition": "Rencontre entre un patient non hospitalisé et un praticien qui permet d’initier ou de faire le suivi d’une prise en charge",
      "property": [
        {
          "code": "dateValid",
          "valueDateTime": "2016-09-01T00:00:00+01:00"
        },
        {
          "code": "dateMaj",
          "valueDateTime": "2025-08-28T12:00:00+01:00"
        },
        {
          "code": "status",
          "valueCode": "active"
        }
      ]
    },
    {
      "code": "33",
      "display": "Accueil des urgences",
      "property": [
        {
          "code": "dateValid",
          "valueDateTime": "2016-09-01T00:00:00+01:00"
        },
        {
          "code": "dateMaj",
          "valueDateTime": "2016-09-01T00:00:00+01:00"
        },
        {
          "code": "status",
          "valueCode": "active"
        }
      ]
    },
    {
      "code": "34",
      "display": "Hospitalisation de semaine (HS)",
      "designation": [
        {
          "language": "fr-FR",
          "use": {
            "system": "http://snomed.info/sct",
            "code": "900000000000013009"
          },
          "value": "HS"
        }
      ],
      "property": [
        {
          "code": "dateValid",
          "valueDateTime": "2016-09-01T00:00:00+01:00"
        },
        {
          "code": "dateMaj",
          "valueDateTime": "2019-03-29T12:00:00+01:00"
        },
        {
          "code": "status",
          "valueCode": "active"
        }
      ]
    },
    {
      "code": "35",
      "display": "Téléexpertise",
      "property": [
        {
          "code": "dateValid",
          "valueDateTime": "2016-11-02T00:00:00+01:00"
        },
        {
          "code": "dateMaj",
          "valueDateTime": "2016-11-02T00:00:00+01:00"
        },
        {
          "code": "status",
          "valueCode": "active"
        }
      ]
    },
    {
      "code": "36",
      "display": "Téléassistance",
      "property": [
        {
          "code": "dateValid",
          "valueDateTime": "2016-11-02T00:00:00+01:00"
        },
        {
          "code": "dateMaj",
          "valueDateTime": "2016-11-02T00:00:00+01:00"
        },
        {
          "code": "status",
          "valueCode": "active"
        }
      ]
    },
    {
      "code": "37",
      "display": "Télésurveillance médicale",
      "property": [
        {
          "code": "dateValid",
          "valueDateTime": "2016-11-02T00:00:00+01:00"
        },
        {
          "code": "dateMaj",
          "valueDateTime": "2016-11-02T00:00:00+01:00"
        },
        {
          "code": "status",
          "valueCode": "active"
        }
      ]
    },
    {
      "code": "38",
      "display": "Isolement de secteur (unité de cohorting)",
      "designation": [
        {
          "language": "fr-FR",
          "use": {
            "system": "http://snomed.info/sct",
            "code": "900000000000013009"
          },
          "value": "Isolement de secteur"
        }
      ],
      "property": [
        {
          "code": "dateValid",
          "valueDateTime": "2017-03-22T12:00:00+01:00"
        },
        {
          "code": "dateMaj",
          "valueDateTime": "2017-03-22T12:00:00+01:00"
        },
        {
          "code": "status",
          "valueCode": "active"
        }
      ]
    },
    {
      "code": "39",
      "display": "Réunion de Concertation Pluridisciplinaire (RCP)",
      "designation": [
        {
          "language": "fr-FR",
          "use": {
            "system": "http://snomed.info/sct",
            "code": "900000000000013009"
          },
          "value": "RCP"
        }
      ],
      "property": [
        {
          "code": "dateValid",
          "valueDateTime": "2017-03-22T12:00:00+01:00"
        },
        {
          "code": "dateMaj",
          "valueDateTime": "2017-03-22T12:00:00+01:00"
        },
        {
          "code": "status",
          "valueCode": "active"
        }
      ]
    },
    {
      "code": "40",
      "display": "Réunion de Concertation Pluridisciplinaire (RCP) de recours",
      "designation": [
        {
          "language": "fr-FR",
          "use": {
            "system": "http://snomed.info/sct",
            "code": "900000000000013009"
          },
          "value": "RCP recours"
        }
      ],
      "property": [
        {
          "code": "dateValid",
          "valueDateTime": "2017-03-22T12:00:00+01:00"
        },
        {
          "code": "dateMaj",
          "valueDateTime": "2017-03-22T12:00:00+01:00"
        },
        {
          "code": "status",
          "valueCode": "active"
        }
      ]
    },
    {
      "code": "41",
      "display": "Accueil familial thérapeutique",
      "property": [
        {
          "code": "dateValid",
          "valueDateTime": "2017-07-07T10:00:00+01:00"
        },
        {
          "code": "dateMaj",
          "valueDateTime": "2017-07-07T10:00:00+01:00"
        },
        {
          "code": "status",
          "valueCode": "active"
        }
      ]
    },
    {
      "code": "42",
      "display": "Prise en charge de groupe",
      "property": [
        {
          "code": "dateValid",
          "valueDateTime": "2017-07-07T10:00:00+01:00"
        },
        {
          "code": "dateMaj",
          "valueDateTime": "2017-07-07T10:00:00+01:00"
        },
        {
          "code": "status",
          "valueCode": "active"
        }
      ]
    },
    {
      "code": "43",
      "display": "Equipe de liaison et de soins",
      "property": [
        {
          "code": "dateValid",
          "valueDateTime": "2017-07-07T10:00:00+01:00"
        },
        {
          "code": "dateFin",
          "valueDateTime": "2018-01-26T12:00:00+01:00"
        },
        {
          "code": "dateMaj",
          "valueDateTime": "2018-01-26T12:00:00+01:00"
        },
        {
          "code": "deprecationDate",
          "valueDateTime": "2018-01-26T12:00:00+01:00"
        },
        {
          "code": "status",
          "valueCode": "deprecated"
        }
      ]
    },
    {
      "code": "44",
      "display": "Equipe mobile intra-hospitalière",
      "designation": [
        {
          "language": "fr-FR",
          "use": {
            "system": "http://snomed.info/sct",
            "code": "900000000000013009"
          },
          "value": "Equipe mobile intra-hosp"
        }
      ],
      "property": [
        {
          "code": "dateValid",
          "valueDateTime": "2017-07-07T10:00:00+01:00"
        },
        {
          "code": "dateFin",
          "valueDateTime": "2018-01-26T12:00:00+01:00"
        },
        {
          "code": "dateMaj",
          "valueDateTime": "2018-01-26T12:00:00+01:00"
        },
        {
          "code": "deprecationDate",
          "valueDateTime": "2018-01-26T12:00:00+01:00"
        },
        {
          "code": "status",
          "valueCode": "deprecated"
        }
      ]
    },
    {
      "code": "45",
      "display": "Equipe mobile extra-hospitalière",
      "designation": [
        {
          "language": "fr-FR",
          "use": {
            "system": "http://snomed.info/sct",
            "code": "900000000000013009"
          },
          "value": "Equipe mobile extra-hosp"
        }
      ],
      "property": [
        {
          "code": "dateValid",
          "valueDateTime": "2017-07-07T10:00:00+01:00"
        },
        {
          "code": "dateFin",
          "valueDateTime": "2018-01-26T12:00:00+01:00"
        },
        {
          "code": "dateMaj",
          "valueDateTime": "2018-01-26T12:00:00+01:00"
        },
        {
          "code": "deprecationDate",
          "valueDateTime": "2018-01-26T12:00:00+01:00"
        },
        {
          "code": "status",
          "valueCode": "deprecated"
        }
      ]
    },
    {
      "code": "46",
      "display": "Hébergement (accueil jour et nuit)",
      "definition": "L'hébergement est un mode de prise en charge permettant aux personnes d'y être accueillies et accompagnées le jour et la nuit. Cet accueil peut inclure une offre de restauration, décrite dans le ROR par une activité opérationnelle, et prendre en charge une offre de transport, l'autonomie et les soins.",
      "designation": [
        {
          "language": "fr-FR",
          "use": {
            "system": "http://snomed.info/sct",
            "code": "900000000000013009"
          },
          "value": "Hébergement"
        }
      ],
      "property": [
        {
          "code": "dateValid",
          "valueDateTime": "2018-01-26T12:00:00+01:00"
        },
        {
          "code": "dateMaj",
          "valueDateTime": "2021-06-25T12:00:00+01:00"
        },
        {
          "code": "status",
          "valueCode": "active"
        }
      ]
    },
    {
      "code": "47",
      "display": "Accueil de jour",
      "definition": "L'accueil de jour est un mode de prise en charge permettant à des personnes vivant à domicile d'être accueillies et accompagnées en journée sur une courte période (d'une demi-journée à plusieurs jours par semaine). Cet accueil peut inclure une offre de restauration, décrite dans le ROR par une activité opérationnelle, et prendre en charge une offre de transport, l'autonomie et les soins.",
      "property": [
        {
          "code": "dateValid",
          "valueDateTime": "2018-01-26T12:00:00+01:00"
        },
        {
          "code": "dateMaj",
          "valueDateTime": "2021-06-25T12:00:00+01:00"
        },
        {
          "code": "status",
          "valueCode": "active"
        }
      ]
    },
    {
      "code": "48",
      "display": "Accueil de nuit",
      "definition": "L'accueil de nuit est un mode de prise en charge permettant aux personnes d'y être accueillies et accompagnées la nuit. Cet accueil peut inclure une offre de restauration, décrite dans le ROR par une activité opérationnelle, et prendre en charge une offre de transport, l'autonomie et les soins.",
      "property": [
        {
          "code": "dateValid",
          "valueDateTime": "2018-01-26T12:00:00+01:00"
        },
        {
          "code": "dateMaj",
          "valueDateTime": "2021-06-25T12:00:00+01:00"
        },
        {
          "code": "status",
          "valueCode": "active"
        }
      ]
    },
    {
      "code": "49",
      "display": "Sur les lieux de vie",
      "property": [
        {
          "code": "dateValid",
          "valueDateTime": "2018-01-26T12:00:00+01:00"
        },
        {
          "code": "dateMaj",
          "valueDateTime": "2018-01-26T12:00:00+01:00"
        },
        {
          "code": "status",
          "valueCode": "active"
        }
      ]
    },
    {
      "code": "50",
      "display": "Placement famille d'accueil",
      "definition": "Le placement en famille d'accueil est un dispositif permettant à un enfant, une personne âgée et/ou handicapée d'être accueillie au domicile d'un accueillant familial agréé et rémunéré pour cette prestation.",
      "property": [
        {
          "code": "dateValid",
          "valueDateTime": "2018-01-26T12:00:00+01:00"
        },
        {
          "code": "dateMaj",
          "valueDateTime": "2023-01-27T12:00:00+01:00"
        },
        {
          "code": "status",
          "valueCode": "active"
        }
      ]
    },
    {
      "code": "51",
      "display": "Relayage (type baluchonnage)",
      "property": [
        {
          "code": "dateValid",
          "valueDateTime": "2018-01-26T12:00:00+01:00"
        },
        {
          "code": "dateFin",
          "valueDateTime": "2019-03-29T12:00:00+01:00"
        },
        {
          "code": "dateMaj",
          "valueDateTime": "2019-03-29T12:00:00+01:00"
        },
        {
          "code": "deprecationDate",
          "valueDateTime": "2019-03-29T12:00:00+01:00"
        },
        {
          "code": "status",
          "valueCode": "deprecated"
        }
      ]
    },
    {
      "code": "52",
      "display": "Equipe mobile intra-hospitalière",
      "designation": [
        {
          "language": "fr-FR",
          "use": {
            "system": "http://snomed.info/sct",
            "code": "900000000000013009"
          },
          "value": "Equipe mobile intra-hosp"
        }
      ],
      "property": [
        {
          "code": "dateValid",
          "valueDateTime": "2018-02-28T12:00:00+01:00"
        },
        {
          "code": "dateMaj",
          "valueDateTime": "2018-10-26T12:00:00+01:00"
        },
        {
          "code": "status",
          "valueCode": "active"
        }
      ]
    },
    {
      "code": "53",
      "display": "Equipe mobile extra et intra-hospitalière",
      "designation": [
        {
          "language": "fr-FR",
          "use": {
            "system": "http://snomed.info/sct",
            "code": "900000000000013009"
          },
          "value": "Equipe mob extra et intra-hosp"
        }
      ],
      "property": [
        {
          "code": "dateValid",
          "valueDateTime": "2018-02-28T12:00:00+01:00"
        },
        {
          "code": "dateMaj",
          "valueDateTime": "2018-10-26T12:00:00+01:00"
        },
        {
          "code": "status",
          "valueCode": "active"
        }
      ]
    },
    {
      "code": "54",
      "display": "Accueil individuel ou collectif",
      "designation": [
        {
          "language": "fr-FR",
          "use": {
            "code": "900000000000013009",
            "system": "http://snomed.info/sct"
          },
          "value": "Accueil individuel/collectif"
        }
      ],
      "property": [
        {
          "code": "dateValid",
          "valueDateTime": "2018-05-31T12:00:00+01:00"
        },
        {
          "code": "dateMaj",
          "valueDateTime": "2018-05-31T12:00:00+01:00"
        },
        {
          "code": "status",
          "valueCode": "active"
        }
      ]
    },
    {
      "code": "55",
      "display": "Plateau technique",
      "property": [
        {
          "code": "dateValid",
          "valueDateTime": "2018-07-27T12:00:00+01:00"
        },
        {
          "code": "dateMaj",
          "valueDateTime": "2018-07-27T12:00:00+01:00"
        },
        {
          "code": "status",
          "valueCode": "active"
        }
      ]
    },
    {
      "code": "56",
      "display": "Accueil non programmé",
      "property": [
        {
          "code": "dateValid",
          "valueDateTime": "2019-03-29T12:00:00+01:00"
        },
        {
          "code": "dateMaj",
          "valueDateTime": "2019-03-29T12:00:00+01:00"
        },
        {
          "code": "status",
          "valueCode": "active"
        }
      ]
    },
    {
      "code": "57",
      "display": "Centre spécialisé",
      "property": [
        {
          "code": "dateValid",
          "valueDateTime": "2019-03-29T12:00:00+01:00"
        },
        {
          "code": "dateMaj",
          "valueDateTime": "2019-03-29T12:00:00+01:00"
        },
        {
          "code": "status",
          "valueCode": "active"
        }
      ]
    },
    {
      "code": "58",
      "display": "Coordination de parcours",
      "definition": "La coordination de parcours est un mode de prise en charge correspondant à l'appui à l'organisation des parcours complexes ou des parcours spécifiques à certaines pathologies.  Elle a pour objectif d'améliorer la fluidité des échanges entre les différents acteurs.",
      "property": [
        {
          "code": "dateValid",
          "valueDateTime": "2021-03-26T12:00:00+01:00"
        },
        {
          "code": "dateMaj",
          "valueDateTime": "2021-06-25T12:00:00+01:00"
        },
        {
          "code": "status",
          "valueCode": "active"
        }
      ]
    },
    {
      "code": "59",
      "display": "Equipe d'intervention mobile",
      "property": [
        {
          "code": "dateValid",
          "valueDateTime": "2021-03-26T12:00:00+01:00"
        },
        {
          "code": "dateMaj",
          "valueDateTime": "2021-03-26T12:00:00+01:00"
        },
        {
          "code": "status",
          "valueCode": "active"
        }
      ]
    }
  ],
  "meta": {
    "versionId": "6",
    "lastUpdated": "2025-07-02T18:16:05.702+00:00",
    "profile": [
      "http://hl7.org/fhir/StructureDefinition/shareablecodesystem"
    ]
  },
  "extension": [
    {
      "url": "http://hl7.org/fhir/StructureDefinition/resource-effectivePeriod",
      "valuePeriod": {
        "start": "2015-04-08T00:00:00+01:00"
      }
    }
  ],
  "identifier": [
    {
      "system": "urn:ietf:rfc:3986",
      "value": "urn:oid:1.2.250.1.213.3.3.13"
    }
  ],
  "experimental": false,
  "date": "2025-08-28T12:00:00+01:00",
  "publisher": "Agence du Numérique en Santé (ANS) - 2-10 Rue d'Oradour-sur-Glane, 75015 Paris",
  "jurisdiction": [
    {
      "coding": [
        {
          "code": "FR",
          "system": "urn:iso:std:iso:3166"
        }
      ]
    }
  ],
  "caseSensitive": false,
  "property": [
    {
      "code": "dateValid",
      "description": "date de validité d'un code concept",
      "type": "dateTime"
    },
    {
      "code": "dateMaj",
      "description": "Date de mise à jour d'un code concept",
      "type": "dateTime"
    },
    {
      "code": "dateFin",
      "description": "Date de fin d'exploitation d'un code concept",
      "type": "dateTime"
    },
    {
      "code": "deprecationDate",
      "uri": "http://hl7.org/fhir/concept-properties#deprecationDate",
      "description": "Date Concept was deprecated",
      "type": "dateTime"
    },
    {
      "code": "status",
      "uri": "http://hl7.org/fhir/concept-properties#status",
      "description": "A property that indicates the status of the concept.",
      "type": "code"
    },
    {
      "code": "retirementDate",
      "uri": "http://hl7.org/fhir/concept-properties#retirementDate",
      "description": "Date Concept was retired",
      "type": "dateTime"
    }
  ],
  "count": 59
}
