{
  "resourceType": "CodeSystem",
  "status": "active",
  "content": "complete",
  "name": "TRE_R368_StatutRessource",
  "id": "TRE-R368-StatutRessource",
  "description": "Caractérise le statut d'une ressource du médico-social au cours de son cycle de vie",
  "version": "20250919120000",
  "url": "https://mos.esante.gouv.fr/NOS/TRE_R368-StatutRessource/FHIR/TRE-R368-StatutRessource",
  "concept": [
    {
      "code": "TERMINE",
      "display": "Terminé",
      "definition": "La ressource est totalement finie. Resource achevée. Ce statut s'adresse à la ressource Evaluation de l'individu.  Ce statut s'applique également au projet personnalisé ainsi qu'à ses ressources Action et Objectif.",
      "property": [
        {
          "code": "dateValid",
          "valueDateTime": "2024-09-27T12:00:00+01:00"
        },
        {
          "code": "dateMaj",
          "valueDateTime": "2025-09-19T12:00:00+01:00"
        },
        {
          "code": "status",
          "valueCode": "active"
        }
      ]
    },
    {
      "code": "VALIDE",
      "display": "Validé",
      "definition": "Ressource approuvée officiellement par une personne ou un organisme. Ce statut s'adresse aux ressources Evaluation de l'individu et Evenements liés à la prise en charge de l'individu dans une structure ESSMS.",
      "property": [
        {
          "code": "dateValid",
          "valueDateTime": "2024-09-27T12:00:00+01:00"
        },
        {
          "code": "dateMaj",
          "valueDateTime": "2025-09-19T12:00:00+01:00"
        },
        {
          "code": "status",
          "valueCode": "active"
        }
      ]
    },
    {
      "code": "APPROUVE",
      "display": "Approuvé",
      "definition": "Le professionnel considère la ressource comme correcte. Ce statut s'adresse à la ressource Evaluation de l'individu.",
      "property": [
        {
          "code": "dateValid",
          "valueDateTime": "2024-09-27T12:00:00+01:00"
        },
        {
          "code": "dateMaj",
          "valueDateTime": "2025-09-19T12:00:00+01:00"
        },
        {
          "code": "status",
          "valueCode": "active"
        }
      ]
    },
    {
      "code": "PLANIFIE",
      "display": "Planifié",
      "definition": "Ressource organisée à l’avance pour une activité. Ce statut s'adresse à la ressource Evenements liés à la prise en charge de l'individu dans une structure ESSMS.",
      "property": [
        {
          "code": "dateValid",
          "valueDateTime": "2024-09-27T12:00:00+01:00"
        },
        {
          "code": "dateMaj",
          "valueDateTime": "2025-09-19T12:00:00+01:00"
        },
        {
          "code": "status",
          "valueCode": "active"
        }
      ]
    },
    {
      "code": "REALISE",
      "display": "Réalisé",
      "definition": "Ressource totalement effectuée. Ce statut s'adresse à la ressource Evenements liés à la prise en charge de l'individu dans une structure ESSMS.",
      "property": [
        {
          "code": "dateValid",
          "valueDateTime": "2024-09-27T12:00:00+01:00"
        },
        {
          "code": "dateMaj",
          "valueDateTime": "2025-09-19T12:00:00+01:00"
        },
        {
          "code": "status",
          "valueCode": "active"
        }
      ]
    },
    {
      "code": "ANNULE",
      "display": "Annulé",
      "definition": "La ressource n’est plus effective mais le statut est gardé pour historique. Ce statut s'adresse à la ressource Evenements liés à la prise en charge de l'individu dans une structure ESSMS.",
      "property": [
        {
          "code": "dateValid",
          "valueDateTime": "2024-09-27T12:00:00+01:00"
        },
        {
          "code": "dateMaj",
          "valueDateTime": "2025-09-19T12:00:00+01:00"
        },
        {
          "code": "status",
          "valueCode": "active"
        }
      ]
    },
    {
      "code": "ACTIF",
      "display": "Actif",
      "definition": "Ressource vivante. Ce statut s'adresse aux ressources du projet personnalisé Action et Objectif.",
      "property": [
        {
          "code": "dateValid",
          "valueDateTime": "2025-04-25T12:00:00+01:00"
        },
        {
          "code": "dateMaj",
          "valueDateTime": "2025-04-25T12:00:00+01:00"
        },
        {
          "code": "status",
          "valueCode": "active"
        }
      ]
    },
    {
      "code": "NONDEBUTE",
      "display": "Non débuté",
      "definition": "Ressource qui n'a pas commencée. Ce statut s'adresse projet personnalisé.",
      "property": [
        {
          "code": "dateValid",
          "valueDateTime": "2025-04-25T12:00:00+01:00"
        },
        {
          "code": "dateMaj",
          "valueDateTime": "2025-04-25T12:00:00+01:00"
        },
        {
          "code": "status",
          "valueCode": "active"
        }
      ]
    },
    {
      "code": "ENPREPARATION",
      "display": "En préparation",
      "definition": "Ressource qui est en train d'être faite, conçue, élaborée. Ce statut s'adresse au projet personnalisé.",
      "property": [
        {
          "code": "dateValid",
          "valueDateTime": "2025-04-25T12:00:00+01:00"
        },
        {
          "code": "dateMaj",
          "valueDateTime": "2025-04-25T12:00:00+01:00"
        },
        {
          "code": "status",
          "valueCode": "active"
        }
      ]
    },
    {
      "code": "ENREALISATION",
      "display": "En réalisation",
      "definition": "Ressource qui est en cours d'élaboration. Ce statut s'adresse au projet personnalisé",
      "property": [
        {
          "code": "dateValid",
          "valueDateTime": "2025-04-25T12:00:00+01:00"
        },
        {
          "code": "dateMaj",
          "valueDateTime": "2025-04-25T12:00:00+01:00"
        },
        {
          "code": "status",
          "valueCode": "active"
        }
      ]
    },
    {
      "code": "CREATION",
      "display": "Création",
      "definition": "Etat de la ressource après la préparation. Ce statut s'adresse au projet personnalisé",
      "property": [
        {
          "code": "dateValid",
          "valueDateTime": "2025-04-25T12:00:00+01:00"
        },
        {
          "code": "dateMaj",
          "valueDateTime": "2025-04-25T12:00:00+01:00"
        },
        {
          "code": "status",
          "valueCode": "active"
        }
      ]
    }
  ],
  "meta": {
    "versionId": "3",
    "lastUpdated": "2025-07-02T18:17:58.996+00:00",
    "profile": [
      "http://hl7.org/fhir/StructureDefinition/shareablecodesystem"
    ]
  },
  "extension": [
    {
      "url": "http://hl7.org/fhir/StructureDefinition/resource-effectivePeriod",
      "valuePeriod": {
        "start": "2024-09-27T12:00:00+01:00"
      }
    }
  ],
  "identifier": [
    {
      "system": "urn:ietf:rfc:3986",
      "value": "urn:oid:1.2.250.1.213.3.3.250"
    }
  ],
  "experimental": false,
  "date": "2025-09-19T12:00:00+01:00",
  "publisher": "Agence du Numérique en Santé (ANS) - 2-10 Rue d'Oradour-sur-Glane, 75015 Paris",
  "jurisdiction": [
    {
      "coding": [
        {
          "code": "FR",
          "system": "urn:iso:std:iso:3166"
        }
      ]
    }
  ],
  "caseSensitive": false,
  "property": [
    {
      "code": "dateValid",
      "description": "date de validité d'un code concept",
      "type": "dateTime"
    },
    {
      "code": "dateMaj",
      "description": "Date de mise à jour d'un code concept",
      "type": "dateTime"
    },
    {
      "code": "dateFin",
      "description": "Date de fin d'exploitation d'un code concept",
      "type": "dateTime"
    },
    {
      "code": "deprecationDate",
      "uri": "http://hl7.org/fhir/concept-properties#deprecationDate",
      "description": "Date Concept was deprecated",
      "type": "dateTime"
    },
    {
      "code": "status",
      "uri": "http://hl7.org/fhir/concept-properties#status",
      "description": "A property that indicates the status of the concept.",
      "type": "code"
    },
    {
      "code": "retirementDate",
      "uri": "http://hl7.org/fhir/concept-properties#retirementDate",
      "description": "Date Concept was retired",
      "type": "dateTime"
    }
  ],
  "count": 11
}
