{
  "resourceType": "CodeSystem",
  "status": "active",
  "content": "complete",
  "name": "TRE_R338_ModaliteAccueil",
  "id": "TRE-R338-ModaliteAccueil",
  "description": "Modalités d'accueil",
  "version": "20250828120000",
  "url": "https://mos.esante.gouv.fr/NOS/TRE_R338-ModaliteAccueil/FHIR/TRE-R338-ModaliteAccueil",
  "concept": [
    {
      "code": "01",
      "display": "Accueil séquentiel accepté",
      "property": [
        {
          "code": "dateValid",
          "valueDateTime": "2022-09-30T12:00:00+01:00"
        },
        {
          "code": "dateMaj",
          "valueDateTime": "2022-09-30T12:00:00+01:00"
        },
        {
          "code": "status",
          "valueCode": "active"
        }
      ]
    },
    {
      "code": "02",
      "display": "Prise en charge directe SMUR",
      "property": [
        {
          "code": "dateValid",
          "valueDateTime": "2022-09-30T12:00:00+01:00"
        },
        {
          "code": "dateMaj",
          "valueDateTime": "2022-09-30T12:00:00+01:00"
        },
        {
          "code": "status",
          "valueCode": "active"
        }
      ]
    },
    {
      "code": "03",
      "display": "En présentiel",
      "property": [
        {
          "code": "dateValid",
          "valueDateTime": "2022-09-30T12:00:00+01:00"
        },
        {
          "code": "dateMaj",
          "valueDateTime": "2025-08-28T12:00:00+01:00"
        },
        {
          "code": "status",
          "valueCode": "active"
        }
      ]
    },
    {
      "code": "04",
      "display": "Téléconsultation",
      "property": [
        {
          "code": "dateValid",
          "valueDateTime": "2022-09-30T12:00:00+01:00"
        },
        {
          "code": "dateMaj",
          "valueDateTime": "2022-09-30T12:00:00+01:00"
        },
        {
          "code": "status",
          "valueCode": "active"
        }
      ]
    },
    {
      "code": "05",
      "display": "Visite à domicile",
      "property": [
        {
          "code": "dateValid",
          "valueDateTime": "2022-09-30T12:00:00+01:00"
        },
        {
          "code": "dateMaj",
          "valueDateTime": "2022-09-30T12:00:00+01:00"
        },
        {
          "code": "status",
          "valueCode": "active"
        }
      ]
    },
    {
      "code": "06",
      "display": "Prise en charge sans rendez-vous",
      "designation": [
        {
          "language": "fr-FR",
          "use": {
            "system": "http://snomed.info/sct",
            "code": "900000000000013009"
          },
          "value": "Prise en charge sans RDV"
        }
      ],
      "property": [
        {
          "code": "dateValid",
          "valueDateTime": "2022-09-30T12:00:00+01:00"
        },
        {
          "code": "dateMaj",
          "valueDateTime": "2022-09-30T12:00:00+01:00"
        },
        {
          "code": "status",
          "valueCode": "active"
        }
      ]
    },
    {
      "code": "07",
      "display": "Accueil anonyme",
      "property": [
        {
          "code": "dateValid",
          "valueDateTime": "2022-09-30T12:00:00+01:00"
        },
        {
          "code": "dateMaj",
          "valueDateTime": "2022-09-30T12:00:00+01:00"
        },
        {
          "code": "status",
          "valueCode": "active"
        }
      ]
    },
    {
      "code": "08",
      "display": "Accueil réservé aux femmes",
      "property": [
        {
          "code": "dateValid",
          "valueDateTime": "2022-09-30T12:00:00+01:00"
        },
        {
          "code": "dateMaj",
          "valueDateTime": "2022-09-30T12:00:00+01:00"
        },
        {
          "code": "status",
          "valueCode": "active"
        }
      ]
    },
    {
      "code": "09",
      "display": "Participation aux gardes/astreintes",
      "designation": [
        {
          "language": "fr-FR",
          "use": {
            "system": "http://snomed.info/sct",
            "code": "900000000000013009"
          },
          "value": "gardes/astreintes"
        }
      ],
      "property": [
        {
          "code": "dateValid",
          "valueDateTime": "2022-09-30T12:00:00+01:00"
        },
        {
          "code": "dateMaj",
          "valueDateTime": "2022-09-30T12:00:00+01:00"
        },
        {
          "code": "status",
          "valueCode": "active"
        }
      ]
    },
    {
      "code": "10",
      "display": "Téléexpertise en moins de 24h",
      "designation": [
        {
          "language": "fr-FR",
          "use": {
            "system": "http://snomed.info/sct",
            "code": "900000000000013009"
          },
          "value": "Téléexpertise - de 24h"
        }
      ],
      "property": [
        {
          "code": "dateValid",
          "valueDateTime": "2023-02-17T12:00:00+01:00"
        },
        {
          "code": "dateMaj",
          "valueDateTime": "2023-02-17T12:00:00+01:00"
        },
        {
          "code": "status",
          "valueCode": "active"
        }
      ]
    },
    {
      "code": "11",
      "display": "Téléexpertise en moins de 7 jours",
      "designation": [
        {
          "language": "fr-FR",
          "use": {
            "system": "http://snomed.info/sct",
            "code": "900000000000013009"
          },
          "value": "Téléexpertise - de 7 jours"
        }
      ],
      "property": [
        {
          "code": "dateValid",
          "valueDateTime": "2023-02-17T12:00:00+01:00"
        },
        {
          "code": "dateMaj",
          "valueDateTime": "2023-02-17T12:00:00+01:00"
        },
        {
          "code": "status",
          "valueCode": "active"
        }
      ]
    },
    {
      "code": "12",
      "display": "Téléexpertise en plus de 7 jours",
      "designation": [
        {
          "language": "fr-FR",
          "use": {
            "system": "http://snomed.info/sct",
            "code": "900000000000013009"
          },
          "value": "Téléexpertise + de 7 jours"
        }
      ],
      "property": [
        {
          "code": "dateValid",
          "valueDateTime": "2023-02-17T12:00:00+01:00"
        },
        {
          "code": "dateMaj",
          "valueDateTime": "2023-02-17T12:00:00+01:00"
        },
        {
          "code": "status",
          "valueCode": "active"
        }
      ]
    },
    {
      "code": "13",
      "display": "Admission directe non programmée - personne âgée (PA)",
      "designation": [
        {
          "language": "fr-FR",
          "use": {
            "system": "http://snomed.info/sct",
            "code": "900000000000013009"
          },
          "value": "Admission directe np - PA"
        }
      ],
      "property": [
        {
          "code": "dateValid",
          "valueDateTime": "2024-12-13T12:00:00+01:00"
        },
        {
          "code": "dateMaj",
          "valueDateTime": "2024-12-13T12:00:00+01:00"
        },
        {
          "code": "status",
          "valueCode": "active"
        }
      ]
    },
    {
      "code": "14",
      "display": "Télésoin",
      "property": [
        {
          "code": "dateValid",
          "valueDateTime": "2024-12-13T12:00:00+01:00"
        },
        {
          "code": "dateMaj",
          "valueDateTime": "2024-12-13T12:00:00+01:00"
        },
        {
          "code": "status",
          "valueCode": "active"
        }
      ]
    },
    {
      "code": "15",
      "display": "Consultation dans des locaux dédiés - personnes en situation de handicap (PH)",
      "designation": [
        {
          "language": "fr-FR",
          "use": {
            "system": "http://snomed.info/sct",
            "code": "900000000000013009"
          },
          "value": "CS ac locaux dédiés - PH"
        }
      ],
      "property": [
        {
          "code": "dateValid",
          "valueDateTime": "2025-01-31T12:00:00+01:00"
        },
        {
          "code": "dateMaj",
          "valueDateTime": "2025-01-31T12:00:00+01:00"
        },
        {
          "code": "status",
          "valueCode": "active"
        }
      ]
    },
    {
      "code": "16",
      "display": "Consultation sans locaux dédiés - personnes en situation de handicap (PH)",
      "designation": [
        {
          "language": "fr-FR",
          "use": {
            "code": "900000000000013009",
            "system": "http://snomed.info/sct"
          },
          "value": "CS ss locaux dédiés - PH"
        }
      ],
      "property": [
        {
          "code": "dateValid",
          "valueDateTime": "2025-01-31T12:00:00+01:00"
        },
        {
          "code": "dateMaj",
          "valueDateTime": "2025-01-31T12:00:00+01:00"
        },
        {
          "code": "status",
          "valueCode": "active"
        }
      ]
    },
    {
      "code": "17",
      "display": "HandiBloc",
      "property": [
        {
          "code": "dateValid",
          "valueDateTime": "2025-01-31T12:00:00+01:00"
        },
        {
          "code": "dateMaj",
          "valueDateTime": "2025-01-31T12:00:00+01:00"
        },
        {
          "code": "status",
          "valueCode": "active"
        }
      ]
    },
    {
      "code": "18",
      "display": "Intra-hospitalier",
      "property": [
        {
          "code": "dateValid",
          "valueDateTime": "2025-04-25T12:00:00+01:00"
        },
        {
          "code": "dateMaj",
          "valueDateTime": "2025-04-25T12:00:00+01:00"
        },
        {
          "code": "status",
          "valueCode": "active"
        }
      ]
    },
    {
      "code": "19",
      "display": "Extra-hospitalier",
      "property": [
        {
          "code": "dateValid",
          "valueDateTime": "2025-04-25T12:00:00+01:00"
        },
        {
          "code": "dateMaj",
          "valueDateTime": "2025-04-25T12:00:00+01:00"
        },
        {
          "code": "status",
          "valueCode": "active"
        }
      ]
    },
    {
      "code": "20",
      "display": "Accueil en unité protégée",
      "property": [
        {
          "code": "dateValid",
          "valueDateTime": "2025-07-09T12:00:00+01:00"
        },
        {
          "code": "dateMaj",
          "valueDateTime": "2025-07-09T12:00:00+01:00"
        },
        {
          "code": "status",
          "valueCode": "active"
        }
      ]
    },
    {
      "code": "21",
      "display": "Accueil saisonnier possible",
      "property": [
        {
          "code": "dateValid",
          "valueDateTime": "2025-08-28T12:00:00+01:00"
        },
        {
          "code": "dateMaj",
          "valueDateTime": "2025-08-28T12:00:00+01:00"
        },
        {
          "code": "status",
          "valueCode": "active"
        }
      ]
    },
    {
      "code": "22",
      "display": "Accueil saisonnier uniquement",
      "property": [
        {
          "code": "dateValid",
          "valueDateTime": "2025-08-28T12:00:00+01:00"
        },
        {
          "code": "dateMaj",
          "valueDateTime": "2025-08-28T12:00:00+01:00"
        },
        {
          "code": "status",
          "valueCode": "active"
        }
      ]
    },
    {
      "code": "23",
      "display": "Autodialyse simple",
      "property": [
        {
          "code": "dateValid",
          "valueDateTime": "2025-08-28T12:00:00+01:00"
        },
        {
          "code": "dateMaj",
          "valueDateTime": "2025-08-28T12:00:00+01:00"
        },
        {
          "code": "status",
          "valueCode": "active"
        }
      ]
    },
    {
      "code": "24",
      "display": "Autodialyse assistée",
      "property": [
        {
          "code": "dateValid",
          "valueDateTime": "2025-08-28T12:00:00+01:00"
        },
        {
          "code": "dateMaj",
          "valueDateTime": "2025-08-28T12:00:00+01:00"
        },
        {
          "code": "status",
          "valueCode": "active"
        }
      ]
    }
  ],
  "meta": {
    "versionId": "12",
    "lastUpdated": "2025-07-25T09:46:19.854+00:00",
    "profile": [
      "http://hl7.org/fhir/StructureDefinition/shareablecodesystem"
    ]
  },
  "extension": [
    {
      "url": "http://hl7.org/fhir/StructureDefinition/resource-effectivePeriod",
      "valuePeriod": {
        "start": "2022-09-30T12:00:00+01:00"
      }
    }
  ],
  "identifier": [
    {
      "system": "urn:ietf:rfc:3986",
      "value": "urn:oid:1.2.250.1.213.3.3.221"
    }
  ],
  "experimental": false,
  "date": "2025-08-28T12:00:00+01:00",
  "publisher": "Agence du Numérique en Santé (ANS) - 2-10 Rue d'Oradour-sur-Glane, 75015 Paris",
  "jurisdiction": [
    {
      "coding": [
        {
          "code": "FR",
          "system": "urn:iso:std:iso:3166"
        }
      ]
    }
  ],
  "caseSensitive": false,
  "count": 24,
  "property": [
    {
      "code": "dateValid",
      "description": "date de validité d'un code concept",
      "type": "dateTime"
    },
    {
      "code": "dateMaj",
      "description": "Date de mise à jour d'un code concept",
      "type": "dateTime"
    },
    {
      "code": "dateFin",
      "description": "Date de fin d'exploitation d'un code concept",
      "type": "dateTime"
    },
    {
      "code": "deprecationDate",
      "uri": "http://hl7.org/fhir/concept-properties#deprecationDate",
      "description": "Date Concept was deprecated",
      "type": "dateTime"
    },
    {
      "code": "status",
      "uri": "http://hl7.org/fhir/concept-properties#status",
      "description": "A property that indicates the status of the concept.",
      "type": "code"
    },
    {
      "code": "retirementDate",
      "uri": "http://hl7.org/fhir/concept-properties#retirementDate",
      "description": "Date Concept was retired",
      "type": "dateTime"
    }
  ]
}
