{
  "resourceType": "ConceptMap",
  "id": "ASS-X09-DepartementOM-RegionOM",
  "url": "https://mos.esante.gouv.fr/NOS/ASS_X09-DepartementOM-RegionOM/FHIR/ASS-X09-DepartementOM-RegionOM",
  "extension": [
    {
      "url": "http://hl7.org/fhir/StructureDefinition/resource-effectivePeriod",
      "valuePeriod": {
        "start": "2016-09-01T00:00:00+01:00"
      }
    },
    {
      "url": "http://hl7.org/fhir/StructureDefinition/concept-bidirectional",
      "valueBoolean": false
    }
  ],
  "identifier": {
    "value": "urn:oid:1.2.250.1.213.1.6.1.112"
  },
  "version": "20240126120000",
  "name": "ASS_X09_DepartementOM_RegionOM",
  "title": "ASS_X09_DepartementOM_RegionOM",
  "status": "active",
  "experimental": false,
  "date": "2024-01-26T12:00:00+01:00",
  "description": "Association départements - régions (outre-mer et Monaco inclus)",
  "group": [
    {
      "source": "https://mos.esante.gouv.fr/NOS/TRE_G09-DepartementOM/FHIR/TRE-G09-DepartementOM",
      "target": "https://mos.esante.gouv.fr/NOS/TRE_R30-RegionOM/FHIR/TRE-R30-RegionOM",
      "element": [
        {
          "code": "01",
          "target": [
            {
              "code": "84",
              "equivalence": "subsumes",
              "comment": ""
            }
          ]
        },
        {
          "code": "02",
          "target": [
            {
              "code": "32",
              "equivalence": "subsumes",
              "comment": ""
            }
          ]
        },
        {
          "code": "03",
          "target": [
            {
              "code": "84",
              "equivalence": "subsumes",
              "comment": ""
            }
          ]
        },
        {
          "code": "04",
          "target": [
            {
              "code": "93",
              "equivalence": "subsumes",
              "comment": ""
            }
          ]
        },
        {
          "code": "05",
          "target": [
            {
              "code": "93",
              "equivalence": "subsumes",
              "comment": ""
            }
          ]
        },
        {
          "code": "06",
          "target": [
            {
              "code": "93",
              "equivalence": "subsumes",
              "comment": ""
            }
          ]
        },
        {
          "code": "07",
          "target": [
            {
              "code": "84",
              "equivalence": "subsumes",
              "comment": ""
            }
          ]
        },
        {
          "code": "08",
          "target": [
            {
              "code": "44",
              "equivalence": "subsumes",
              "comment": ""
            }
          ]
        },
        {
          "code": "09",
          "target": [
            {
              "code": "76",
              "equivalence": "subsumes",
              "comment": ""
            }
          ]
        },
        {
          "code": "10",
          "target": [
            {
              "code": "44",
              "equivalence": "subsumes",
              "comment": ""
            }
          ]
        },
        {
          "code": "11",
          "target": [
            {
              "code": "76",
              "equivalence": "subsumes",
              "comment": ""
            }
          ]
        },
        {
          "code": "12",
          "target": [
            {
              "code": "76",
              "equivalence": "subsumes",
              "comment": ""
            }
          ]
        },
        {
          "code": "13",
          "target": [
            {
              "code": "93",
              "equivalence": "subsumes",
              "comment": ""
            }
          ]
        },
        {
          "code": "14",
          "target": [
            {
              "code": "28",
              "equivalence": "subsumes",
              "comment": ""
            }
          ]
        },
        {
          "code": "15",
          "target": [
            {
              "code": "84",
              "equivalence": "subsumes",
              "comment": ""
            }
          ]
        },
        {
          "code": "16",
          "target": [
            {
              "code": "75",
              "equivalence": "subsumes",
              "comment": ""
            }
          ]
        },
        {
          "code": "17",
          "target": [
            {
              "code": "75",
              "equivalence": "subsumes",
              "comment": ""
            }
          ]
        },
        {
          "code": "18",
          "target": [
            {
              "code": "24",
              "equivalence": "subsumes",
              "comment": ""
            }
          ]
        },
        {
          "code": "19",
          "target": [
            {
              "code": "75",
              "equivalence": "subsumes",
              "comment": ""
            }
          ]
        },
        {
          "code": "20",
          "target": [
            {
              "code": "94",
              "equivalence": "subsumes",
              "comment": ""
            }
          ]
        },
        {
          "code": "2A",
          "target": [
            {
              "code": "94",
              "equivalence": "subsumes",
              "comment": ""
            }
          ]
        },
        {
          "code": "2B",
          "target": [
            {
              "code": "94",
              "equivalence": "subsumes",
              "comment": ""
            }
          ]
        },
        {
          "code": "21",
          "target": [
            {
              "code": "27",
              "equivalence": "subsumes",
              "comment": ""
            }
          ]
        },
        {
          "code": "22",
          "target": [
            {
              "code": "53",
              "equivalence": "subsumes",
              "comment": ""
            }
          ]
        },
        {
          "code": "23",
          "target": [
            {
              "code": "75",
              "equivalence": "subsumes",
              "comment": ""
            }
          ]
        },
        {
          "code": "24",
          "target": [
            {
              "code": "75",
              "equivalence": "subsumes",
              "comment": ""
            }
          ]
        },
        {
          "code": "25",
          "target": [
            {
              "code": "27",
              "equivalence": "subsumes",
              "comment": ""
            }
          ]
        },
        {
          "code": "26",
          "target": [
            {
              "code": "84",
              "equivalence": "subsumes",
              "comment": ""
            }
          ]
        },
        {
          "code": "27",
          "target": [
            {
              "code": "28",
              "equivalence": "subsumes",
              "comment": ""
            }
          ]
        },
        {
          "code": "28",
          "target": [
            {
              "code": "24",
              "equivalence": "subsumes",
              "comment": ""
            }
          ]
        },
        {
          "code": "29",
          "target": [
            {
              "code": "53",
              "equivalence": "subsumes",
              "comment": ""
            }
          ]
        },
        {
          "code": "30",
          "target": [
            {
              "code": "76",
              "equivalence": "subsumes",
              "comment": ""
            }
          ]
        },
        {
          "code": "31",
          "target": [
            {
              "code": "76",
              "equivalence": "subsumes",
              "comment": ""
            }
          ]
        },
        {
          "code": "32",
          "target": [
            {
              "code": "76",
              "equivalence": "subsumes",
              "comment": ""
            }
          ]
        },
        {
          "code": "33",
          "target": [
            {
              "code": "75",
              "equivalence": "subsumes",
              "comment": ""
            }
          ]
        },
        {
          "code": "34",
          "target": [
            {
              "code": "76",
              "equivalence": "subsumes",
              "comment": ""
            }
          ]
        },
        {
          "code": "35",
          "target": [
            {
              "code": "53",
              "equivalence": "subsumes",
              "comment": ""
            }
          ]
        },
        {
          "code": "36",
          "target": [
            {
              "code": "24",
              "equivalence": "subsumes",
              "comment": ""
            }
          ]
        },
        {
          "code": "37",
          "target": [
            {
              "code": "24",
              "equivalence": "subsumes",
              "comment": ""
            }
          ]
        },
        {
          "code": "38",
          "target": [
            {
              "code": "84",
              "equivalence": "subsumes",
              "comment": ""
            }
          ]
        },
        {
          "code": "39",
          "target": [
            {
              "code": "27",
              "equivalence": "subsumes",
              "comment": ""
            }
          ]
        },
        {
          "code": "40",
          "target": [
            {
              "code": "75",
              "equivalence": "subsumes",
              "comment": ""
            }
          ]
        },
        {
          "code": "41",
          "target": [
            {
              "code": "24",
              "equivalence": "subsumes",
              "comment": ""
            }
          ]
        },
        {
          "code": "42",
          "target": [
            {
              "code": "84",
              "equivalence": "subsumes",
              "comment": ""
            }
          ]
        },
        {
          "code": "43",
          "target": [
            {
              "code": "84",
              "equivalence": "subsumes",
              "comment": ""
            }
          ]
        },
        {
          "code": "44",
          "target": [
            {
              "code": "52",
              "equivalence": "subsumes",
              "comment": ""
            }
          ]
        },
        {
          "code": "45",
          "target": [
            {
              "code": "24",
              "equivalence": "subsumes",
              "comment": ""
            }
          ]
        },
        {
          "code": "46",
          "target": [
            {
              "code": "76",
              "equivalence": "subsumes",
              "comment": ""
            }
          ]
        },
        {
          "code": "47",
          "target": [
            {
              "code": "75",
              "equivalence": "subsumes",
              "comment": ""
            }
          ]
        },
        {
          "code": "48",
          "target": [
            {
              "code": "76",
              "equivalence": "subsumes",
              "comment": ""
            }
          ]
        },
        {
          "code": "49",
          "target": [
            {
              "code": "52",
              "equivalence": "subsumes",
              "comment": ""
            }
          ]
        },
        {
          "code": "50",
          "target": [
            {
              "code": "28",
              "equivalence": "subsumes",
              "comment": ""
            }
          ]
        },
        {
          "code": "51",
          "target": [
            {
              "code": "44",
              "equivalence": "subsumes",
              "comment": ""
            }
          ]
        },
        {
          "code": "52",
          "target": [
            {
              "code": "44",
              "equivalence": "subsumes",
              "comment": ""
            }
          ]
        },
        {
          "code": "53",
          "target": [
            {
              "code": "52",
              "equivalence": "subsumes",
              "comment": ""
            }
          ]
        },
        {
          "code": "54",
          "target": [
            {
              "code": "44",
              "equivalence": "subsumes",
              "comment": ""
            }
          ]
        },
        {
          "code": "55",
          "target": [
            {
              "code": "44",
              "equivalence": "subsumes",
              "comment": ""
            }
          ]
        },
        {
          "code": "56",
          "target": [
            {
              "code": "53",
              "equivalence": "subsumes",
              "comment": ""
            }
          ]
        },
        {
          "code": "57",
          "target": [
            {
              "code": "44",
              "equivalence": "subsumes",
              "comment": ""
            }
          ]
        },
        {
          "code": "58",
          "target": [
            {
              "code": "27",
              "equivalence": "subsumes",
              "comment": ""
            }
          ]
        },
        {
          "code": "59",
          "target": [
            {
              "code": "32",
              "equivalence": "subsumes",
              "comment": ""
            }
          ]
        },
        {
          "code": "60",
          "target": [
            {
              "code": "32",
              "equivalence": "subsumes",
              "comment": ""
            }
          ]
        },
        {
          "code": "61",
          "target": [
            {
              "code": "28",
              "equivalence": "subsumes",
              "comment": ""
            }
          ]
        },
        {
          "code": "62",
          "target": [
            {
              "code": "32",
              "equivalence": "subsumes",
              "comment": ""
            }
          ]
        },
        {
          "code": "63",
          "target": [
            {
              "code": "84",
              "equivalence": "subsumes",
              "comment": ""
            }
          ]
        },
        {
          "code": "64",
          "target": [
            {
              "code": "75",
              "equivalence": "subsumes",
              "comment": ""
            }
          ]
        },
        {
          "code": "65",
          "target": [
            {
              "code": "76",
              "equivalence": "subsumes",
              "comment": ""
            }
          ]
        },
        {
          "code": "66",
          "target": [
            {
              "code": "76",
              "equivalence": "subsumes",
              "comment": ""
            }
          ]
        },
        {
          "code": "67",
          "target": [
            {
              "code": "44",
              "equivalence": "subsumes",
              "comment": ""
            }
          ]
        },
        {
          "code": "68",
          "target": [
            {
              "code": "44",
              "equivalence": "subsumes",
              "comment": ""
            }
          ]
        },
        {
          "code": "69",
          "target": [
            {
              "code": "84",
              "equivalence": "subsumes",
              "comment": ""
            }
          ]
        },
        {
          "code": "70",
          "target": [
            {
              "code": "27",
              "equivalence": "subsumes",
              "comment": ""
            }
          ]
        },
        {
          "code": "71",
          "target": [
            {
              "code": "27",
              "equivalence": "subsumes",
              "comment": ""
            }
          ]
        },
        {
          "code": "72",
          "target": [
            {
              "code": "52",
              "equivalence": "subsumes",
              "comment": ""
            }
          ]
        },
        {
          "code": "73",
          "target": [
            {
              "code": "84",
              "equivalence": "subsumes",
              "comment": ""
            }
          ]
        },
        {
          "code": "74",
          "target": [
            {
              "code": "84",
              "equivalence": "subsumes",
              "comment": ""
            }
          ]
        },
        {
          "code": "75",
          "target": [
            {
              "code": "11",
              "equivalence": "subsumes",
              "comment": ""
            }
          ]
        },
        {
          "code": "76",
          "target": [
            {
              "code": "28",
              "equivalence": "subsumes",
              "comment": ""
            }
          ]
        },
        {
          "code": "77",
          "target": [
            {
              "code": "11",
              "equivalence": "subsumes",
              "comment": ""
            }
          ]
        },
        {
          "code": "78",
          "target": [
            {
              "code": "11",
              "equivalence": "subsumes",
              "comment": ""
            }
          ]
        },
        {
          "code": "79",
          "target": [
            {
              "code": "75",
              "equivalence": "subsumes",
              "comment": ""
            }
          ]
        },
        {
          "code": "80",
          "target": [
            {
              "code": "32",
              "equivalence": "subsumes",
              "comment": ""
            }
          ]
        },
        {
          "code": "81",
          "target": [
            {
              "code": "76",
              "equivalence": "subsumes",
              "comment": ""
            }
          ]
        },
        {
          "code": "82",
          "target": [
            {
              "code": "76",
              "equivalence": "subsumes",
              "comment": ""
            }
          ]
        },
        {
          "code": "83",
          "target": [
            {
              "code": "93",
              "equivalence": "subsumes",
              "comment": ""
            }
          ]
        },
        {
          "code": "84",
          "target": [
            {
              "code": "93",
              "equivalence": "subsumes",
              "comment": ""
            }
          ]
        },
        {
          "code": "85",
          "target": [
            {
              "code": "52",
              "equivalence": "subsumes",
              "comment": ""
            }
          ]
        },
        {
          "code": "86",
          "target": [
            {
              "code": "75",
              "equivalence": "subsumes",
              "comment": ""
            }
          ]
        },
        {
          "code": "87",
          "target": [
            {
              "code": "75",
              "equivalence": "subsumes",
              "comment": ""
            }
          ]
        },
        {
          "code": "88",
          "target": [
            {
              "code": "44",
              "equivalence": "subsumes",
              "comment": ""
            }
          ]
        },
        {
          "code": "89",
          "target": [
            {
              "code": "27",
              "equivalence": "subsumes",
              "comment": ""
            }
          ]
        },
        {
          "code": "90",
          "target": [
            {
              "code": "27",
              "equivalence": "subsumes",
              "comment": ""
            }
          ]
        },
        {
          "code": "91",
          "target": [
            {
              "code": "11",
              "equivalence": "subsumes",
              "comment": ""
            }
          ]
        },
        {
          "code": "92",
          "target": [
            {
              "code": "11",
              "equivalence": "subsumes",
              "comment": ""
            }
          ]
        },
        {
          "code": "93",
          "target": [
            {
              "code": "11",
              "equivalence": "subsumes",
              "comment": ""
            }
          ]
        },
        {
          "code": "94",
          "target": [
            {
              "code": "11",
              "equivalence": "subsumes",
              "comment": ""
            }
          ]
        },
        {
          "code": "95",
          "target": [
            {
              "code": "11",
              "equivalence": "subsumes",
              "comment": ""
            }
          ]
        },
        {
          "code": "971",
          "target": [
            {
              "code": "01",
              "equivalence": "subsumes",
              "comment": ""
            }
          ]
        },
        {
          "code": "972",
          "target": [
            {
              "code": "02",
              "equivalence": "subsumes",
              "comment": ""
            }
          ]
        },
        {
          "code": "973",
          "target": [
            {
              "code": "03",
              "equivalence": "subsumes",
              "comment": ""
            }
          ]
        },
        {
          "code": "974",
          "target": [
            {
              "code": "04",
              "equivalence": "subsumes",
              "comment": ""
            }
          ]
        },
        {
          "code": "975",
          "target": [
            {
              "code": "975",
              "equivalence": "subsumes",
              "comment": ""
            }
          ]
        },
        {
          "code": "976",
          "target": [
            {
              "code": "06",
              "equivalence": "subsumes",
              "comment": ""
            }
          ]
        },
        {
          "code": "977",
          "target": [
            {
              "code": "977",
              "equivalence": "subsumes",
              "comment": ""
            }
          ]
        },
        {
          "code": "978",
          "target": [
            {
              "code": "978",
              "equivalence": "subsumes",
              "comment": ""
            }
          ]
        },
        {
          "code": "984",
          "target": [
            {
              "code": "984",
              "equivalence": "subsumes",
              "comment": ""
            }
          ]
        },
        {
          "code": "985",
          "target": [
            {
              "code": "985",
              "equivalence": "subsumes",
              "comment": ""
            }
          ]
        },
        {
          "code": "986",
          "target": [
            {
              "code": "986",
              "equivalence": "subsumes",
              "comment": ""
            }
          ]
        },
        {
          "code": "987",
          "target": [
            {
              "code": "987",
              "equivalence": "subsumes",
              "comment": ""
            }
          ]
        },
        {
          "code": "988",
          "target": [
            {
              "code": "988",
              "equivalence": "subsumes",
              "comment": ""
            }
          ]
        },
        {
          "code": "989",
          "target": [
            {
              "code": "989",
              "equivalence": "subsumes",
              "comment": ""
            }
          ]
        },
        {
          "code": "99138",
          "target": [
            {
              "code": "99138",
              "equivalence": "subsumes",
              "comment": ""
            }
          ]
        }
      ]
    }
  ]
}
