{
  "resourceType": "ConceptMap",
  "id": "ASS-X11-FinessAgregatStatutJuridique",
  "url": "https://mos.esante.gouv.fr/NOS/ASS-X11-FinessAgregatStatutJuridique",
  "version": "5.0.0",
  "name": "ASS_X11_FinessAgregatStatutJuridique",
  "title": "ASS_X11_FinessAgregatStatutJuridique",
  "description": "ASS_X11_FinessAgregatStatutJuridique",
  "status": "active",
  "experimental": false,
  "publisher": "ANS",
  "contact": [
    {
      "name": "ANS",
      "telecom": [
        {
          "system": "url",
          "value": "https://esante.gouv.fr"
        }
      ]
    }
  ],
  "jurisdiction": [
    {
      "coding": [
        {
          "code": "FR",
          "system": "urn:iso:std:iso:3166",
          "display": "France"
        }
      ]
    }
  ]
}
