{
  "resourceType": "ConceptMap",
  "id": "ASS-A20-RolePriseCharge-GenreActivite",
  "url": "https://mos.esante.gouv.fr/NOS/ASS_A20-RolePriseCharge-GenreActivite/FHIR/ASS-A20-RolePriseCharge-GenreActivite",
  "extension": [
    {
      "url": "http://hl7.org/fhir/StructureDefinition/concept-bidirectional",
      "valueBoolean": false
    }
  ],
  "identifier": {
    "value": "urn:oid:1.2.250.1.213.1.6.1.201"
  },
  "version": "20220225120000",
  "name": "ASS_A20_RolePriseCharge_GenreActivite",
  "title": "ASS_A20_RolePriseCharge_GenreActivite",
  "status": "active",
  "experimental": false,
  "date": "2022-02-25T12:00:00+01:00",
  "description": "Table d'association rôle / genre d'activité pour la saisie automatique",
  "group": [
    {
      "source": "https://mos.esante.gouv.fr/NOS/TRE_R85-RolePriseCharge/FHIR/TRE-R85-RolePriseCharge",
      "target": "https://mos.esante.gouv.fr/NOS/TRE_R22-GenreActivite/FHIR/TRE-R22-GenreActivite",
      "element": [
        {
          "code": "312",
          "target": [
            {
              "code": "GENR01",
              "equivalence": "wider"
            }
          ]
        },
        {
          "code": "313",
          "target": [
            {
              "code": "GENR01",
              "equivalence": "wider"
            }
          ]
        },
        {
          "code": "314",
          "target": [
            {
              "code": "GENR01",
              "equivalence": "wider"
            }
          ]
        },
        {
          "code": "315",
          "target": [
            {
              "code": "GENR01",
              "equivalence": "wider"
            }
          ]
        },
        {
          "code": "316",
          "target": [
            {
              "code": "GENR01",
              "equivalence": "wider"
            }
          ]
        },
        {
          "code": "317",
          "target": [
            {
              "code": "GENR01",
              "equivalence": "wider"
            }
          ]
        },
        {
          "code": "318",
          "target": [
            {
              "code": "GENR01",
              "equivalence": "wider"
            }
          ]
        },
        {
          "code": "319",
          "target": [
            {
              "code": "GENR01",
              "equivalence": "wider"
            }
          ]
        },
        {
          "code": "320",
          "target": [
            {
              "code": "GENR01",
              "equivalence": "wider"
            }
          ]
        },
        {
          "code": "321",
          "target": [
            {
              "code": "GENR01",
              "equivalence": "wider"
            }
          ]
        },
        {
          "code": "322",
          "target": [
            {
              "code": "GENR01",
              "equivalence": "wider"
            }
          ]
        },
        {
          "code": "323",
          "target": [
            {
              "code": "GENR01",
              "equivalence": "wider"
            }
          ]
        },
        {
          "code": "324",
          "target": [
            {
              "code": "GENR01",
              "equivalence": "wider"
            }
          ]
        },
        {
          "code": "325",
          "target": [
            {
              "code": "GENR01",
              "equivalence": "wider"
            }
          ]
        },
        {
          "code": "326",
          "target": [
            {
              "code": "GENR01",
              "equivalence": "wider"
            }
          ]
        },
        {
          "code": "327",
          "target": [
            {
              "code": "GENR01",
              "equivalence": "wider"
            }
          ]
        },
        {
          "code": "328",
          "target": [
            {
              "code": "GENR01",
              "equivalence": "wider"
            }
          ]
        },
        {
          "code": "329",
          "target": [
            {
              "code": "GENR01",
              "equivalence": "wider"
            }
          ]
        },
        {
          "code": "330",
          "target": [
            {
              "code": "GENR01",
              "equivalence": "wider"
            }
          ]
        },
        {
          "code": "353",
          "target": [
            {
              "code": "GENR01",
              "equivalence": "wider"
            }
          ]
        }
      ]
    }
  ]
}
