{
  "resourceType": "ConceptMap",
  "id": "ASS-A12-CorresMediaTypeCDANonStructure-XdsFormatCode-CISIS",
  "url": "https://mos.esante.gouv.fr/NOS/ASS_A12_CorresMediaTypeCDANonStructure-XdsFormatCode-CISIS",
  "name": "ASS_A12_CorresMediaTypeCDANonStructure_XdsFormatCode_CISIS",
  "title": "ASS_A12_CorresMediaTypeCDANonStructure-XdsFormatCode-CISIS",
  "version": "5.0.0",
  "status": "active",
  "experimental": false,
  "description": "Association  qui permet de deduire l'attribut XDS 'formatCode' à partir  de l'attribut 'component/nonXMLBody/text@mediaType' du CDA N1",
  "useContext": [
    {
      "code": {
        "code": "task",
        "system": "http://terminology.hl7.org/CodeSystem/usage-context-type"
      },
      "valueCodeableConcept": {
        "text": "Pour la constitution des metadata XDS"
      }
    }
  ],
  "publisher": "ANS",
  "contact": [
    {
      "name": "ANS",
      "telecom": [
        {
          "system": "url",
          "value": "https://esante.gouv.fr"
        }
      ]
    }
  ],
  "jurisdiction": [
    {
      "coding": [
        {
          "code": "FR",
          "system": "urn:iso:std:iso:3166",
          "display": "France"
        }
      ]
    }
  ],
  "sourceUri": "https://mos.esante.gouv.fr/NOS/JDV-MediaTypeCorpsCDANonStructure?vs",
  "targetUri": "https://mos.esante.gouv.fr/NOS/JDV_J10-XdsFormatCode-CISIS/FHIR/JDV-J10-XdsFormatCode-CISIS",
  "group": [
    {
      "source": "https://mos.esante.gouv.fr/NOS/TRE_R222-MediaTypeCorpsCDANonStructure/FHIR/TRE-R222-MediaTypeCorpsCDANonStructure",
      "target": "https://mos.esante.gouv.fr/NOS/TRE_A11-IheFormatCode/FHIR/TRE-A11-IheFormatCode",
      "element": [
        {
          "code": "application/pdf",
          "target": [
            {
              "code": "urn:ihe:iti:xds-sd:pdf:2008",
              "equivalence": "equivalent"
            }
          ]
        },
        {
          "code": "text/plain",
          "target": [
            {
              "code": "urn:ihe:iti:xds-sd:text:2008",
              "equivalence": "equivalent"
            }
          ]
        },
        {
          "code": "text/rtf",
          "target": [
            {
              "code": "urn:ihe:iti-fr:xds-sd:rtf:2010",
              "equivalence": "equivalent"
            }
          ]
        },
        {
          "code": "image/jpeg",
          "target": [
            {
              "code": "urn:ihe:iti-fr:xds-sd:jpeg:2010",
              "equivalence": "equivalent"
            }
          ]
        },
        {
          "code": "image/tiff",
          "target": [
            {
              "code": "urn:ihe:iti-fr:xds-sd:tiff:2010",
              "equivalence": "equivalent"
            }
          ]
        }
      ]
    }
  ]
}
