{
  "resourceType": "ValueSet",
  "status": "active",
  "name": "JDV_J226_ModaliteAccueil_ROR",
  "id": "JDV-J226-ModaliteAccueil-ROR",
  "description": "Modalité d'accueil",
  "version": "20250828120000",
  "url": "https://mos.esante.gouv.fr/NOS/JDV_J226-ModaliteAccueil-ROR/FHIR/JDV-J226-ModaliteAccueil-ROR",
  "meta": {
    "versionId": "11",
    "lastUpdated": "2025-07-25T09:32:12.736+00:00",
    "profile": [
      "http://hl7.org/fhir/StructureDefinition/shareablevalueset"
    ]
  },
  "language": "fr-FR",
  "extension": [
    {
      "url": "http://hl7.org/fhir/StructureDefinition/resource-effectivePeriod",
      "valuePeriod": {
        "start": "2022-08-26T12:00:00+01:00"
      }
    }
  ],
  "identifier": [
    {
      "system": "urn:ietf:rfc:3986",
      "value": "urn:oid:1.2.250.1.213.3.4.58"
    }
  ],
  "experimental": false,
  "date": "2025-08-28T12:00:00+01:00",
  "publisher": "Agence du Numérique en Santé (ANS) - 2-10 Rue d'Oradour-sur-Glane, 75015 Paris",
  "jurisdiction": [
    {
      "coding": [
        {
          "code": "FR",
          "system": "urn:iso:std:iso:3166"
        }
      ]
    }
  ],
  "compose": {
    "include": [
      {
        "system": "https://mos.esante.gouv.fr/NOS/TRE_R338-ModaliteAccueil/FHIR/TRE-R338-ModaliteAccueil",
        "concept": [
          {
            "code": "01",
            "display": "Accueil séquentiel accepté"
          },
          {
            "code": "02",
            "display": "Prise en charge directe SMUR"
          },
          {
            "code": "03",
            "display": "En présentiel"
          },
          {
            "code": "04",
            "display": "Téléconsultation"
          },
          {
            "code": "05",
            "display": "Visite à domicile"
          },
          {
            "code": "06",
            "display": "Prise en charge sans rendez-vous"
          },
          {
            "code": "07",
            "display": "Accueil anonyme"
          },
          {
            "code": "08",
            "display": "Accueil réservé aux femmes"
          },
          {
            "code": "09",
            "display": "Participation aux gardes/astreintes"
          },
          {
            "code": "10",
            "display": "Téléexpertise en moins de 24h"
          },
          {
            "code": "11",
            "display": "Téléexpertise en moins de 7 jours"
          },
          {
            "code": "12",
            "display": "Téléexpertise en plus de 7 jours"
          },
          {
            "code": "13",
            "display": "Admission directe non programmée - personne âgée (PA)"
          },
          {
            "code": "14",
            "display": "Télésoin"
          },
          {
            "code": "15",
            "display": "Consultation dans des locaux dédiés - personnes en situation de handicap (PH)"
          },
          {
            "code": "16",
            "display": "Consultation sans locaux dédiés - personnes en situation de handicap (PH)"
          },
          {
            "code": "17",
            "display": "HandiBloc"
          },
          {
            "code": "18",
            "display": "Intra-hospitalier"
          },
          {
            "code": "19",
            "display": "Extra-hospitalier"
          },
          {
            "code": "20",
            "display": "Accueil en unité protégée"
          },
          {
            "code": "21",
            "display": "Accueil saisonnier possible"
          },
          {
            "code": "22",
            "display": "Accueil saisonnier uniquement"
          },
          {
            "code": "23",
            "display": "Autodialyse simple"
          },
          {
            "code": "24",
            "display": "Autodialyse assistée"
          }
        ]
      }
    ]
  }
}
