{
  "resourceType": "ValueSet",
  "status": "active",
  "name": "JDV_TRE_R222_MediaTypeCorpsCDANonStructure",
  "id": "TRE-R222-MediaTypeCorpsCDANonStructure-all",
  "title": "JDV-MediaTypeCorpsCDANonStructure",
  "description": "JDV avec l'ensemble des codes actifs de la TRE_R222_MediaTypeCorpsCDANonStructure",
  "version": "1.1.0",
  "url": "https://mos.esante.gouv.fr/NOS/JDV-MediaTypeCorpsCDANonStructure?vs",
  "meta": {
    "profile": [
      "http://hl7.org/fhir/StructureDefinition/shareablevalueset"
    ]
  },
  "extension": [
    {
      "url": "http://hl7.org/fhir/StructureDefinition/resource-effectivePeriod",
      "valuePeriod": {
        "start": "2024-04-17T09:25:08.004+00:00"
      }
    }
  ],
  "experimental": false,
  "publisher": "ANS",
  "contact": [
    {
      "name": "ANS",
      "telecom": [
        {
          "system": "url",
          "value": "https://esante.gouv.fr"
        }
      ]
    }
  ],
  "jurisdiction": [
    {
      "coding": [
        {
          "code": "FR",
          "system": "urn:iso:std:iso:3166",
          "display": "France"
        }
      ]
    }
  ],
  "compose": {
    "include": [
      {
        "system": "https://mos.esante.gouv.fr/NOS/TRE_R222-MediaTypeCorpsCDANonStructure/FHIR/TRE-R222-MediaTypeCorpsCDANonStructure"
      }
    ]
  }
}
