{
  "resourceType": "ValueSet",
  "status": "active",
  "name": "JDV_J183_Diplome_EPARS",
  "id": "JDV-J183-Diplome-EPARS",
  "description": "Diplômes pour l'application EPARS",
  "version": "20250917120000",
  "url": "https://mos.esante.gouv.fr/NOS/JDV_J183-Diplome-EPARS/FHIR/JDV-J183-Diplome-EPARS",
  "meta": {
    "versionId": "9",
    "lastUpdated": "2025-07-02T17:05:35.228+00:00",
    "profile": [
      "http://hl7.org/fhir/StructureDefinition/shareablevalueset"
    ]
  },
  "language": "fr-FR",
  "extension": [
    {
      "url": "http://hl7.org/fhir/StructureDefinition/resource-effectivePeriod",
      "valuePeriod": {
        "start": "2021-11-26T12:00:00+01:00"
      }
    }
  ],
  "identifier": [
    {
      "system": "urn:ietf:rfc:3986",
      "value": "urn:oid:1.2.250.1.213.1.6.1.240"
    }
  ],
  "experimental": false,
  "date": "2025-09-17T12:00:00+01:00",
  "publisher": "Agence du Numérique en Santé (ANS) - 2-10 Rue d'Oradour-sur-Glane, 75015 Paris",
  "jurisdiction": [
    {
      "coding": [
        {
          "code": "FR",
          "system": "urn:iso:std:iso:3166"
        }
      ]
    }
  ],
  "compose": {
    "include": [
      {
        "system": "https://mos.esante.gouv.fr/NOS/TRE_R48-DiplomeEtatFrancais/FHIR/TRE-R48-DiplomeEtatFrancais",
        "concept": [
          {
            "code": "DE28",
            "display": "DE Assistant de Service Social"
          },
          {
            "code": "DE29",
            "display": "DE Audioprothésiste"
          },
          {
            "code": "DE30",
            "display": "DE Ergothérapeute"
          },
          {
            "code": "DE32",
            "display": "DE Psychomotricien"
          },
          {
            "code": "DE38",
            "display": "DE Technicien de Laboratoire Médical (DETLM, DETAB ou DELAM)"
          },
          {
            "code": "DE39",
            "display": "DE Manipulateur d'Electro-Radiologie médicale"
          }
        ]
      },
      {
        "system": "https://mos.esante.gouv.fr/NOS/TRE_R58-AutreTypeDiplome/FHIR/TRE-R58-AutreTypeDiplome",
        "concept": [
          {
            "code": "DIP319",
            "display": "Titre d'assistant dentaire"
          },
          {
            "code": "DIP321",
            "display": "Diplôme d'Ostéopathe d'un établissement agréé"
          },
          {
            "code": "DIP322",
            "display": "Master en Psychologie ou Psychanalyse"
          },
          {
            "code": "DIP323",
            "display": "Licence + Master mention psychologie + Attest stage"
          },
          {
            "code": "DIP324",
            "display": "Licence + Master mention clinique, psychopatho et psycho santé + Attest stage"
          },
          {
            "code": "DIP325",
            "display": "Licence + Master mention sociale, du travail et des organisations + Attest stage"
          },
          {
            "code": "DIP326",
            "display": "Licence + Master mention éducation et de la formation + Attest stage"
          },
          {
            "code": "DIP327",
            "display": "Licence + Master mention psychopatho clinique psychanalytique + Attest stage"
          },
          {
            "code": "DIP328",
            "display": "Master de Psychanalyse"
          },
          {
            "code": "DIP329",
            "display": "Diplôme de Chiropraxie"
          },
          {
            "code": "DIP331",
            "display": "Certificat d'études acoustique prothèse auditive"
          },
          {
            "code": "DIP332",
            "display": "Examen professionnel d'Audio-Prothésiste"
          },
          {
            "code": "DIP333",
            "display": "Diplôme d'Opticien-Lunetier"
          },
          {
            "code": "DIP334",
            "display": "BTS Opticien-Lunetier"
          },
          {
            "code": "DIP335",
            "display": "Brevet professionnel d'Opticien-Lunetier"
          },
          {
            "code": "DIP336",
            "display": "Certificat d'études Ecole des métiers d'optique"
          },
          {
            "code": "DIP337",
            "display": "Diplôme écoles nat prof section Optique-lunetterie"
          },
          {
            "code": "DIP338",
            "display": "Titre ministres du commerce, économie et finances, enseignement sup et santé"
          },
          {
            "code": "DIP340",
            "display": "BTS Prothésiste-Orthésiste"
          },
          {
            "code": "DIP341",
            "display": "BTS Podo-Orthésiste"
          },
          {
            "code": "DIP342",
            "display": "Titre d'Orthopédiste-Orthésiste obtenu avant 2007"
          },
          {
            "code": "DIP343",
            "display": "Titre RNCP de Technicien Supérieur Orthopédiste-Orthésiste obtenu après 2007"
          },
          {
            "code": "DIP345",
            "display": "Titre RNCP d'Orthopédiste-Orthésiste obtenu après 2007"
          },
          {
            "code": "DIP348",
            "display": "Diplôme Technicien Laboratoire arrêté 21/10/1992"
          },
          {
            "code": "DIP349",
            "display": "Diplôme Technicien Laboratoire arrêté 04/11/1976"
          },
          {
            "code": "DIP350",
            "display": "BTS/BTSA de technicien de laboratoire listé dans l'arrêté du 21/10/1992"
          },
          {
            "code": "DIP353",
            "display": "Certificat de Capacité d'Orthophoniste"
          },
          {
            "code": "DIP354",
            "display": "Diplôme ou attestation MEN"
          },
          {
            "code": "DIP355",
            "display": "Certificat de Capacité d'Orthoptiste"
          },
          {
            "code": "DIP356",
            "display": "Licence + Maîtrise + DESS en psychologie"
          },
          {
            "code": "DIP357",
            "display": "Licence + Maîtrise + diplôme annexe Décret 90-255"
          },
          {
            "code": "DIP358",
            "display": "Licence psychologie + Maîtrise psychologie + DEA psychologie + Attestation Stage"
          },
          {
            "code": "DIP359",
            "display": "Diplôme pour usage du titre de psychologue (alinéa 6 à 9 art 1 décret 90-255)"
          },
          {
            "code": "DIP360",
            "display": "Usage restreint du titre de Psychologue (arrêté du 14/01/1993)"
          },
          {
            "code": "DIP361",
            "display": "Licence + Master psychologie + Attest stage"
          },
          {
            "code": "DIP362",
            "display": "Décision de Validation des Acquis de l'Expérience de Psychologue"
          },
          {
            "code": "DIP364",
            "display": "BT ou BTS de Diététique"
          },
          {
            "code": "DIP409",
            "display": "Diplôme de Qualification en Physique Radiologique et Médicale INSTN (dès 1996)"
          },
          {
            "code": "DIP367",
            "display": "DTS/BTS Manipulateur d'Electro-Radiologie médicale"
          },
          {
            "code": "DIP368",
            "display": "DTS imagerie médicale et radiologie thérapeutique"
          },
          {
            "code": "DIP412",
            "display": "Diplôme ou titre ou certification délivré par le CNAM"
          },
          {
            "code": "DIP414",
            "display": "Diplôme ou titre délivré par l'AFPICL de Lyon (UCLy - ESTBB)"
          },
          {
            "code": "DIP415",
            "display": "Certificat de formation tech supérieur Physicien chimiste ministère travail"
          }
        ]
      },
      {
        "system": "https://mos.esante.gouv.fr/NOS/TRE_R54-DiplomeUniversiteInterUniversitaire/FHIR/TRE-R54-DiplomeUniversiteInterUniversitaire",
        "concept": [
          {
            "code": "DIP320",
            "display": "DU ou DIU Ostéopathe université médecine reconnu CNOM"
          },
          {
            "code": "DIP330",
            "display": "DU Chiropraxie"
          },
          {
            "code": "DIP344",
            "display": "DU ou DIU Orthopédie"
          },
          {
            "code": "DIP346",
            "display": "DU Prothèse Oculaire appliquée"
          },
          {
            "code": "DIP347",
            "display": "DU Prothèse faciale"
          },
          {
            "code": "DIP351",
            "display": "DUT Génie biologique option analyses biologiques et biochimiques (avant 2023)"
          },
          {
            "code": "DIP365",
            "display": "DUT Génie biologique option diététique (avant 2023)"
          },
          {
            "code": "DIP369",
            "display": "BUT Génie biologique parcours diététique et nutrition"
          },
          {
            "code": "DIP410",
            "display": "DUT Biologie appliquée option analyses biologiques et biochimiques"
          },
          {
            "code": "DIP411",
            "display": "BUT Génie biologique parcours biologie médicale et biotechnologie"
          },
          {
            "code": "DIP413",
            "display": "DU Analyses des milieux biologiques université de Corte"
          },
          {
            "code": "DIP416",
            "display": "DUT Biologie appliquée option diététique"
          }
        ]
      },
      {
        "system": "https://mos.esante.gouv.fr/NOS/TRE_R56-Attestation/FHIR/TRE-R56-Attestation",
        "concept": [
          {
            "code": "DIP363",
            "display": "Attestation de connaissances d'Ergothérapeute"
          },
          {
            "code": "DIP366",
            "display": "Attestation de connaissances de Psychomotricien"
          },
          {
            "code": "DIP370",
            "display": "Attestation de connaissances de MER"
          }
        ]
      }
    ]
  }
}
