{
  "resourceType": "ValueSet",
  "status": "active",
  "name": "JDV_J124_Commune",
  "id": "JDV-J124-Commune",
  "description": "Toute la nomenclature des codes actuels communes auquel on ajoute le code applicatif \"Non renseigné\"",
  "version": "20240628120000",
  "url": "https://mos.esante.gouv.fr/NOS/JDV_J124-Commune/FHIR/JDV-J124-Commune",
  "meta": {
    "versionId": "3",
    "lastUpdated": "2024-06-28T16:09:45.842+00:00",
    "profile": [
      "http://hl7.org/fhir/StructureDefinition/shareablevalueset"
    ]
  },
  "extension": [
    {
      "url": "http://hl7.org/fhir/StructureDefinition/resource-effectivePeriod",
      "valuePeriod": {
        "start": "2020-08-28T12:00:00+01:00"
      }
    }
  ],
  "identifier": [
    {
      "system": "urn:ietf:rfc:3986",
      "value": "urn:oid:1.2.250.1.213.3.4.9"
    }
  ],
  "experimental": false,
  "date": "2024-06-28T12:00:00+01:00",
  "publisher": "Agence du Numérique en Santé (ANS) - 2-10 Rue d'Oradour-sur-Glane, 75015 Paris",
  "compose": {
    "include": [
      {
        "system": "https://mos.esante.gouv.fr/NOS/TRE_R13-CommuneOM/FHIR/TRE-R13-CommuneOM",
        "filter": [
          {
            "property": "dateFin",
            "op": "exists",
            "value": "false"
          }
        ]
      }
    ]
  }
}
