{
  "resourceType": "ValueSet",
  "status": "active",
  "name": "JDV_J185_TypeFermeture_ROR",
  "id": "JDV-J185-TypeFermeture-ROR",
  "description": "Les seules valeurs acceptées par le ROR pour les Organisations internes et les offres",
  "version": "20250923120000",
  "url": "https://mos.esante.gouv.fr/NOS/JDV_J185-TypeFermeture-ROR/FHIR/JDV-J185-TypeFermeture-ROR",
  "meta": {
    "versionId": "4",
    "lastUpdated": "2025-07-02T17:05:35.688+00:00",
    "profile": [
      "http://hl7.org/fhir/StructureDefinition/shareablevalueset"
    ]
  },
  "language": "fr-FR",
  "extension": [
    {
      "url": "http://hl7.org/fhir/StructureDefinition/resource-effectivePeriod",
      "valuePeriod": {
        "start": "2022-09-30T12:00:00+01:00"
      }
    }
  ],
  "identifier": [
    {
      "system": "urn:ietf:rfc:3986",
      "value": "urn:oid:1.2.250.1.213.3.4.18"
    }
  ],
  "experimental": false,
  "date": "2025-09-23T12:00:00+01:00",
  "publisher": "Agence du Numérique en Santé (ANS) - 2-10 Rue d'Oradour-sur-Glane, 75015 Paris",
  "jurisdiction": [
    {
      "coding": [
        {
          "code": "FR",
          "system": "urn:iso:std:iso:3166"
        }
      ]
    }
  ],
  "compose": {
    "include": [
      {
        "system": "https://mos.esante.gouv.fr/NOS/TRE_R286-TypeFermeture/FHIR/TRE-R286-TypeFermeture",
        "concept": [
          {
            "code": "DEF",
            "display": "Définitive"
          },
          {
            "code": "PRO",
            "display": "Provisoire"
          },
          {
            "code": "PRE",
            "display": "Prévisionnelle"
          }
        ]
      }
    ]
  }
}
