{
  "resourceType": "ValueSet",
  "status": "active",
  "name": "JdvJ370TypeContratSejourMs",
  "id": "jdv-j370-type-contrat-sejour-ms",
  "title": "Jdv J370 Type Contrat Sejour Ms",
  "description": "Type de contrat conclu entre l’établissement/service et la personne/son représentant légal.",
  "version": "20250521120000",
  "url": "https://smt.esante.gouv.fr/fhir/ValueSet/jdv-j370-type-contrat-sejour-ms",
  "meta": {
    "versionId": "1",
    "lastUpdated": "2025-05-21T18:02:28.249+00:00",
    "profile": [
      "http://hl7.org/fhir/StructureDefinition/shareablevalueset"
    ]
  },
  "extension": [
    {
      "url": "http://hl7.org/fhir/StructureDefinition/resource-effectivePeriod",
      "valuePeriod": {
        "start": "2025-05-21T18:02:28.249+00:00"
      }
    }
  ],
  "identifier": [
    {
      "system": "urn:ietf:rfc:3986",
      "value": "urn:oid:1.2.250.1.213.3.4.223"
    }
  ],
  "language": "fr-FR",
  "experimental": false,
  "date": "2025-05-21T18:02:28.249+00:00",
  "publisher": "Agence du Numérique en Santé (ANS) - 2-10 Rue d'Oradour-sur-Glane, 75015 Paris",
  "compose": {
    "include": [
      {
        "system": "https://smt.esante.gouv.fr/fhir/CodeSystem/tre-r393-type-contrat-sejour",
        "filter": [
          {
            "property": "status",
            "op": "=",
            "value": "active"
          }
        ]
      }
    ]
  }
}
