{
  "resourceType": "ValueSet",
  "status": "active",
  "name": "JdvJ366StatutBilanProjetPersonnaliseMs",
  "id": "jdv-j366-statut-bilan-projet-personnalise-ms",
  "title": "Jdv J366 Statut Bilan Projet Personnalise Ms",
  "description": "Statut du bilan du projet personnalisé.",
  "version": "20250415120000",
  "url": "https://smt.esante.gouv.fr/fhir/ValueSet/jdv-j366-statut-bilan-projet-personnalise-ms",
  "meta": {
    "versionId": "1",
    "lastUpdated": "2025-04-15T18:02:28.249+00:00",
    "profile": [
      "http://hl7.org/fhir/StructureDefinition/shareablevalueset"
    ]
  },
  "extension": [
    {
      "url": "http://hl7.org/fhir/StructureDefinition/resource-effectivePeriod",
      "valuePeriod": {
        "start": "2025-02-22T18:02:28.249+00:00"
      }
    }
  ],
  "identifier": [
    {
      "system": "urn:ietf:rfc:3986",
      "value": "urn:oid:1.2.250.1.213.3.4.220"
    }
  ],
  "language": "fr-FR",
  "experimental": false,
  "date": "2025-04-15T18:02:28.249+00:00",
  "publisher": "Agence du Numérique en Santé (ANS) - 2-10 Rue d'Oradour-sur-Glane, 75015 Paris",
  "compose": {
    "include": [
      {
        "system": "https://smt.esante.gouv.fr/fhir/CodeSystem/tre-r389-statut-bilan-projet-personnalise",
        "filter": [
          {
            "property": "status",
            "op": "=",
            "value": "active"
          }
        ]
      }
    ]
  }
}
