{
  "resourceType": "ValueSet",
  "status": "active",
  "name": "JdvJ368CategorieEtablissementCisis",
  "id": "jdv-j368-categorie-etablissement-cisis",
  "title": "Jdv J368 Categorie Etablissement Cisis",
  "description": "JDV à l'image de l'ensemble des valeurs actives de la terminologie TRE_R66-CategorieEtablissement",
  "version": "20250422120000",
  "url": "https://smt.esante.gouv.fr/fhir/ValueSet/jdv-j368-categorie-etablissement-cisis",
  "meta": {
    "versionId": "1",
    "lastUpdated": "2025-04-22T18:02:28.249+00:00",
    "profile": [
      "http://hl7.org/fhir/StructureDefinition/shareablevalueset"
    ]
  },
  "extension": [
    {
      "url": "http://hl7.org/fhir/StructureDefinition/resource-effectivePeriod",
      "valuePeriod": {
        "start": "2025-02-22T18:02:28.249+00:00"
      }
    }
  ],
  "identifier": [
    {
      "system": "urn:ietf:rfc:3986",
      "value": "urn:oid:1.2.250.1.213.1.1.5.823"
    }
  ],
  "language": "fr-FR",
  "experimental": false,
  "date": "2025-04-22T18:02:28.249+00:00",
  "publisher": "Agence du Numérique en Santé (ANS) - 2-10 Rue d'Oradour-sur-Glane, 75015 Paris",
  "compose": {
    "include": [
      {
        "system": "https://mos.esante.gouv.fr/NOS/TRE_R66-CategorieEtablissement/FHIR/TRE-R66-CategorieEtablissement",
        "filter": [
          {
            "property": "status",
            "op": "=",
            "value": "active"
          }
        ]
      }
    ]
  }
}
