<?xml version="1.0" encoding="UTF-8"?><CodeSystem xmlns="http://hl7.org/fhir"><id value="tddui-encounter-identifier"/><meta><profile value="http://hl7.org/fhir/StructureDefinition/shareablecodesystem"/></meta><text><status value="generated"/><div xmlns="http://www.w3.org/1999/xhtml"><p class="res-header-id"><b>Narratif généré : CodeSystem tddui-encounter-identifier</b></p><a name="tddui-encounter-identifier"> </a><a name="hctddui-encounter-identifier"> </a><div style="display: inline-block; background-color: #d9e0e7; padding: 6px; margin: 4px; border: 1px solid #8da1b4; border-radius: 5px; line-height: 60%"><p style="margin-bottom: 0px"/><p style="margin-bottom: 0px">Profil: <a href="http://hl7.org/fhir/R4/shareablecodesystem.html">Shareable CodeSystem</a></p></div><p>This case-sensitive code system <code>https://interop.esante.gouv.fr/ig/fhir/tddui/CodeSystem/tddui-encounter-identifier</code> defines the following code:</p><table class="codes"><tr><td style="white-space:nowrap"><b>Code</b></td><td><b>Display</b></td></tr><tr><td style="white-space:nowrap">SEJ<a name="tddui-encounter-identifier-SEJ"> </a></td><td>Identifiant du séjour</td></tr></table></div></text><url value="https://interop.esante.gouv.fr/ig/fhir/tddui/CodeSystem/tddui-encounter-identifier"/><version value="2.0.0"/><name value="TDDUIEncounterIdentifier"/><title value="TDDUI Encounter FR Core CodeSystem v2-0203"/><status value="active"/><experimental value="false"/><date value="2025-10-02T15:02:58+00:00"/><publisher value="ANS"/><contact><name value="ANS"/><telecom><system value="url"/><value value="https://esante.gouv.fr"/></telecom></contact><description value="TDDUI Encounter's identifier"/><jurisdiction><coding><system value="urn:iso:std:iso:3166"/><code value="FR"/><display value="FRANCE"/></coding></jurisdiction><caseSensitive value="true"/><content value="complete"/><count value="1"/><concept><code value="SEJ"/><display value="Identifiant du séjour"/></concept></CodeSystem>