{
  "resourceType" : "CodeSystem",
  "id" : "tddui-encounter-identifier",
  "meta" : {
    "profile" : ["http://hl7.org/fhir/StructureDefinition/shareablecodesystem"]
  },
  "text" : {
    "status" : "generated",
    "div" : "<div xmlns=\"http://www.w3.org/1999/xhtml\"><p class=\"res-header-id\"><b>Narratif généré : CodeSystem tddui-encounter-identifier</b></p><a name=\"tddui-encounter-identifier\"> </a><a name=\"hctddui-encounter-identifier\"> </a><div style=\"display: inline-block; background-color: #d9e0e7; padding: 6px; margin: 4px; border: 1px solid #8da1b4; border-radius: 5px; line-height: 60%\"><p style=\"margin-bottom: 0px\"/><p style=\"margin-bottom: 0px\">Profil: <a href=\"http://hl7.org/fhir/R4/shareablecodesystem.html\">Shareable CodeSystem</a></p></div><p>This case-sensitive code system <code>https://interop.esante.gouv.fr/ig/fhir/tddui/CodeSystem/tddui-encounter-identifier</code> defines the following code:</p><table class=\"codes\"><tr><td style=\"white-space:nowrap\"><b>Code</b></td><td><b>Display</b></td></tr><tr><td style=\"white-space:nowrap\">SEJ<a name=\"tddui-encounter-identifier-SEJ\"> </a></td><td>Identifiant du séjour</td></tr></table></div>"
  },
  "url" : "https://interop.esante.gouv.fr/ig/fhir/tddui/CodeSystem/tddui-encounter-identifier",
  "version" : "2.0.0",
  "name" : "TDDUIEncounterIdentifier",
  "title" : "TDDUI Encounter FR Core CodeSystem v2-0203",
  "status" : "active",
  "experimental" : false,
  "date" : "2025-10-02T15:02:58+00:00",
  "publisher" : "ANS",
  "contact" : [{
    "name" : "ANS",
    "telecom" : [{
      "system" : "url",
      "value" : "https://esante.gouv.fr"
    }]
  }],
  "description" : "TDDUI Encounter's identifier",
  "jurisdiction" : [{
    "coding" : [{
      "system" : "urn:iso:std:iso:3166",
      "code" : "FR",
      "display" : "FRANCE"
    }]
  }],
  "caseSensitive" : true,
  "content" : "complete",
  "count" : 1,
  "concept" : [{
    "code" : "SEJ",
    "display" : "Identifiant du séjour"
  }]
}