{
  "codeSystems" : [
    {
      "url" : "http://hl7.org/fhir/ValueSet/address-type",
      "version" : "4.0.1",
      "status" : "active",
      "name" : "AddressType",
      "title" : "AddressType",
      "description" : "The type of an address (physical / postal).",
      "systems" : ["http://hl7.org/fhir/address-type"],
      "oids" : ["2.16.840.1.113883.4.642.3.69"],
      "sources" : ["2.16.840.1.113883.4.642.3.69"],
      "uses" : {
      },
      "StructureDefinition-tddui-patient.html" : "TDDUI Patient",
      "StructureDefinition-tddui-patient-ins.html" : "TDDUI Patient INS"
    },
    {
      "url" : "http://hl7.org/fhir/ValueSet/address-use",
      "version" : "4.0.1",
      "status" : "active",
      "name" : "AddressUse",
      "title" : "AddressUse",
      "description" : "The use of an address.",
      "systems" : ["http://hl7.org/fhir/address-use"],
      "oids" : ["2.16.840.1.113883.4.642.3.67"],
      "sources" : ["2.16.840.1.113883.4.642.3.67"],
      "uses" : {
      },
      "StructureDefinition-tddui-patient.html" : "TDDUI Patient",
      "StructureDefinition-tddui-patient-ins.html" : "TDDUI Patient INS"
    },
    {
      "url" : "http://hl7.org/fhir/ValueSet/administrative-gender",
      "version" : "4.0.1",
      "status" : "active",
      "name" : "AdministrativeGender",
      "title" : "AdministrativeGender",
      "description" : "The gender of a person used for administrative purposes.",
      "systems" : ["http://hl7.org/fhir/administrative-gender"],
      "oids" : ["2.16.840.1.113883.4.642.3.1"],
      "sources" : ["2.16.840.1.113883.4.642.3.1"],
      "uses" : {
      },
      "StructureDefinition-tddui-patient.html" : "TDDUI Patient",
      "StructureDefinition-tddui-patient-ins.html" : "TDDUI Patient INS"
    },
    {
      "url" : "http://hl7.org/fhir/ValueSet/bundle-type",
      "version" : "4.0.1",
      "status" : "active",
      "name" : "BundleType",
      "title" : "BundleType",
      "description" : "Indicates the purpose of a bundle - how it is intended to be used.",
      "systems" : ["http://hl7.org/fhir/bundle-type"],
      "oids" : ["2.16.840.1.113883.4.642.3.620"],
      "sources" : ["2.16.840.1.113883.4.642.3.620"],
      "uses" : {
      },
      "StructureDefinition-tddui-bundle.html" : "TDDUI Bundle"
    },
    {
      "url" : "http://hl7.org/fhir/ValueSet/common-tags",
      "version" : "4.0.1",
      "status" : "draft",
      "name" : "CommonTags",
      "title" : "Common Tags",
      "description" : "Common Tag Codes defined by FHIR project",
      "systems" : ["http://terminology.hl7.org/CodeSystem/common-tags"],
      "oids" : ["2.16.840.1.113883.4.642.3.79"],
      "sources" : ["2.16.840.1.113883.4.642.3.79"],
      "uses" : {
      },
      "StructureDefinition-tddui-organization.html" : "TDDUI Organization",
      "StructureDefinition-tddui-patient.html" : "TDDUI Patient",
      "StructureDefinition-tddui-patient-ins.html" : "TDDUI Patient INS"
    },
    {
      "url" : "http://hl7.org/fhir/ValueSet/contactentity-type",
      "version" : "4.0.1",
      "status" : "draft",
      "name" : "ContactEntityType",
      "title" : "Contact entity type",
      "description" : "This example value set defines a set of codes that can be used to indicate the purpose for which you would contact a contact party.",
      "systems" : ["http://terminology.hl7.org/CodeSystem/contactentity-type"],
      "oids" : ["2.16.840.1.113883.4.642.3.416"],
      "sources" : ["2.16.840.1.113883.4.642.3.416"],
      "uses" : {
      },
      "StructureDefinition-tddui-organization.html" : "TDDUI Organization"
    },
    {
      "url" : "http://hl7.org/fhir/ValueSet/diagnosis-role",
      "version" : "4.0.1",
      "status" : "draft",
      "name" : "DiagnosisRole",
      "title" : "DiagnosisRole",
      "description" : "This value set defines a set of codes that can be used to express the role of a diagnosis on the Encounter or EpisodeOfCare record.",
      "systems" : ["http://terminology.hl7.org/CodeSystem/diagnosis-role"],
      "oids" : ["2.16.840.1.113883.4.642.3.49"],
      "sources" : ["2.16.840.1.113883.4.642.3.49"],
      "uses" : {
      },
      "StructureDefinition-tddui-encounter-sejour.html" : "TDDUI Encounter Sejour"
    },
    {
      "url" : "http://hl7.org/fhir/ValueSet/encounter-admit-source",
      "version" : "4.0.1",
      "status" : "draft",
      "name" : "AdmitSource",
      "title" : "Admit source",
      "description" : "This value set defines a set of codes that can be used to indicate from where the patient came in.",
      "systems" : ["http://terminology.hl7.org/CodeSystem/admit-source"],
      "oids" : ["2.16.840.1.113883.4.642.3.257"],
      "sources" : ["2.16.840.1.113883.4.642.3.257"],
      "uses" : {
      },
      "StructureDefinition-tddui-encounter-sejour.html" : "TDDUI Encounter Sejour"
    },
    {
      "url" : "http://hl7.org/fhir/ValueSet/encounter-diet",
      "version" : "4.0.1",
      "status" : "draft",
      "name" : "Diet",
      "title" : "Diet",
      "description" : "This value set defines a set of codes that can be used to indicate dietary preferences or restrictions a patient may have.",
      "systems" : ["http://terminology.hl7.org/CodeSystem/diet"],
      "oids" : ["2.16.840.1.113883.4.642.3.255"],
      "sources" : ["2.16.840.1.113883.4.642.3.255"],
      "uses" : {
      },
      "StructureDefinition-tddui-encounter-sejour.html" : "TDDUI Encounter Sejour"
    },
    {
      "url" : "http://hl7.org/fhir/ValueSet/encounter-discharge-disposition",
      "version" : "4.0.1",
      "status" : "draft",
      "name" : "DischargeDisposition",
      "title" : "Discharge disposition",
      "description" : "This value set defines a set of codes that can be used to where the patient left the hospital.",
      "systems" : [
        "http://terminology.hl7.org/CodeSystem/discharge-disposition"
      ],
      "oids" : ["2.16.840.1.113883.4.642.3.259"],
      "sources" : ["2.16.840.1.113883.4.642.3.259"],
      "uses" : {
      },
      "StructureDefinition-tddui-encounter-sejour.html" : "TDDUI Encounter Sejour"
    },
    {
      "url" : "http://hl7.org/fhir/ValueSet/encounter-location-status",
      "version" : "4.0.1",
      "status" : "draft",
      "name" : "EncounterLocationStatus",
      "title" : "EncounterLocationStatus",
      "description" : "The status of the location.",
      "systems" : ["http://hl7.org/fhir/encounter-location-status"],
      "oids" : ["2.16.840.1.113883.4.642.3.262"],
      "sources" : ["2.16.840.1.113883.4.642.3.262"],
      "uses" : {
      },
      "StructureDefinition-tddui-encounter-sejour.html" : "TDDUI Encounter Sejour"
    },
    {
      "url" : "http://hl7.org/fhir/ValueSet/encounter-participant-type",
      "version" : "4.0.1",
      "status" : "draft",
      "name" : "ParticipantType",
      "title" : "Participant type",
      "description" : "This value set defines a set of codes that can be used to indicate how an individual participates in an encounter.",
      "systems" : [
        "http://terminology.hl7.org/CodeSystem/participant-type",
        "http://terminology.hl7.org/CodeSystem/v3-ParticipationType"
      ],
      "oids" : ["2.16.840.1.113883.4.642.3.250"],
      "sources" : ["2.16.840.1.113883.4.642.3.250"],
      "uses" : {
      },
      "StructureDefinition-tddui-encounter-sejour.html" : "TDDUI Encounter Sejour"
    },
    {
      "url" : "http://hl7.org/fhir/ValueSet/encounter-reason",
      "version" : "4.0.1",
      "status" : "draft",
      "name" : "EncounterReasonCodes",
      "title" : "Encounter Reason Codes",
      "description" : "This examples value set defines the set of codes that can be used to indicate reasons for an encounter.",
      "systems" : ["http://snomed.info/sct"],
      "oids" : ["2.16.840.1.113883.4.642.3.261"],
      "sources" : ["2.16.840.1.113883.4.642.3.261"],
      "uses" : {
      },
      "StructureDefinition-tddui-encounter-sejour.html" : "TDDUI Encounter Sejour"
    },
    {
      "url" : "http://hl7.org/fhir/ValueSet/encounter-special-arrangements",
      "version" : "4.0.1",
      "status" : "draft",
      "name" : "SpecialArrangements",
      "title" : "Special arrangements",
      "description" : "This value set defines a set of codes that can be used to indicate the kinds of special arrangements in place for a patients visit.",
      "systems" : [
        "http://terminology.hl7.org/CodeSystem/encounter-special-arrangements"
      ],
      "oids" : ["2.16.840.1.113883.4.642.3.253"],
      "sources" : ["2.16.840.1.113883.4.642.3.253"],
      "uses" : {
      },
      "StructureDefinition-tddui-encounter-sejour.html" : "TDDUI Encounter Sejour"
    },
    {
      "url" : "http://hl7.org/fhir/ValueSet/encounter-special-courtesy",
      "version" : "4.0.1",
      "status" : "draft",
      "name" : "SpecialCourtesy",
      "title" : "Special courtesy",
      "description" : "This value set defines a set of codes that can be used to indicate special courtesies provided to the patient.",
      "systems" : [
        "http://terminology.hl7.org/CodeSystem/v3-EncounterSpecialCourtesy",
        "http://terminology.hl7.org/CodeSystem/v3-NullFlavor"
      ],
      "oids" : ["2.16.840.1.113883.4.642.3.252"],
      "sources" : ["2.16.840.1.113883.4.642.3.252"],
      "uses" : {
      },
      "StructureDefinition-tddui-encounter-sejour.html" : "TDDUI Encounter Sejour"
    },
    {
      "url" : "http://hl7.org/fhir/ValueSet/encounter-status",
      "version" : "4.0.1",
      "status" : "draft",
      "name" : "EncounterStatus",
      "title" : "EncounterStatus",
      "description" : "Current state of the encounter.",
      "systems" : ["http://hl7.org/fhir/encounter-status"],
      "oids" : ["2.16.840.1.113883.4.642.3.246"],
      "sources" : ["2.16.840.1.113883.4.642.3.246"],
      "uses" : {
      },
      "StructureDefinition-tddui-encounter-sejour.html" : "TDDUI Encounter Sejour"
    },
    {
      "url" : "http://hl7.org/fhir/ValueSet/encounter-type",
      "version" : "4.0.1",
      "status" : "draft",
      "name" : "EncounterType",
      "title" : "Encounter type",
      "description" : "This example value set defines a set of codes that can be used to indicate the type of encounter: a specific code indicating type of service provided.",
      "systems" : ["http://terminology.hl7.org/CodeSystem/encounter-type"],
      "oids" : ["2.16.840.1.113883.4.642.3.248"],
      "sources" : ["2.16.840.1.113883.4.642.3.248"],
      "uses" : {
      },
      "StructureDefinition-tddui-encounter-sejour.html" : "TDDUI Encounter Sejour"
    },
    {
      "url" : "http://hl7.org/fhir/ValueSet/http-verb",
      "version" : "4.0.1",
      "status" : "active",
      "name" : "HTTPVerb",
      "title" : "HTTPVerb",
      "description" : "HTTP verbs (in the HTTP command line). See [HTTP rfc](https://tools.ietf.org/html/rfc7231) for details.",
      "systems" : ["http://hl7.org/fhir/http-verb"],
      "oids" : ["2.16.840.1.113883.4.642.3.624"],
      "sources" : ["2.16.840.1.113883.4.642.3.624"],
      "uses" : {
      },
      "StructureDefinition-tddui-bundle.html" : "TDDUI Bundle"
    },
    {
      "url" : "http://hl7.org/fhir/ValueSet/identifier-type",
      "version" : "4.0.1",
      "status" : "active",
      "name" : "Identifier Type Codes",
      "title" : "IdentifierType",
      "description" : "A coded type for an identifier that can be used to determine which identifier to use for a specific purpose.",
      "systems" : ["http://terminology.hl7.org/CodeSystem/v2-0203"],
      "oids" : ["2.16.840.1.113883.4.642.3.45"],
      "sources" : ["2.16.840.1.113883.4.642.3.45"],
      "uses" : {
      },
      "StructureDefinition-tddui-organization.html" : "TDDUI Organization",
      "StructureDefinition-tddui-patient.html" : "TDDUI Patient",
      "StructureDefinition-tddui-encounter-sejour.html" : "TDDUI Encounter Sejour",
      "StructureDefinition-tddui-patient-ins.html" : "TDDUI Patient INS"
    },
    {
      "url" : "http://hl7.org/fhir/ValueSet/identifier-use",
      "version" : "4.0.1",
      "status" : "active",
      "name" : "IdentifierUse",
      "title" : "IdentifierUse",
      "description" : "Identifies the purpose for this identifier, if known .",
      "systems" : ["http://hl7.org/fhir/identifier-use"],
      "oids" : ["2.16.840.1.113883.4.642.3.57"],
      "sources" : ["2.16.840.1.113883.4.642.3.57"],
      "uses" : {
      },
      "StructureDefinition-tddui-organization.html" : "TDDUI Organization",
      "StructureDefinition-tddui-patient.html" : "TDDUI Patient",
      "StructureDefinition-tddui-encounter-sejour.html" : "TDDUI Encounter Sejour",
      "StructureDefinition-tddui-patient-ins.html" : "TDDUI Patient INS"
    },
    {
      "url" : "http://hl7.org/fhir/ValueSet/languages",
      "version" : "4.0.1",
      "status" : "draft",
      "name" : "CommonLanguages",
      "title" : "Common Languages",
      "description" : "This value set includes common codes from BCP-47 (http://tools.ietf.org/html/bcp47)",
      "systems" : ["urn:ietf:bcp:47"],
      "oids" : ["2.16.840.1.113883.4.642.3.20"],
      "sources" : ["2.16.840.1.113883.4.642.3.20"],
      "uses" : {
      },
      "StructureDefinition-tddui-organization.html" : "TDDUI Organization",
      "StructureDefinition-tddui-patient.html" : "TDDUI Patient",
      "StructureDefinition-tddui-encounter-sejour.html" : "TDDUI Encounter Sejour",
      "StructureDefinition-tddui-patient-ins.html" : "TDDUI Patient INS",
      "StructureDefinition-tddui-bundle.html" : "TDDUI Bundle"
    },
    {
      "url" : "http://hl7.org/fhir/ValueSet/link-type",
      "version" : "4.0.1",
      "status" : "active",
      "name" : "LinkType",
      "title" : "LinkType",
      "description" : "The type of link between this patient resource and another patient resource.",
      "systems" : ["http://hl7.org/fhir/link-type"],
      "oids" : ["2.16.840.1.113883.4.642.3.423"],
      "sources" : ["2.16.840.1.113883.4.642.3.423"],
      "uses" : {
      },
      "StructureDefinition-tddui-patient.html" : "TDDUI Patient",
      "StructureDefinition-tddui-patient-ins.html" : "TDDUI Patient INS"
    },
    {
      "url" : "http://hl7.org/fhir/ValueSet/location-physical-type",
      "version" : "4.0.1",
      "status" : "draft",
      "name" : "LocationType",
      "title" : "Location type",
      "description" : "This example value set defines a set of codes that can be used to indicate the physical form of the Location.",
      "systems" : [
        "http://terminology.hl7.org/CodeSystem/location-physical-type"
      ],
      "oids" : ["2.16.840.1.113883.4.642.3.328"],
      "sources" : ["2.16.840.1.113883.4.642.3.328"],
      "uses" : {
      },
      "StructureDefinition-tddui-encounter-sejour.html" : "TDDUI Encounter Sejour"
    },
    {
      "url" : "http://hl7.org/fhir/ValueSet/name-use",
      "version" : "4.0.1",
      "status" : "active",
      "name" : "NameUse",
      "title" : "NameUse",
      "description" : "The use of a human name.",
      "systems" : ["http://hl7.org/fhir/name-use"],
      "oids" : ["2.16.840.1.113883.4.642.3.65"],
      "sources" : ["2.16.840.1.113883.4.642.3.65"],
      "uses" : {
      },
      "StructureDefinition-tddui-patient.html" : "TDDUI Patient",
      "StructureDefinition-tddui-patient-ins.html" : "TDDUI Patient INS",
      "StructureDefinition-tddui-human-name.html" : "TDDUI Human Name DataType"
    },
    {
      "url" : "http://hl7.org/fhir/ValueSet/organization-type",
      "version" : "4.0.1",
      "status" : "draft",
      "name" : "OrganizationType",
      "title" : "Organization type",
      "description" : "This example value set defines a set of codes that can be used to indicate a type of organization.",
      "systems" : ["http://terminology.hl7.org/CodeSystem/organization-type"],
      "oids" : ["2.16.840.1.113883.4.642.3.414"],
      "sources" : ["2.16.840.1.113883.4.642.3.414"],
      "uses" : {
      },
      "StructureDefinition-tddui-organization.html" : "TDDUI Organization"
    },
    {
      "url" : "http://hl7.org/fhir/ValueSet/patient-contactrelationship",
      "version" : "4.0.1",
      "status" : "active",
      "name" : "PatientContactRelationship",
      "title" : "Patient Contact Relationship ",
      "description" : "The nature of the relationship between the patient and the contact person.",
      "systems" : ["http://terminology.hl7.org/CodeSystem/v2-0131"],
      "oids" : ["2.16.840.1.113883.4.642.3.1130"],
      "sources" : ["2.16.840.1.113883.4.642.3.1130"],
      "uses" : {
      },
      "StructureDefinition-tddui-patient.html" : "TDDUI Patient",
      "StructureDefinition-tddui-patient-ins.html" : "TDDUI Patient INS"
    },
    {
      "url" : "http://hl7.org/fhir/ValueSet/search-entry-mode",
      "version" : "4.0.1",
      "status" : "active",
      "name" : "SearchEntryMode",
      "title" : "SearchEntryMode",
      "description" : "Why an entry is in the result set - whether it's included as a match or because of an _include requirement, or to convey information or warning information about the search process.",
      "systems" : ["http://hl7.org/fhir/search-entry-mode"],
      "oids" : ["2.16.840.1.113883.4.642.3.622"],
      "sources" : ["2.16.840.1.113883.4.642.3.622"],
      "uses" : {
      },
      "StructureDefinition-tddui-bundle.html" : "TDDUI Bundle"
    },
    {
      "url" : "http://hl7.org/fhir/ValueSet/security-labels",
      "version" : "4.0.1",
      "status" : "active",
      "name" : "All Security Labels",
      "title" : "SecurityLabels",
      "description" : "A single value set for all security labels defined by FHIR.",
      "systems" : [
        "http://terminology.hl7.org/CodeSystem/v3-ActReason",
        "http://terminology.hl7.org/CodeSystem/v3-ActUSPrivacyLaw",
        "http://terminology.hl7.org/CodeSystem/v3-ObservationValue",
        "http://terminology.hl7.org/CodeSystem/v3-ActCode",
        "http://terminology.hl7.org/CodeSystem/v3-Confidentiality"
      ],
      "oids" : ["2.16.840.1.113883.4.642.3.47"],
      "sources" : ["2.16.840.1.113883.4.642.3.47"],
      "uses" : {
      },
      "StructureDefinition-tddui-organization.html" : "TDDUI Organization",
      "StructureDefinition-tddui-patient.html" : "TDDUI Patient",
      "StructureDefinition-tddui-patient-ins.html" : "TDDUI Patient INS"
    },
    {
      "url" : "http://hl7.org/fhir/ValueSet/service-type",
      "version" : "4.0.1",
      "status" : "draft",
      "name" : "ServiceType",
      "title" : "Service type",
      "description" : "This value set defines an example set of codes of service-types.",
      "systems" : ["http://terminology.hl7.org/CodeSystem/service-type"],
      "oids" : ["2.16.840.1.113883.4.642.3.518"],
      "sources" : ["2.16.840.1.113883.4.642.3.518"],
      "uses" : {
      },
      "StructureDefinition-tddui-encounter-sejour.html" : "TDDUI Encounter Sejour"
    },
    {
      "url" : "http://terminology.hl7.org/ValueSet/v2-0092",
      "version" : "2.0.0",
      "status" : "active",
      "name" : "Hl7VSReAdmissionIndicator",
      "title" : "hl7VS-re-admissionIndicator",
      "description" : "Value Set of codes which are used to specify that a patient is being re-admitted to a healthcare facility from which they were discharged, and indicates the circumstances around such re-admission.",
      "systems" : ["http://terminology.hl7.org/CodeSystem/v2-0092"],
      "oids" : ["2.16.840.1.113883.21.40"],
      "sources" : ["2.16.840.1.113883.21.40"],
      "uses" : {
      },
      "StructureDefinition-tddui-encounter-sejour.html" : "TDDUI Encounter Sejour"
    },
    {
      "url" : "http://terminology.hl7.org/ValueSet/v3-ActEncounterCode",
      "version" : "3.0.0",
      "status" : "active",
      "name" : "ActEncounterCode",
      "title" : "ActEncounterCode",
      "description" : "Domain provides codes that qualify the ActEncounterClass (ENC)",
      "systems" : ["http://terminology.hl7.org/CodeSystem/v3-ActCode"],
      "oids" : ["2.16.840.1.113883.1.11.13955"],
      "sources" : ["2.16.840.1.113883.1.11.13955"],
      "uses" : {
      },
      "StructureDefinition-tddui-encounter-sejour.html" : "TDDUI Encounter Sejour"
    },
    {
      "url" : "http://terminology.hl7.org/ValueSet/v3-ActPriority",
      "version" : "3.0.0",
      "status" : "active",
      "name" : "ActPriority",
      "title" : "ActPriority",
      "description" : "A code or set of codes (e.g., for routine, emergency,) specifying the urgency under which the Act happened, can happen, is happening, is intended to happen, or is requested/demanded to happen.\r\n\r\n*Discussion:* This attribute is used in orders to indicate the ordered priority, and in event documentation it indicates the actual priority used to perform the act. In definition mood it indicates the available priorities.",
      "systems" : ["http://terminology.hl7.org/CodeSystem/v3-ActPriority"],
      "oids" : ["2.16.840.1.113883.1.11.16866"],
      "sources" : ["2.16.840.1.113883.1.11.16866"],
      "uses" : {
      },
      "StructureDefinition-tddui-encounter-sejour.html" : "TDDUI Encounter Sejour"
    },
    {
      "url" : "https://hl7.fr/ig/fhir/core/ValueSet/fr-core-vs-marital-status",
      "version" : "2.1.0",
      "status" : "active",
      "name" : "FRCoreValueSetMaritalStatus",
      "title" : "FR Core ValueSet Patient gender INS ValueSet",
      "description" : "Patient Gender for INS : male | female | unknown",
      "systems" : [
        "http://terminology.hl7.org/CodeSystem/v3-MaritalStatus",
        "http://terminology.hl7.org/CodeSystem/v3-NullFlavor",
        "https://hl7.fr/ig/fhir/core/CodeSystem/fr-core-cs-marital-status"
      ],
      "uses" : {
      },
      "StructureDefinition-tddui-patient.html" : "TDDUI Patient",
      "StructureDefinition-tddui-patient-ins.html" : "TDDUI Patient INS"
    },
    {
      "url" : "https://hl7.fr/ig/fhir/core/ValueSet/fr-core-vs-organization-type",
      "version" : "2.1.0",
      "status" : "active",
      "name" : "FRCoreValueSetOrganizationType",
      "title" : "FR Core ValueSet Organization type",
      "description" : "Organization types | Types de structures",
      "systems" : ["https://hl7.fr/ig/fhir/core/CodeSystem/fr-core-cs-v2-3307"],
      "uses" : {
      },
      "StructureDefinition-tddui-organization.html" : "TDDUI Organization"
    },
    {
      "url" : "https://hl7.fr/ig/fhir/core/ValueSet/fr-core-vs-patient-contact-role",
      "version" : "2.1.0",
      "status" : "active",
      "name" : "FRCoreValueSetPatientContactRole",
      "title" : "FR Core ValueSet Patient contact role",
      "description" : "ValueSet patient contact role",
      "systems" : [
        "http://terminology.hl7.org/CodeSystem/v2-0131",
        "https://mos.esante.gouv.fr/NOS/TRE_R260-HL7RoleClass/FHIR/TRE-R260-HL7RoleClass",
        "https://mos.esante.gouv.fr/NOS/TRE_R217-ProtectionJuridique/FHIR/TRE-R217-ProtectionJuridique"
      ],
      "uses" : {
      },
      "StructureDefinition-tddui-patient.html" : "TDDUI Patient",
      "StructureDefinition-tddui-patient-ins.html" : "TDDUI Patient INS"
    },
    {
      "url" : "https://hl7.fr/ig/fhir/core/ValueSet/fr-core-vs-patient-gender-INS",
      "version" : "2.1.0",
      "status" : "active",
      "name" : "FRCoreValueSetPatientGenderINS",
      "title" : "FR Core ValueSet Patient gender INS ValueSet",
      "description" : "Patient Gender for INS : male | female | unknown",
      "systems" : ["http://hl7.org/fhir/administrative-gender"],
      "uses" : {
      },
      "StructureDefinition-tddui-patient.html" : "TDDUI Patient",
      "StructureDefinition-tddui-patient-ins.html" : "TDDUI Patient INS"
    },
    {
      "url" : "https://hl7.fr/ig/fhir/core/ValueSet/fr-core-vs-relation-type",
      "version" : "2.1.0",
      "status" : "active",
      "name" : "FRCoreValueSetPatientRelationType",
      "title" : "FR Core ValueSet relation type",
      "description" : "ValueSet relation type",
      "systems" : [
        "https://mos.esante.gouv.fr/NOS/TRE_R216-HL7RoleCode/FHIR/TRE-R216-HL7RoleCode"
      ],
      "uses" : {
      },
      "StructureDefinition-tddui-patient.html" : "TDDUI Patient",
      "StructureDefinition-tddui-patient-ins.html" : "TDDUI Patient INS"
    },
    {
      "url" : "https://mos.esante.gouv.fr/NOS/JDV_J101-SecteurActivite-RASS/FHIR/JDV-J101-SecteurActivite-RASS",
      "version" : "20250523120000",
      "status" : "active",
      "name" : "JDV_J101_SecteurActivite_RASS",
      "title" : null,
      "description" : "Secteurs d'activité des établissements avec la même activité dans le RASS",
      "systems" : [
        "https://mos.esante.gouv.fr/NOS/TRE_R02-SecteurActivite/FHIR/TRE-R02-SecteurActivite"
      ],
      "oids" : ["1.2.250.1.213.1.6.1.169"],
      "sources" : ["1.2.250.1.213.1.6.1.169"],
      "uses" : {
      },
      "StructureDefinition-tddui-organization.html" : "TDDUI Organization"
    },
    {
      "url" : "https://mos.esante.gouv.fr/NOS/JDV_J129-CategorieEtablissement-RASS/FHIR/JDV-J129-CategorieEtablissement-RASS",
      "version" : "20241025120000",
      "status" : "active",
      "name" : "JDV_J129_CategorieEtablissement_RASS",
      "title" : null,
      "description" : "Catégorie d'établissement du RASS",
      "systems" : [
        "https://mos.esante.gouv.fr/NOS/TRE_R66-CategorieEtablissement/FHIR/TRE-R66-CategorieEtablissement"
      ],
      "oids" : ["1.2.250.1.213.1.6.1.215"],
      "sources" : ["1.2.250.1.213.1.6.1.215"],
      "uses" : {
      },
      "StructureDefinition-tddui-organization.html" : "TDDUI Organization"
    },
    {
      "url" : "https://mos.esante.gouv.fr/NOS/JDV_J245-Civilite-CISIS/FHIR/JDV-J245-Civilite-CISIS",
      "version" : "20230331120000",
      "status" : "active",
      "name" : "JDV_J245_Civilite_CISIS",
      "title" : null,
      "description" : "Civilités CI-SIS",
      "systems" : [
        "https://mos.esante.gouv.fr/NOS/TRE_R81-Civilite/FHIR/TRE-R81-Civilite"
      ],
      "oids" : ["1.2.250.1.213.1.1.5.718"],
      "sources" : ["1.2.250.1.213.1.1.5.718"],
      "uses" : {
      },
      "StructureDefinition-tddui-human-name.html" : "TDDUI Human Name DataType"
    },
    {
      "url" : "https://mos.esante.gouv.fr/NOS/JDV_J79-CiviliteExercice-RASS/FHIR/JDV-J79-CiviliteExercice-RASS",
      "version" : "20200424120000",
      "status" : "active",
      "name" : "JDV_J79_CiviliteExercice_RASS",
      "title" : null,
      "description" : "Civilités d'exercice d'un professionnel du RASS",
      "systems" : [
        "https://mos.esante.gouv.fr/NOS/TRE_R11-CiviliteExercice/FHIR/TRE-R11-CiviliteExercice"
      ],
      "oids" : ["1.2.250.1.213.1.6.1.147"],
      "sources" : ["1.2.250.1.213.1.6.1.147"],
      "uses" : {
      },
      "StructureDefinition-tddui-human-name.html" : "TDDUI Human Name DataType"
    }
  ]
}
