{
  "resourceType": "CodeSystem",
  "status": "active",
  "content": "complete",
  "name": "TRE_R58_AutreTypeDiplome",
  "id": "TRE-R58-AutreTypeDiplome",
  "description": "Autre type de diplôme",
  "version": "20250828120000",
  "url": "https://mos.esante.gouv.fr/NOS/TRE_R58-AutreTypeDiplome/FHIR/TRE-R58-AutreTypeDiplome",
  "concept": [
    {
      "code": "DIP03",
      "display": "Diplôme d'habilitation à diriger des recherches",
      "designation": [
        {
          "language": "fr-FR",
          "use": {
            "system": "http://snomed.info/sct",
            "code": "900000000000013009"
          },
          "value": "Dip habil diriger recherches"
        }
      ],
      "property": [
        {
          "code": "dateValid",
          "valueDateTime": "2008-03-20T10:49:18+01:00"
        },
        {
          "code": "dateMaj",
          "valueDateTime": "2016-09-01T00:00:00+01:00"
        },
        {
          "code": "status",
          "valueCode": "active"
        }
      ]
    },
    {
      "code": "DIP04",
      "display": "Maîtrise de Biologie humaine",
      "property": [
        {
          "code": "dateValid",
          "valueDateTime": "2008-03-20T10:49:19+01:00"
        },
        {
          "code": "dateMaj",
          "valueDateTime": "2016-09-01T00:00:00+01:00"
        },
        {
          "code": "status",
          "valueCode": "active"
        }
      ]
    },
    {
      "code": "DIP05",
      "display": "Maîtrise de Sciences biologiques et médicales",
      "designation": [
        {
          "language": "fr-FR",
          "use": {
            "system": "http://snomed.info/sct",
            "code": "900000000000013009"
          },
          "value": "Maîtrise Sciences biolog, méd"
        }
      ],
      "property": [
        {
          "code": "dateValid",
          "valueDateTime": "2008-03-20T10:49:20+01:00"
        },
        {
          "code": "dateMaj",
          "valueDateTime": "2016-09-01T00:00:00+01:00"
        },
        {
          "code": "status",
          "valueCode": "active"
        }
      ]
    },
    {
      "code": "DIP06",
      "display": "Maîtrise de Sciences dentaires",
      "designation": [
        {
          "language": "fr-FR",
          "use": {
            "system": "http://snomed.info/sct",
            "code": "900000000000013009"
          },
          "value": "Maîtrise Sciences dentaires"
        }
      ],
      "property": [
        {
          "code": "dateValid",
          "valueDateTime": "2008-03-20T10:49:20+01:00"
        },
        {
          "code": "dateMaj",
          "valueDateTime": "2016-09-01T00:00:00+01:00"
        },
        {
          "code": "status",
          "valueCode": "active"
        }
      ]
    },
    {
      "code": "DIP07",
      "display": "Diplôme d'études et de Recherche biologie humaine",
      "designation": [
        {
          "language": "fr-FR",
          "use": {
            "system": "http://snomed.info/sct",
            "code": "900000000000013009"
          },
          "value": "Dip étu Rech biologie humaine"
        }
      ],
      "property": [
        {
          "code": "dateValid",
          "valueDateTime": "2008-03-20T10:49:16+01:00"
        },
        {
          "code": "dateMaj",
          "valueDateTime": "2016-09-01T00:00:00+01:00"
        },
        {
          "code": "status",
          "valueCode": "active"
        }
      ]
    },
    {
      "code": "DIP30",
      "display": "Diplôme d'Appareillage des handicapés moteurs",
      "designation": [
        {
          "language": "fr-FR",
          "use": {
            "system": "http://snomed.info/sct",
            "code": "900000000000013009"
          },
          "value": "Dip Appareil handicapés moteur"
        }
      ],
      "property": [
        {
          "code": "dateValid",
          "valueDateTime": "2008-03-20T10:49:24+01:00"
        },
        {
          "code": "dateMaj",
          "valueDateTime": "2016-09-01T00:00:00+01:00"
        },
        {
          "code": "status",
          "valueCode": "active"
        }
      ]
    },
    {
      "code": "DIP31",
      "display": "Diplôme de la Marine marchande",
      "designation": [
        {
          "language": "fr-FR",
          "use": {
            "system": "http://snomed.info/sct",
            "code": "900000000000013009"
          },
          "value": "Dip Marine marchande"
        }
      ],
      "property": [
        {
          "code": "dateValid",
          "valueDateTime": "2008-03-20T10:49:25+01:00"
        },
        {
          "code": "dateMaj",
          "valueDateTime": "2008-03-20T10:49:25+01:00"
        },
        {
          "code": "status",
          "valueCode": "active"
        }
      ]
    },
    {
      "code": "DIP32",
      "display": "Diplôme de Podologie",
      "designation": [
        {
          "language": "fr-FR",
          "use": {
            "system": "http://snomed.info/sct",
            "code": "900000000000013009"
          },
          "value": "Dip Podologie"
        }
      ],
      "property": [
        {
          "code": "dateValid",
          "valueDateTime": "2008-03-20T10:49:26+01:00"
        },
        {
          "code": "dateMaj",
          "valueDateTime": "2008-03-20T10:49:26+01:00"
        },
        {
          "code": "status",
          "valueCode": "active"
        }
      ]
    },
    {
      "code": "DIP33",
      "display": "Diplôme de Sexologie",
      "designation": [
        {
          "language": "fr-FR",
          "use": {
            "system": "http://snomed.info/sct",
            "code": "900000000000013009"
          },
          "value": "Dip Sexologie"
        }
      ],
      "property": [
        {
          "code": "dateValid",
          "valueDateTime": "2008-03-20T10:49:26+01:00"
        },
        {
          "code": "dateMaj",
          "valueDateTime": "2008-03-20T10:49:26+01:00"
        },
        {
          "code": "status",
          "valueCode": "active"
        }
      ]
    },
    {
      "code": "DIP34",
      "display": "Diplôme de Thérapeutiques manuelles",
      "designation": [
        {
          "language": "fr-FR",
          "use": {
            "system": "http://snomed.info/sct",
            "code": "900000000000013009"
          },
          "value": "Dip Thérapeutiques manuelles"
        }
      ],
      "property": [
        {
          "code": "dateValid",
          "valueDateTime": "2008-03-20T10:49:27+01:00"
        },
        {
          "code": "dateMaj",
          "valueDateTime": "2016-09-01T00:00:00+01:00"
        },
        {
          "code": "status",
          "valueCode": "active"
        }
      ]
    },
    {
      "code": "DIP35",
      "display": "Diplôme relatif à la Réparation juridique du dommage corporel",
      "designation": [
        {
          "language": "fr-FR",
          "use": {
            "system": "http://snomed.info/sct",
            "code": "900000000000013009"
          },
          "value": "Dip relat Répar jur domm corp"
        }
      ],
      "property": [
        {
          "code": "dateValid",
          "valueDateTime": "2008-03-20T10:49:27+01:00"
        },
        {
          "code": "dateMaj",
          "valueDateTime": "2016-09-01T00:00:00+01:00"
        },
        {
          "code": "status",
          "valueCode": "active"
        }
      ]
    },
    {
      "code": "DIP36",
      "display": "Diplôme études médicales relatives à la Réparation juridique du dommage corporel",
      "designation": [
        {
          "language": "fr-FR",
          "use": {
            "system": "http://snomed.info/sct",
            "code": "900000000000013009"
          },
          "value": "DEM relat Répar jur domm corp"
        },
        {
          "language": "fr-FR",
          "use": {
            "system": "http://snomed.info/sct",
            "code": "900000000000013009"
          },
          "value": "Diplôme d'études médicales relatives à la Réparation juridique du dommage corporel"
        }
      ],
      "property": [
        {
          "code": "dateValid",
          "valueDateTime": "2008-03-20T10:49:28+01:00"
        },
        {
          "code": "dateMaj",
          "valueDateTime": "2016-09-01T00:00:00+01:00"
        },
        {
          "code": "status",
          "valueCode": "active"
        }
      ]
    },
    {
      "code": "DIP37",
      "display": "CA ou DU Expertise du Dommage corporel",
      "designation": [
        {
          "language": "fr-FR",
          "use": {
            "system": "http://snomed.info/sct",
            "code": "900000000000013009"
          },
          "value": "CA, DU Expertise domm corporel"
        }
      ],
      "property": [
        {
          "code": "dateValid",
          "valueDateTime": "2008-03-20T10:49:29+01:00"
        },
        {
          "code": "dateMaj",
          "valueDateTime": "2016-09-01T00:00:00+01:00"
        },
        {
          "code": "status",
          "valueCode": "active"
        }
      ]
    },
    {
      "code": "DIP73",
      "display": "Diplôme de Médecine agricole",
      "designation": [
        {
          "language": "fr-FR",
          "use": {
            "system": "http://snomed.info/sct",
            "code": "900000000000013009"
          },
          "value": "Dip de Médecine agricole"
        }
      ],
      "property": [
        {
          "code": "dateValid",
          "valueDateTime": "2008-03-20T10:49:54+01:00"
        },
        {
          "code": "dateMaj",
          "valueDateTime": "2016-09-01T00:00:00+01:00"
        },
        {
          "code": "status",
          "valueCode": "active"
        }
      ]
    },
    {
      "code": "DIP74",
      "display": "Diplôme d'études et de recherche science Odontologique",
      "designation": [
        {
          "language": "fr-FR",
          "use": {
            "system": "http://snomed.info/sct",
            "code": "900000000000013009"
          },
          "value": "Dip étu recherche Odontologiq"
        }
      ],
      "property": [
        {
          "code": "dateValid",
          "valueDateTime": "2008-03-20T10:49:55+01:00"
        },
        {
          "code": "dateMaj",
          "valueDateTime": "2016-09-01T00:00:00+01:00"
        },
        {
          "code": "status",
          "valueCode": "active"
        }
      ]
    },
    {
      "code": "DIP173",
      "display": "Diplôme de Gérontologie clinique",
      "designation": [
        {
          "language": "fr-FR",
          "use": {
            "system": "http://snomed.info/sct",
            "code": "900000000000013009"
          },
          "value": "Dip Gérontologie clinique"
        }
      ],
      "property": [
        {
          "code": "dateValid",
          "valueDateTime": "2007-07-25T00:00:00+01:00"
        },
        {
          "code": "dateMaj",
          "valueDateTime": "2016-09-01T00:00:00+01:00"
        },
        {
          "code": "status",
          "valueCode": "active"
        }
      ]
    },
    {
      "code": "DIP174",
      "display": "DEC de Gérontologie et Gériatrie",
      "designation": [
        {
          "language": "fr-FR",
          "use": {
            "system": "http://snomed.info/sct",
            "code": "900000000000013009"
          },
          "value": "DEC Gérontologie et Gériatrie"
        }
      ],
      "property": [
        {
          "code": "dateValid",
          "valueDateTime": "2007-07-25T00:00:00+01:00"
        },
        {
          "code": "dateMaj",
          "valueDateTime": "2016-09-01T00:00:00+01:00"
        },
        {
          "code": "status",
          "valueCode": "active"
        }
      ]
    },
    {
      "code": "DIP175",
      "display": "Diplome d'Implantologie",
      "designation": [
        {
          "language": "fr-FR",
          "use": {
            "system": "http://snomed.info/sct",
            "code": "900000000000013009"
          },
          "value": "Dip Implantologie"
        }
      ],
      "property": [
        {
          "code": "dateValid",
          "valueDateTime": "2007-07-25T00:00:00+01:00"
        },
        {
          "code": "dateMaj",
          "valueDateTime": "2009-02-02T00:00:00+01:00"
        },
        {
          "code": "status",
          "valueCode": "active"
        }
      ]
    },
    {
      "code": "DIP176",
      "display": "Maladies sexuellement transmissibles",
      "designation": [
        {
          "language": "fr-FR",
          "use": {
            "system": "http://snomed.info/sct",
            "code": "900000000000013009"
          },
          "value": "MST"
        }
      ],
      "property": [
        {
          "code": "dateValid",
          "valueDateTime": "2007-07-25T00:00:00+01:00"
        },
        {
          "code": "dateMaj",
          "valueDateTime": "2009-02-02T00:00:00+01:00"
        },
        {
          "code": "status",
          "valueCode": "active"
        }
      ]
    },
    {
      "code": "DIP177",
      "display": "Ostéopathie par arrêté préfectoral",
      "designation": [
        {
          "language": "fr-FR",
          "use": {
            "system": "http://snomed.info/sct",
            "code": "900000000000013009"
          },
          "value": "Ostéopathie par arrêté préf"
        }
      ],
      "property": [
        {
          "code": "dateValid",
          "valueDateTime": "2007-07-25T00:00:00+01:00"
        },
        {
          "code": "dateMaj",
          "valueDateTime": "2016-09-01T00:00:00+01:00"
        },
        {
          "code": "status",
          "valueCode": "active"
        }
      ]
    },
    {
      "code": "DIP178",
      "display": "CU Application de l'écho à l'obstétrique et à la gynécologie",
      "designation": [
        {
          "language": "fr-FR",
          "use": {
            "system": "http://snomed.info/sct",
            "code": "900000000000013009"
          },
          "value": "CU Appl écho obstétriq, gynéco"
        }
      ],
      "property": [
        {
          "code": "dateValid",
          "valueDateTime": "2007-07-25T00:00:00+01:00"
        },
        {
          "code": "dateMaj",
          "valueDateTime": "2016-09-01T00:00:00+01:00"
        },
        {
          "code": "status",
          "valueCode": "active"
        }
      ]
    },
    {
      "code": "DIP179",
      "display": "CE Enseignement spécial écho gynécologie et obstétrique",
      "designation": [
        {
          "language": "fr-FR",
          "use": {
            "system": "http://snomed.info/sct",
            "code": "900000000000013009"
          },
          "value": "CE Ens spécial écho gyn, obst"
        }
      ],
      "property": [
        {
          "code": "dateValid",
          "valueDateTime": "2007-07-25T00:00:00+01:00"
        },
        {
          "code": "dateMaj",
          "valueDateTime": "2016-09-01T00:00:00+01:00"
        },
        {
          "code": "status",
          "valueCode": "active"
        }
      ]
    },
    {
      "code": "DIP203",
      "display": "CU de Proctologie médico-chirurgicale",
      "designation": [
        {
          "language": "fr-FR",
          "use": {
            "system": "http://snomed.info/sct",
            "code": "900000000000013009"
          },
          "value": "CU Proctologie médico-chir"
        }
      ],
      "property": [
        {
          "code": "dateValid",
          "valueDateTime": "2007-07-25T00:00:00+01:00"
        },
        {
          "code": "dateMaj",
          "valueDateTime": "2016-09-01T00:00:00+01:00"
        },
        {
          "code": "status",
          "valueCode": "active"
        }
      ]
    },
    {
      "code": "DIP204",
      "display": "Diplôme (ou Attest d'étude) Electro-encephalographie clinique",
      "designation": [
        {
          "language": "fr-FR",
          "use": {
            "system": "http://snomed.info/sct",
            "code": "900000000000013009"
          },
          "value": "Dip Electro-encephalograp clin"
        }
      ],
      "property": [
        {
          "code": "dateValid",
          "valueDateTime": "2007-07-25T00:00:00+01:00"
        },
        {
          "code": "dateMaj",
          "valueDateTime": "2016-09-01T00:00:00+01:00"
        },
        {
          "code": "status",
          "valueCode": "active"
        }
      ]
    },
    {
      "code": "DIP212",
      "display": "CU d'Echographie clinique",
      "designation": [
        {
          "language": "fr-FR",
          "use": {
            "system": "http://snomed.info/sct",
            "code": "900000000000013009"
          },
          "value": "CU Echographie clinique"
        }
      ],
      "property": [
        {
          "code": "dateValid",
          "valueDateTime": "2007-07-25T00:00:00+01:00"
        },
        {
          "code": "dateMaj",
          "valueDateTime": "2016-09-01T00:00:00+01:00"
        },
        {
          "code": "status",
          "valueCode": "active"
        }
      ]
    },
    {
      "code": "DIP213",
      "display": "Généraliste qualifié",
      "property": [
        {
          "code": "dateValid",
          "valueDateTime": "2008-03-20T00:00:00+01:00"
        },
        {
          "code": "dateMaj",
          "valueDateTime": "2011-01-17T11:47:08+01:00"
        },
        {
          "code": "status",
          "valueCode": "active"
        }
      ]
    },
    {
      "code": "DIP214",
      "display": "CU d'Echographie clinique (ancien diplôme autorisé)",
      "designation": [
        {
          "language": "fr-FR",
          "use": {
            "system": "http://snomed.info/sct",
            "code": "900000000000013009"
          },
          "value": "CU Echographie cliniq (ancien)"
        }
      ],
      "property": [
        {
          "code": "dateValid",
          "valueDateTime": "2008-03-20T00:00:00+01:00"
        },
        {
          "code": "dateMaj",
          "valueDateTime": "2016-09-01T00:00:00+01:00"
        },
        {
          "code": "status",
          "valueCode": "active"
        }
      ]
    },
    {
      "code": "DIP215",
      "display": "Diplôme de Médecine agricole de Tours",
      "designation": [
        {
          "language": "fr-FR",
          "use": {
            "system": "http://snomed.info/sct",
            "code": "900000000000013009"
          },
          "value": "Dip Médecine agricole Tours"
        }
      ],
      "property": [
        {
          "code": "dateValid",
          "valueDateTime": "2008-03-20T00:00:00+01:00"
        },
        {
          "code": "dateMaj",
          "valueDateTime": "2016-09-01T00:00:00+01:00"
        },
        {
          "code": "status",
          "valueCode": "active"
        }
      ]
    },
    {
      "code": "DIP220",
      "display": "Diplôme d'études complémentaires, option Ultrasonologie",
      "designation": [
        {
          "language": "fr-FR",
          "use": {
            "system": "http://snomed.info/sct",
            "code": "900000000000013009"
          },
          "value": "DEC opt Ultrasonologie"
        }
      ],
      "property": [
        {
          "code": "dateValid",
          "valueDateTime": "2008-03-20T00:00:00+01:00"
        },
        {
          "code": "dateMaj",
          "valueDateTime": "2016-09-01T00:00:00+01:00"
        },
        {
          "code": "status",
          "valueCode": "active"
        }
      ]
    },
    {
      "code": "DIP223",
      "display": "Diplôme d'indemnisation du dommage corporel",
      "designation": [
        {
          "language": "fr-FR",
          "use": {
            "system": "http://snomed.info/sct",
            "code": "900000000000013009"
          },
          "value": "Dip indemnisation domm corpor"
        }
      ],
      "property": [
        {
          "code": "dateValid",
          "valueDateTime": "2013-11-06T00:00:00+01:00"
        },
        {
          "code": "dateMaj",
          "valueDateTime": "2016-09-01T00:00:00+01:00"
        },
        {
          "code": "status",
          "valueCode": "active"
        }
      ]
    },
    {
      "code": "DIP230",
      "display": "AUEC Plaies et cicatrisation",
      "property": [
        {
          "code": "dateValid",
          "valueDateTime": "2016-05-03T00:00:00+01:00"
        },
        {
          "code": "dateMaj",
          "valueDateTime": "2016-09-01T00:00:00+01:00"
        },
        {
          "code": "status",
          "valueCode": "active"
        }
      ]
    },
    {
      "code": "DIP231",
      "display": "AUEC Podologie médicale et du sport",
      "designation": [
        {
          "language": "fr-FR",
          "use": {
            "system": "http://snomed.info/sct",
            "code": "900000000000013009"
          },
          "value": "AUEC Podologie médic et sport"
        }
      ],
      "property": [
        {
          "code": "dateValid",
          "valueDateTime": "2016-05-03T00:00:00+01:00"
        },
        {
          "code": "dateMaj",
          "valueDateTime": "2016-09-01T00:00:00+01:00"
        },
        {
          "code": "status",
          "valueCode": "active"
        }
      ]
    },
    {
      "code": "DIP232",
      "display": "CEU Biomécanique de l'appareil locomoteur",
      "designation": [
        {
          "language": "fr-FR",
          "use": {
            "system": "http://snomed.info/sct",
            "code": "900000000000013009"
          },
          "value": "CEU Bioméca app locomoteur"
        }
      ],
      "property": [
        {
          "code": "dateValid",
          "valueDateTime": "2016-05-03T00:00:00+01:00"
        },
        {
          "code": "dateMaj",
          "valueDateTime": "2016-09-01T00:00:00+01:00"
        },
        {
          "code": "status",
          "valueCode": "active"
        }
      ]
    },
    {
      "code": "DIP233",
      "display": "CEU Pédagogie dans les professions de santé",
      "designation": [
        {
          "language": "fr-FR",
          "use": {
            "system": "http://snomed.info/sct",
            "code": "900000000000013009"
          },
          "value": "CEU Pédagogie dans prof santé"
        }
      ],
      "property": [
        {
          "code": "dateValid",
          "valueDateTime": "2016-05-03T00:00:00+01:00"
        },
        {
          "code": "dateMaj",
          "valueDateTime": "2016-09-01T00:00:00+01:00"
        },
        {
          "code": "status",
          "valueCode": "active"
        }
      ]
    },
    {
      "code": "DIP299",
      "display": "Doctorat ès science, option Immunologie",
      "designation": [
        {
          "language": "fr-FR",
          "use": {
            "system": "http://snomed.info/sct",
            "code": "900000000000013009"
          },
          "value": "Doct ès science opt Immunolog"
        }
      ],
      "property": [
        {
          "code": "dateValid",
          "valueDateTime": "2016-05-03T00:00:00+01:00"
        },
        {
          "code": "dateMaj",
          "valueDateTime": "2016-09-01T00:00:00+01:00"
        },
        {
          "code": "status",
          "valueCode": "active"
        }
      ]
    },
    {
      "code": "DIP302",
      "display": "CU d'Ultrasonologie Médicale",
      "property": [
        {
          "code": "dateValid",
          "valueDateTime": "2017-10-23T00:00:00+01:00"
        },
        {
          "code": "dateMaj",
          "valueDateTime": "2017-10-23T00:00:00+01:00"
        },
        {
          "code": "status",
          "valueCode": "active"
        }
      ]
    },
    {
      "code": "DIP303",
      "display": "Diplôme infirmier non reconnu pays EEE ou hors EEE",
      "designation": [
        {
          "language": "fr-FR",
          "use": {
            "system": "http://snomed.info/sct",
            "code": "900000000000013009"
          },
          "value": "Dip infirmierhorsEEE"
        },
        {
          "language": "fr-FR",
          "use": {
            "system": "http://snomed.info/sct",
            "code": "900000000000013009"
          },
          "value": "Diplôme infirmier non reconnu d'un pays EEE ou hors EEE"
        }
      ],
      "property": [
        {
          "code": "dateValid",
          "valueDateTime": "2019-10-25T12:00:00+01:00"
        },
        {
          "code": "dateMaj",
          "valueDateTime": "2020-07-31T12:00:00+01:00"
        },
        {
          "code": "status",
          "valueCode": "active"
        }
      ]
    },
    {
      "code": "DIP304",
      "display": "Diplôme infirmier du secteur psychiatrique",
      "designation": [
        {
          "language": "fr-FR",
          "use": {
            "system": "http://snomed.info/sct",
            "code": "900000000000013009"
          },
          "value": "Dip infirmier psy"
        }
      ],
      "property": [
        {
          "code": "dateValid",
          "valueDateTime": "2019-10-25T12:00:00+01:00"
        },
        {
          "code": "dateMaj",
          "valueDateTime": "2020-07-31T12:00:00+01:00"
        },
        {
          "code": "status",
          "valueCode": "active"
        }
      ]
    },
    {
      "code": "DIP305",
      "display": "Formation de directeur de soins de l'EHESP",
      "designation": [
        {
          "language": "fr-FR",
          "use": {
            "system": "http://snomed.info/sct",
            "code": "900000000000013009"
          },
          "value": "Dir. de soins EHESP"
        }
      ],
      "property": [
        {
          "code": "dateValid",
          "valueDateTime": "2019-10-25T12:00:00+01:00"
        },
        {
          "code": "dateMaj",
          "valueDateTime": "2019-10-25T12:00:00+01:00"
        },
        {
          "code": "status",
          "valueCode": "active"
        }
      ]
    },
    {
      "code": "DIP306",
      "display": "Titre militaire autorisant la profession infirmier",
      "definition": "Titre militaire autorisant la profession d'infirmier (arrêté du 11 septembre 1984 modifié par l'arrêté du 2 novembre 1995) ; cf. https://www.legifrance.gouv.fr/affichTexte.do?cidTexte=JORFTEXT000000493998&fastPos=1&fastReqId=2074838824&categorieLien=cid&oldAction=rechTexte",
      "designation": [
        {
          "language": "fr-FR",
          "use": {
            "system": "http://snomed.info/sct",
            "code": "900000000000013009"
          },
          "value": "Titre mil. infirmier"
        },
        {
          "language": "fr-FR",
          "use": {
            "system": "http://snomed.info/sct",
            "code": "900000000000013009"
          },
          "value": "Titre militaire autorisant la profession d'infirmier"
        }
      ],
      "property": [
        {
          "code": "dateValid",
          "valueDateTime": "2020-01-31T12:00:00+01:00"
        },
        {
          "code": "dateMaj",
          "valueDateTime": "2020-07-31T12:00:00+01:00"
        },
        {
          "code": "status",
          "valueCode": "active"
        }
      ]
    },
    {
      "code": "DIP314",
      "display": "Formation exceptionnelle en médecine du travail",
      "designation": [
        {
          "language": "fr-FR",
          "use": {
            "system": "http://snomed.info/sct",
            "code": "900000000000013009"
          },
          "value": "Forma excep méd trav"
        }
      ],
      "property": [
        {
          "code": "dateValid",
          "valueDateTime": "2020-06-26T12:00:00+01:00"
        },
        {
          "code": "dateMaj",
          "valueDateTime": "2020-06-26T12:00:00+01:00"
        },
        {
          "code": "status",
          "valueCode": "active"
        }
      ]
    },
    {
      "code": "DIP315",
      "display": "Psychothérapeute par autorisation ARS",
      "designation": [
        {
          "language": "fr-FR",
          "use": {
            "system": "http://snomed.info/sct",
            "code": "900000000000013009"
          },
          "value": "Psychothér autor ARS"
        },
        {
          "language": "fr-FR",
          "use": {
            "system": "http://snomed.info/sct",
            "code": "900000000000013009"
          },
          "value": "Psychothérapeute par autorisation de l'Agence Régionale de Santé (ARS)"
        }
      ],
      "property": [
        {
          "code": "dateValid",
          "valueDateTime": "2020-06-26T12:00:00+01:00"
        },
        {
          "code": "dateMaj",
          "valueDateTime": "2020-06-26T12:00:00+01:00"
        },
        {
          "code": "status",
          "valueCode": "active"
        }
      ]
    },
    {
      "code": "DIP316",
      "display": "Validation d'un DPC Prescription de dispositif PPC",
      "designation": [
        {
          "language": "fr-FR",
          "use": {
            "system": "http://snomed.info/sct",
            "code": "900000000000013009"
          },
          "value": "Valid DPC Prescr PPC"
        },
        {
          "language": "fr-FR",
          "use": {
            "system": "http://snomed.info/sct",
            "code": "900000000000013009"
          },
          "value": "Validation d'un développement professionnel continu (DPC) en prescription de dispositif médical à pression positive continue (PPC)"
        }
      ],
      "property": [
        {
          "code": "dateValid",
          "valueDateTime": "2020-06-26T12:00:00+01:00"
        },
        {
          "code": "dateMaj",
          "valueDateTime": "2020-06-26T12:00:00+01:00"
        },
        {
          "code": "status",
          "valueCode": "active"
        }
      ]
    },
    {
      "code": "DIP317",
      "display": "Validation d'un DPC Otologie médicale",
      "designation": [
        {
          "language": "fr-FR",
          "use": {
            "system": "http://snomed.info/sct",
            "code": "900000000000013009"
          },
          "value": "Valid DPC Otolog méd"
        },
        {
          "language": "fr-FR",
          "use": {
            "system": "http://snomed.info/sct",
            "code": "900000000000013009"
          },
          "value": "Validation d'un développement professionnel continu (DPC) en otologie médicale"
        }
      ],
      "property": [
        {
          "code": "dateValid",
          "valueDateTime": "2020-06-26T12:00:00+01:00"
        },
        {
          "code": "dateMaj",
          "valueDateTime": "2020-06-26T12:00:00+01:00"
        },
        {
          "code": "status",
          "valueCode": "active"
        }
      ]
    },
    {
      "code": "DIP319",
      "display": "Titre d'assistant dentaire",
      "property": [
        {
          "code": "dateValid",
          "valueDateTime": "2021-11-26T12:00:00+01:00"
        },
        {
          "code": "dateMaj",
          "valueDateTime": "2021-11-26T12:00:00+01:00"
        },
        {
          "code": "status",
          "valueCode": "active"
        }
      ]
    },
    {
      "code": "DIP398",
      "display": "Lauréat de l'Académie Nationale de Médecine",
      "designation": [
        {
          "language": "fr-FR",
          "use": {
            "system": "http://snomed.info/sct",
            "code": "900000000000013009"
          },
          "value": "Lauréat Académie Nat. Médecine"
        }
      ],
      "property": [
        {
          "code": "dateValid",
          "valueDateTime": "2022-07-29T12:00:00+01:00"
        },
        {
          "code": "dateMaj",
          "valueDateTime": "2022-07-29T12:00:00+01:00"
        },
        {
          "code": "status",
          "valueCode": "active"
        }
      ]
    },
    {
      "code": "DSCD01",
      "display": "Certificat d'études cliniques, mention Orthodontie",
      "designation": [
        {
          "language": "fr-FR",
          "use": {
            "system": "http://snomed.info/sct",
            "code": "900000000000013009"
          },
          "value": "CEC mention Orthodontie"
        }
      ],
      "property": [
        {
          "code": "dateValid",
          "valueDateTime": "2007-07-25T15:04:42+01:00"
        },
        {
          "code": "dateMaj",
          "valueDateTime": "2016-09-01T00:00:00+01:00"
        },
        {
          "code": "status",
          "valueCode": "active"
        }
      ]
    },
    {
      "code": "DSCD02",
      "display": "Diplôme d'études supérieures de Chirurgie buccale",
      "designation": [
        {
          "language": "fr-FR",
          "use": {
            "system": "http://snomed.info/sct",
            "code": "900000000000013009"
          },
          "value": "DES Chirurgie buccale"
        }
      ],
      "property": [
        {
          "code": "dateValid",
          "valueDateTime": "2007-07-25T15:04:42+01:00"
        },
        {
          "code": "dateMaj",
          "valueDateTime": "2016-09-01T00:00:00+01:00"
        },
        {
          "code": "status",
          "valueCode": "active"
        }
      ]
    },
    {
      "code": "DIP321",
      "display": "Diplôme d'Ostéopathe d'un établissement agréé",
      "definition": "2° de l'article 4 du décret n° 2007-435 du 25 mars 2007 relatif aux actes et aux conditions d'exercice de l'ostéopathie",
      "designation": [
        {
          "language": "fr-FR",
          "use": {
            "system": "http://snomed.info/sct",
            "code": "900000000000013009"
          },
          "value": "Diplôme Ostéopathe agréé"
        },
        {
          "language": "fr-FR",
          "use": {
            "system": "http://snomed.info/sct",
            "code": "900000000000013009"
          },
          "value": "Diplôme d'Ostéopathe d'un établissement agréé pour la formation en Ostéopathie"
        }
      ],
      "property": [
        {
          "code": "dateValid",
          "valueDateTime": "2023-03-31T12:00:00+01:00"
        },
        {
          "code": "dateMaj",
          "valueDateTime": "2023-03-31T12:00:00+01:00"
        },
        {
          "code": "status",
          "valueCode": "active"
        }
      ]
    },
    {
      "code": "DIP322",
      "display": "Master en Psychologie ou Psychanalyse",
      "definition": "Article 52 de la Loi n° 2004-806 du 9 août 2004 relative à la politique de santé publique ; article 1 du Décret n° 2010-534 du 20 mai 2010 relatif à l'usage du titre de psychothérapeute",
      "designation": [
        {
          "language": "fr-FR",
          "use": {
            "system": "http://snomed.info/sct",
            "code": "900000000000013009"
          },
          "value": "Master Psychologie ou Psychan"
        }
      ],
      "property": [
        {
          "code": "dateValid",
          "valueDateTime": "2023-03-31T12:00:00+01:00"
        },
        {
          "code": "dateMaj",
          "valueDateTime": "2023-03-31T12:00:00+01:00"
        },
        {
          "code": "status",
          "valueCode": "active"
        }
      ]
    },
    {
      "code": "DIP323",
      "display": "Licence + Master mention psychologie + Attest stage",
      "definition": "Article 52 de la loi n° 2004-806 du 9 août 2004 relative à la politique de santé publique ; article 1 du décret n° 2010-534 du 20 mai 2010 relatif à l'usage du titre de psychothérapeute ; article 1er, 2° et 3° du décret n°90-255 du 22 mars 1990",
      "designation": [
        {
          "language": "fr-FR",
          "use": {
            "system": "http://snomed.info/sct",
            "code": "900000000000013009"
          },
          "value": "Master mention psychologie"
        }
      ],
      "property": [
        {
          "code": "dateValid",
          "valueDateTime": "2023-03-31T12:00:00+01:00"
        },
        {
          "code": "dateMaj",
          "valueDateTime": "2024-05-31T12:00:00+01:00"
        },
        {
          "code": "status",
          "valueCode": "active"
        }
      ]
    },
    {
      "code": "DIP324",
      "display": "Licence + Master mention clinique, psychopatho et psycho santé + Attest stage",
      "definition": "Article 52 de la loi n° 2004-806 du 9 août 2004 relative à la politique de santé publique ; article 1 du décret n° 2010-534 du 20 mai 2010 relatif à l'usage du titre de psychothérapeute ; article 1er, 2° et 3° du décret n°90-255 du 22 mars 1990",
      "designation": [
        {
          "language": "fr-FR",
          "use": {
            "system": "http://snomed.info/sct",
            "code": "900000000000013009"
          },
          "value": "Master psy clin,psychop,santé"
        },
        {
          "language": "fr-FR",
          "use": {
            "system": "http://snomed.info/sct",
            "code": "900000000000013009"
          },
          "value": "Master mention psychologie clinique, psychopathologie et psychologie de la santé"
        }
      ],
      "property": [
        {
          "code": "dateValid",
          "valueDateTime": "2023-03-31T12:00:00+01:00"
        },
        {
          "code": "dateMaj",
          "valueDateTime": "2024-05-31T12:00:00+01:00"
        },
        {
          "code": "status",
          "valueCode": "active"
        }
      ]
    },
    {
      "code": "DIP325",
      "display": "Licence + Master mention sociale, du travail et des organisations + Attest stage",
      "definition": "Article 52 de la loi n° 2004-806 du 9 août 2004 relative à la politique de santé publique ; article 1 du décret n° 2010-534 du 20 mai 2010 relatif à l'usage du titre de psychothérapeute ; article 1er, 2° et 3° du décret n°90-255 du 22 mars 1990",
      "designation": [
        {
          "language": "fr-FR",
          "use": {
            "system": "http://snomed.info/sct",
            "code": "900000000000013009"
          },
          "value": "Master psy social,travail,orga"
        },
        {
          "language": "fr-FR",
          "use": {
            "system": "http://snomed.info/sct",
            "code": "900000000000013009"
          },
          "value": "Master mention psychologie sociale, du travail et des organisations"
        }
      ],
      "property": [
        {
          "code": "dateValid",
          "valueDateTime": "2023-03-31T12:00:00+01:00"
        },
        {
          "code": "dateMaj",
          "valueDateTime": "2024-05-31T12:00:00+01:00"
        },
        {
          "code": "status",
          "valueCode": "active"
        }
      ]
    },
    {
      "code": "DIP326",
      "display": "Licence + Master mention éducation et de la formation + Attest stage",
      "definition": "Article 52 de la loi n° 2004-806 du 9 août 2004 relative à la politique de santé publique ; article 1 du décret n° 2010-534 du 20 mai 2010 relatif à l'usage du titre de psychothérapeute ; article 1er, 2° et 3° du décret n°90-255 du 22 mars 1990",
      "designation": [
        {
          "language": "fr-FR",
          "use": {
            "system": "http://snomed.info/sct",
            "code": "900000000000013009"
          },
          "value": "Master psy éducation formation"
        },
        {
          "language": "fr-FR",
          "use": {
            "system": "http://snomed.info/sct",
            "code": "900000000000013009"
          },
          "value": "Master mention psychologie de l'éducation et de la formation"
        }
      ],
      "property": [
        {
          "code": "dateValid",
          "valueDateTime": "2023-03-31T12:00:00+01:00"
        },
        {
          "code": "dateMaj",
          "valueDateTime": "2024-05-31T12:00:00+01:00"
        },
        {
          "code": "status",
          "valueCode": "active"
        }
      ]
    },
    {
      "code": "DIP327",
      "display": "Licence + Master mention psychopatho clinique psychanalytique + Attest stage",
      "definition": "Article 52 de la loi n° 2004-806 du 9 août 2004 relative à la politique de santé publique ; article 1 du décret n° 2010-534 du 20 mai 2010 relatif à l'usage du titre de psychothérapeute ; article 1er, 2° et 3° du décret n°90-255 du 22 mars 1990",
      "designation": [
        {
          "language": "fr-FR",
          "use": {
            "system": "http://snomed.info/sct",
            "code": "900000000000013009"
          },
          "value": "Master psychopatho clin psycha"
        },
        {
          "language": "fr-FR",
          "use": {
            "system": "http://snomed.info/sct",
            "code": "900000000000013009"
          },
          "value": "Master mention psychopathologie clinique psychanalytique"
        }
      ],
      "property": [
        {
          "code": "dateValid",
          "valueDateTime": "2023-03-31T12:00:00+01:00"
        },
        {
          "code": "dateMaj",
          "valueDateTime": "2024-05-31T12:00:00+01:00"
        },
        {
          "code": "status",
          "valueCode": "active"
        }
      ]
    },
    {
      "code": "DIP328",
      "display": "Master de Psychanalyse",
      "definition": "Article 52 de la Loi n° 2004-806 du 9 août 2004 relative à la politique de santé publique ; article 1 du Décret n° 2010-534 du 20 mai 2010 relatif à l'usage du titre de psychothérapeute",
      "designation": [
        {
          "language": "fr-FR",
          "use": {
            "system": "http://snomed.info/sct",
            "code": "900000000000013009"
          },
          "value": "Master Psychanalyse"
        }
      ],
      "property": [
        {
          "code": "dateValid",
          "valueDateTime": "2023-03-31T12:00:00+01:00"
        },
        {
          "code": "dateMaj",
          "valueDateTime": "2023-03-31T12:00:00+01:00"
        },
        {
          "code": "status",
          "valueCode": "active"
        }
      ]
    },
    {
      "code": "DIP329",
      "display": "Diplôme de Chiropraxie",
      "definition": "1° de l'article 4 du Décret n° 2011-32 du 7 janvier 2011 relatif aux actes et aux conditions d'exercice de la chiropraxie",
      "designation": [
        {
          "language": "fr-FR",
          "use": {
            "system": "http://snomed.info/sct",
            "code": "900000000000013009"
          },
          "value": "Diplôme Chiropraxie"
        }
      ],
      "property": [
        {
          "code": "dateValid",
          "valueDateTime": "2023-03-31T12:00:00+01:00"
        },
        {
          "code": "dateMaj",
          "valueDateTime": "2023-03-31T12:00:00+01:00"
        },
        {
          "code": "status",
          "valueCode": "active"
        }
      ]
    },
    {
      "code": "DIP331",
      "display": "Certificat d'études acoustique prothèse auditive",
      "definition": "Article L4361-5 du code de la santé publique (CSP)",
      "designation": [
        {
          "language": "fr-FR",
          "use": {
            "system": "http://snomed.info/sct",
            "code": "900000000000013009"
          },
          "value": "Certificat études acoustiques"
        },
        {
          "language": "fr-FR",
          "use": {
            "system": "http://snomed.info/sct",
            "code": "900000000000013009"
          },
          "value": "Certificat d'études techniques d'acoustique appareillage de prothèse auditive"
        }
      ],
      "property": [
        {
          "code": "dateValid",
          "valueDateTime": "2023-03-31T12:00:00+01:00"
        },
        {
          "code": "dateMaj",
          "valueDateTime": "2023-03-31T12:00:00+01:00"
        },
        {
          "code": "status",
          "valueCode": "active"
        }
      ]
    },
    {
      "code": "DIP332",
      "display": "Examen professionnel d'Audio-Prothésiste",
      "definition": "Article L4361-5 du code de la santé publique (CSP)",
      "designation": [
        {
          "language": "fr-FR",
          "use": {
            "system": "http://snomed.info/sct",
            "code": "900000000000013009"
          },
          "value": "Examen pro Audio-Prothésiste"
        }
      ],
      "property": [
        {
          "code": "dateValid",
          "valueDateTime": "2023-03-31T12:00:00+01:00"
        },
        {
          "code": "dateMaj",
          "valueDateTime": "2023-03-31T12:00:00+01:00"
        },
        {
          "code": "status",
          "valueCode": "active"
        }
      ]
    },
    {
      "code": "DIP333",
      "display": "Diplôme d'Opticien-Lunetier",
      "definition": "Articles L4362-2 et L4362-4 du code de la santé publique (CSP)",
      "designation": [
        {
          "language": "fr-FR",
          "use": {
            "system": "http://snomed.info/sct",
            "code": "900000000000013009"
          },
          "value": "Diplôme Opticien-Lunetier"
        }
      ],
      "property": [
        {
          "code": "dateValid",
          "valueDateTime": "2023-03-31T12:00:00+01:00"
        },
        {
          "code": "dateMaj",
          "valueDateTime": "2023-03-31T12:00:00+01:00"
        },
        {
          "code": "status",
          "valueCode": "active"
        }
      ]
    },
    {
      "code": "DIP334",
      "display": "BTS Opticien-Lunetier",
      "definition": "Article L4362-2 du code de la santé publique (CSP)",
      "designation": [
        {
          "language": "fr-FR",
          "use": {
            "system": "http://snomed.info/sct",
            "code": "900000000000013009"
          },
          "value": "Brevet de technicien supérieur d'Opticien-Lunetier"
        }
      ],
      "property": [
        {
          "code": "dateValid",
          "valueDateTime": "2023-03-31T12:00:00+01:00"
        },
        {
          "code": "dateMaj",
          "valueDateTime": "2023-03-31T12:00:00+01:00"
        },
        {
          "code": "status",
          "valueCode": "active"
        }
      ]
    },
    {
      "code": "DIP335",
      "display": "Brevet professionnel d'Opticien-Lunetier",
      "definition": "Article L.4362-2 du code de la santé publique (CSP)",
      "designation": [
        {
          "language": "fr-FR",
          "use": {
            "system": "http://snomed.info/sct",
            "code": "900000000000013009"
          },
          "value": "BP Opticien-Lunetier"
        }
      ],
      "property": [
        {
          "code": "dateValid",
          "valueDateTime": "2023-03-31T12:00:00+01:00"
        },
        {
          "code": "dateMaj",
          "valueDateTime": "2023-03-31T12:00:00+01:00"
        },
        {
          "code": "status",
          "valueCode": "active"
        }
      ]
    },
    {
      "code": "DIP336",
      "display": "Certificat d'études Ecole des métiers d'optique",
      "definition": "Article L.4362-4 du code de la santé publique (CSP)",
      "designation": [
        {
          "language": "fr-FR",
          "use": {
            "system": "http://snomed.info/sct",
            "code": "900000000000013009"
          },
          "value": "Diplôme école métiers optique"
        },
        {
          "language": "fr-FR",
          "use": {
            "system": "http://snomed.info/sct",
            "code": "900000000000013009"
          },
          "value": "Certificat d'études de l'Ecole des métiers d'optique"
        }
      ],
      "property": [
        {
          "code": "dateValid",
          "valueDateTime": "2023-03-31T12:00:00+01:00"
        },
        {
          "code": "dateMaj",
          "valueDateTime": "2023-03-31T12:00:00+01:00"
        },
        {
          "code": "status",
          "valueCode": "active"
        }
      ]
    },
    {
      "code": "DIP337",
      "display": "Diplôme écoles nat prof section Optique-lunetterie",
      "definition": "Article L.4362-4 du code de la santé publique (CSP)",
      "designation": [
        {
          "language": "fr-FR",
          "use": {
            "system": "http://snomed.info/sct",
            "code": "900000000000013009"
          },
          "value": "Diplôme écoles nationales prof"
        },
        {
          "language": "fr-FR",
          "use": {
            "system": "http://snomed.info/sct",
            "code": "900000000000013009"
          },
          "value": "Diplôme d'élève breveté des écoles nationales professionnelles, section d'optique-lunetterie"
        }
      ],
      "property": [
        {
          "code": "dateValid",
          "valueDateTime": "2023-03-31T12:00:00+01:00"
        },
        {
          "code": "dateMaj",
          "valueDateTime": "2023-03-31T12:00:00+01:00"
        },
        {
          "code": "status",
          "valueCode": "active"
        }
      ]
    },
    {
      "code": "DIP338",
      "display": "Titre ministres du commerce, économie et finances, enseignement sup et santé",
      "definition": "Article L.4362-2 du code de la santé publique (CSP)",
      "designation": [
        {
          "language": "fr-FR",
          "use": {
            "system": "http://snomed.info/sct",
            "code": "900000000000013009"
          },
          "value": "Titre arrêté ministres"
        },
        {
          "language": "fr-FR",
          "use": {
            "system": "http://snomed.info/sct",
            "code": "900000000000013009"
          },
          "value": "Titre désigné par arrêté des ministres du commerce, économie et finances, enseignement sup et santé permettant d'exercer comme Opticien-Lunetier"
        }
      ],
      "property": [
        {
          "code": "dateValid",
          "valueDateTime": "2023-03-31T12:00:00+01:00"
        },
        {
          "code": "dateMaj",
          "valueDateTime": "2023-03-31T12:00:00+01:00"
        },
        {
          "code": "status",
          "valueCode": "active"
        }
      ]
    },
    {
      "code": "DIP339",
      "display": "BTS Orthoprothésiste",
      "definition": "1° de l'article D4364-8 du code de la santé publique (CSP) ; article 3 de l'arrêté du 1er février 2011 relatif aux professions de prothésiste et orthésiste",
      "designation": [
        {
          "language": "fr-FR",
          "use": {
            "system": "http://snomed.info/sct",
            "code": "900000000000013009"
          },
          "value": "Brevet de technicien supérieur d'Orthoprothésiste"
        }
      ],
      "property": [
        {
          "code": "dateValid",
          "valueDateTime": "2023-03-31T12:00:00+01:00"
        },
        {
          "code": "dateMaj",
          "valueDateTime": "2023-03-31T12:00:00+01:00"
        },
        {
          "code": "status",
          "valueCode": "active"
        }
      ]
    },
    {
      "code": "DIP340",
      "display": "BTS Prothésiste-Orthésiste",
      "definition": "Articles D4364-8 et D4364-10 du code de la santé publique (CSP) ; Articles 3 et 7 de l'arrêté du 1er février 2011 relatif aux professions de prothésiste et orthésiste.",
      "designation": [
        {
          "language": "fr-FR",
          "use": {
            "system": "http://snomed.info/sct",
            "code": "900000000000013009"
          },
          "value": "Brevet de technicien supérieur de Prothésiste-Orthésiste"
        }
      ],
      "property": [
        {
          "code": "dateValid",
          "valueDateTime": "2023-03-31T12:00:00+01:00"
        },
        {
          "code": "dateMaj",
          "valueDateTime": "2024-07-26T12:00:00+01:00"
        },
        {
          "code": "status",
          "valueCode": "active"
        }
      ]
    },
    {
      "code": "DIP341",
      "display": "BTS Podo-Orthésiste",
      "definition": "Article D4364-8 du code de la santé publique (CSP) ; article 4 de l'arrêté du 1er février 2011 relatif aux professions de prothésiste et orthésiste",
      "designation": [
        {
          "language": "fr-FR",
          "use": {
            "system": "http://snomed.info/sct",
            "code": "900000000000013009"
          },
          "value": "Brevet de technicien supérieur de Podo-Orthésiste"
        }
      ],
      "property": [
        {
          "code": "dateValid",
          "valueDateTime": "2023-03-31T12:00:00+01:00"
        },
        {
          "code": "dateMaj",
          "valueDateTime": "2023-03-31T12:00:00+01:00"
        },
        {
          "code": "status",
          "valueCode": "active"
        }
      ]
    },
    {
      "code": "DIP342",
      "display": "Titre d'Orthopédiste-Orthésiste obtenu avant 2007",
      "definition": "Article D4364-10-1 du code de la santé publique (CSP) et article 7 de l'arrêté du 1er février 2011 relatif aux professions de prothésiste et orthésiste",
      "designation": [
        {
          "language": "fr-FR",
          "use": {
            "system": "http://snomed.info/sct",
            "code": "900000000000013009"
          },
          "value": "Titre Orthop-Orthés avant 2007"
        }
      ],
      "property": [
        {
          "code": "dateValid",
          "valueDateTime": "2023-03-31T12:00:00+01:00"
        },
        {
          "code": "dateMaj",
          "valueDateTime": "2024-09-27T12:00:00+01:00"
        },
        {
          "code": "status",
          "valueCode": "active"
        }
      ]
    },
    {
      "code": "DIP343",
      "display": "Titre RNCP de Technicien Supérieur Orthopédiste-Orthésiste obtenu après 2007",
      "definition": "Article D4364-10-1 du code de la santé publique (CSP) et article 7 de l'arrêté du 1er février 2011 relatif aux professions de prothésiste et orthésiste",
      "designation": [
        {
          "language": "fr-FR",
          "use": {
            "system": "http://snomed.info/sct",
            "code": "900000000000013009"
          },
          "value": "Titre TS Orthop-Orthés ap 2007"
        }
      ],
      "property": [
        {
          "code": "dateValid",
          "valueDateTime": "2023-03-31T12:00:00+01:00"
        },
        {
          "code": "dateMaj",
          "valueDateTime": "2024-09-27T12:00:00+01:00"
        },
        {
          "code": "status",
          "valueCode": "active"
        }
      ]
    },
    {
      "code": "DIP345",
      "display": "Titre RNCP d'Orthopédiste-Orthésiste obtenu après 2007",
      "definition": "Article D4364-10-1 du code de la santé publique (CSP) et article 7 de l'arrêté du 1er février 2011 relatif aux professions de prothésiste et orthésiste",
      "designation": [
        {
          "language": "fr-FR",
          "use": {
            "system": "http://snomed.info/sct",
            "code": "900000000000013009"
          },
          "value": "Titre Orthop-Orthés après 2007"
        }
      ],
      "property": [
        {
          "code": "dateValid",
          "valueDateTime": "2023-03-31T12:00:00+01:00"
        },
        {
          "code": "dateMaj",
          "valueDateTime": "2024-09-27T12:00:00+01:00"
        },
        {
          "code": "status",
          "valueCode": "active"
        }
      ]
    },
    {
      "code": "DIP348",
      "display": "Diplôme Technicien Laboratoire arrêté 21/10/1992",
      "definition": "Article L4352-2 2° du code de la santé publique (CSP) ; Arrêté du 21 octobre 1992",
      "designation": [
        {
          "language": "fr-FR",
          "use": {
            "system": "http://snomed.info/sct",
            "code": "900000000000013009"
          },
          "value": "Dip Tech Lab arrêté 21/10/92"
        },
        {
          "language": "fr-FR",
          "use": {
            "system": "http://snomed.info/sct",
            "code": "900000000000013009"
          },
          "value": "Diplôme de Technicien de Laboratoire de l'arrêté du 21/10/1992"
        }
      ],
      "property": [
        {
          "code": "dateValid",
          "valueDateTime": "2023-03-31T12:00:00+01:00"
        },
        {
          "code": "dateMaj",
          "valueDateTime": "2023-03-31T12:00:00+01:00"
        },
        {
          "code": "status",
          "valueCode": "active"
        }
      ]
    },
    {
      "code": "DIP349",
      "display": "Diplôme Technicien Laboratoire arrêté 04/11/1976",
      "definition": "Article L4352-3 du code de la santé publique (CSP) + article 2. de l'Arrêté du 21 octobre 1992",
      "designation": [
        {
          "language": "fr-FR",
          "use": {
            "system": "http://snomed.info/sct",
            "code": "900000000000013009"
          },
          "value": "Dip Tech Lab arrêté 04/11/76"
        },
        {
          "language": "fr-FR",
          "use": {
            "system": "http://snomed.info/sct",
            "code": "900000000000013009"
          },
          "value": "Diplôme de Technicien de Laboratoire de l'arrêté du 04/11/1976"
        }
      ],
      "property": [
        {
          "code": "dateValid",
          "valueDateTime": "2023-03-31T12:00:00+01:00"
        },
        {
          "code": "dateMaj",
          "valueDateTime": "2023-03-31T12:00:00+01:00"
        },
        {
          "code": "status",
          "valueCode": "active"
        }
      ]
    },
    {
      "code": "DIP350",
      "display": "BTS/BTSA de technicien de laboratoire listé dans l'arrêté du 21/10/1992",
      "definition": "Article L4352-2 2° du code de la santé publique (CSP) ; Arrêté du 21 octobre 1992",
      "designation": [
        {
          "language": "fr-FR",
          "use": {
            "system": "http://snomed.info/sct",
            "code": "900000000000013009"
          },
          "value": "BTS/BTSA tech lab arrêté 21/10/92"
        }
      ],
      "property": [
        {
          "code": "dateValid",
          "valueDateTime": "2023-03-31T12:00:00+01:00"
        },
        {
          "code": "dateMaj",
          "valueDateTime": "2025-08-28T12:00:00+01:00"
        },
        {
          "code": "status",
          "valueCode": "active"
        }
      ]
    },
    {
      "code": "DIP352",
      "display": "Diplôme de Technicien de Laboratoire arrêté du 21/10/92 sauf DETLM/DETAB,DUT,BTS",
      "definition": "Article L4352-2 2° du code de la santé publique (CSP) ; Arrêté du 21 octobre 1992",
      "designation": [
        {
          "language": "fr-FR",
          "use": {
            "system": "http://snomed.info/sct",
            "code": "900000000000013009"
          },
          "value": "Dip Tech Lab arrêté 21/10/92"
        },
        {
          "language": "fr-FR",
          "use": {
            "system": "http://snomed.info/sct",
            "code": "900000000000013009"
          },
          "value": "Diplôme de l'arrêté du 21/10/1992 autre que DETLM/DETAB, DUT, BTS permettant d'exercer comme Technicien de Laboratoire"
        }
      ],
      "property": [
        {
          "code": "dateValid",
          "valueDateTime": "2023-03-31T12:00:00+01:00"
        },
        {
          "code": "dateFin",
          "valueDateTime": "2024-07-26T12:00:00+01:00"
        },
        {
          "code": "dateMaj",
          "valueDateTime": "2024-07-26T12:00:00+01:00"
        },
        {
          "code": "deprecationDate",
          "valueDateTime": "2024-07-26T12:00:00+01:00"
        },
        {
          "code": "status",
          "valueCode": "deprecated"
        }
      ]
    },
    {
      "code": "DIP353",
      "display": "Certificat de Capacité d'Orthophoniste",
      "definition": "Article L4341-3 du code de la santé publique (CSP)",
      "designation": [
        {
          "language": "fr-FR",
          "use": {
            "system": "http://snomed.info/sct",
            "code": "900000000000013009"
          },
          "value": "Certif Capacité Orthophoniste"
        }
      ],
      "property": [
        {
          "code": "dateValid",
          "valueDateTime": "2023-03-31T12:00:00+01:00"
        },
        {
          "code": "dateMaj",
          "valueDateTime": "2023-03-31T12:00:00+01:00"
        },
        {
          "code": "status",
          "valueCode": "active"
        }
      ]
    },
    {
      "code": "DIP354",
      "display": "Diplôme ou attestation MEN",
      "definition": "Article L4341-3 du code de la santé publique (CSP)",
      "property": [
        {
          "code": "dateValid",
          "valueDateTime": "2023-03-31T12:00:00+01:00"
        },
        {
          "code": "dateMaj",
          "valueDateTime": "2023-03-31T12:00:00+01:00"
        },
        {
          "code": "status",
          "valueCode": "active"
        }
      ]
    },
    {
      "code": "DIP355",
      "display": "Certificat de Capacité d'Orthoptiste",
      "definition": "Article L4342-3 du code de la santé publique (CSP)",
      "designation": [
        {
          "language": "fr-FR",
          "use": {
            "system": "http://snomed.info/sct",
            "code": "900000000000013009"
          },
          "value": "Certif Capacité Orthoptiste"
        }
      ],
      "property": [
        {
          "code": "dateValid",
          "valueDateTime": "2023-03-31T12:00:00+01:00"
        },
        {
          "code": "dateMaj",
          "valueDateTime": "2023-03-31T12:00:00+01:00"
        },
        {
          "code": "status",
          "valueCode": "active"
        }
      ]
    },
    {
      "code": "DIP356",
      "display": "Licence + Maîtrise + DESS en psychologie",
      "definition": "Article 44 de la Loi n° 85-772 du 25 juillet 1985 et article 1er du décret n°90-255 du 22 mars 1990",
      "designation": [
        {
          "language": "fr-FR",
          "use": {
            "system": "http://snomed.info/sct",
            "code": "900000000000013009"
          },
          "value": "Lic Maîtrise DESS psychologie"
        }
      ],
      "property": [
        {
          "code": "dateValid",
          "valueDateTime": "2023-03-31T12:00:00+01:00"
        },
        {
          "code": "dateMaj",
          "valueDateTime": "2023-03-31T12:00:00+01:00"
        },
        {
          "code": "status",
          "valueCode": "active"
        }
      ]
    },
    {
      "code": "DIP357",
      "display": "Licence + Maîtrise + diplôme annexe Décret 90-255",
      "definition": "Article 44 de la loi n° 85-772 du 25 juillet 1985 et article 1er du décret n°90-255 du 22 mars 1990",
      "designation": [
        {
          "language": "fr-FR",
          "use": {
            "system": "http://snomed.info/sct",
            "code": "900000000000013009"
          },
          "value": "Lic Maîtrise diplôme annexe"
        },
        {
          "language": "fr-FR",
          "use": {
            "system": "http://snomed.info/sct",
            "code": "900000000000013009"
          },
          "value": "Licence + Maîtrise + un des diplômes cités en annexe du décret 90-255"
        }
      ],
      "property": [
        {
          "code": "dateValid",
          "valueDateTime": "2023-03-31T12:00:00+01:00"
        },
        {
          "code": "dateMaj",
          "valueDateTime": "2023-03-31T12:00:00+01:00"
        },
        {
          "code": "status",
          "valueCode": "active"
        }
      ]
    },
    {
      "code": "DIP358",
      "display": "Licence psychologie + Maîtrise psychologie + DEA psychologie + Attestation Stage",
      "definition": "Article 44 de la loi n° 85-772 du 25 juillet 1985 et article 1er du décret n°90-255 du 22 mars 1990",
      "designation": [
        {
          "language": "fr-FR",
          "use": {
            "system": "http://snomed.info/sct",
            "code": "900000000000013009"
          },
          "value": "Lic Maîtrise DEA psychologie"
        }
      ],
      "property": [
        {
          "code": "dateValid",
          "valueDateTime": "2023-03-31T12:00:00+01:00"
        },
        {
          "code": "dateMaj",
          "valueDateTime": "2023-03-31T12:00:00+01:00"
        },
        {
          "code": "status",
          "valueCode": "active"
        }
      ]
    },
    {
      "code": "DIP359",
      "display": "Diplôme pour usage du titre de psychologue (alinéa 6 à 9 art 1 décret 90-255)",
      "definition": "Article 44 de la loi n° 85-772 du 25 juillet 1985 et article 1er du décret n°90-255 du 22 mars 1990",
      "designation": [
        {
          "language": "fr-FR",
          "use": {
            "system": "http://snomed.info/sct",
            "code": "900000000000013009"
          },
          "value": "Dip alinéa 6-9 décret 90-255"
        },
        {
          "language": "fr-FR",
          "use": {
            "system": "http://snomed.info/sct",
            "code": "900000000000013009"
          },
          "value": "Diplôme permettant l'usage du titre de psychologue (alinéa 6 à 9 de l'article 1 du décret 90-255)"
        }
      ],
      "property": [
        {
          "code": "dateValid",
          "valueDateTime": "2023-03-31T12:00:00+01:00"
        },
        {
          "code": "dateMaj",
          "valueDateTime": "2023-03-31T12:00:00+01:00"
        },
        {
          "code": "status",
          "valueCode": "active"
        }
      ]
    },
    {
      "code": "DIP360",
      "display": "Usage restreint du titre de Psychologue (arrêté du 14/01/1993)",
      "definition": "Arrêté du 14 janvier 1993 désignant les fonctions dans lesquelles les fonctionnaires et agents publics peuvent faire usage du titre de psychologue",
      "designation": [
        {
          "language": "fr-FR",
          "use": {
            "system": "http://snomed.info/sct",
            "code": "900000000000013009"
          },
          "value": "Titre de Psychologue"
        }
      ],
      "property": [
        {
          "code": "dateValid",
          "valueDateTime": "2023-03-31T12:00:00+01:00"
        },
        {
          "code": "dateMaj",
          "valueDateTime": "2023-03-31T12:00:00+01:00"
        },
        {
          "code": "status",
          "valueCode": "active"
        }
      ]
    },
    {
      "code": "DIP361",
      "display": "Licence + Master psychologie + Attest stage",
      "definition": "Article 1er, 2° et 3° du décret n°90-255 du 22 mars 1990 (Ancien code)",
      "designation": [
        {
          "language": "fr-FR",
          "use": {
            "system": "http://snomed.info/sct",
            "code": "900000000000013009"
          },
          "value": "Lic Master Stage Psychologie"
        },
        {
          "language": "fr-FR",
          "use": {
            "system": "http://snomed.info/sct",
            "code": "900000000000013009"
          },
          "value": "Licence psychologie + Master psychologie + Stage psychologie"
        }
      ],
      "property": [
        {
          "code": "dateValid",
          "valueDateTime": "2023-03-31T12:00:00+01:00"
        },
        {
          "code": "dateFin",
          "valueDateTime": "2024-05-31T12:00:00+01:00"
        },
        {
          "code": "dateMaj",
          "valueDateTime": "2024-05-31T12:00:00+01:00"
        },
        {
          "code": "deprecationDate",
          "valueDateTime": "2024-05-31T12:00:00+01:00"
        },
        {
          "code": "status",
          "valueCode": "deprecated"
        }
      ]
    },
    {
      "code": "DIP362",
      "display": "Décision de Validation des Acquis de l'Expérience de Psychologue",
      "definition": "Absence de base juridique",
      "designation": [
        {
          "language": "fr-FR",
          "use": {
            "system": "http://snomed.info/sct",
            "code": "900000000000013009"
          },
          "value": "Décision de VAE Psychologue"
        }
      ],
      "property": [
        {
          "code": "dateValid",
          "valueDateTime": "2023-03-31T12:00:00+01:00"
        },
        {
          "code": "dateMaj",
          "valueDateTime": "2023-03-31T12:00:00+01:00"
        },
        {
          "code": "status",
          "valueCode": "active"
        }
      ]
    },
    {
      "code": "DIP364",
      "display": "BT ou BTS de Diététique",
      "definition": "Article L4371-6 3° du code de la santé publique (CSP)",
      "designation": [
        {
          "language": "fr-FR",
          "use": {
            "system": "http://snomed.info/sct",
            "code": "900000000000013009"
          },
          "value": "BT ou BTS Diététique"
        },
        {
          "language": "fr-FR",
          "use": {
            "system": "http://snomed.info/sct",
            "code": "900000000000013009"
          },
          "value": "Brevet de technicien ou brevet de technicien supérieur Diététique"
        }
      ],
      "property": [
        {
          "code": "dateValid",
          "valueDateTime": "2023-03-31T12:00:00+01:00"
        },
        {
          "code": "dateMaj",
          "valueDateTime": "2023-03-31T12:00:00+01:00"
        },
        {
          "code": "status",
          "valueCode": "active"
        }
      ]
    },
    {
      "code": "DIP367",
      "display": "DTS/BTS Manipulateur d'Electro-Radiologie médicale",
      "definition": "Articles L4351-2, L4351-3, L4351-4 et L4351-5 du code de la santé publique (CSP)",
      "designation": [
        {
          "language": "fr-FR",
          "use": {
            "system": "http://snomed.info/sct",
            "code": "900000000000013009"
          },
          "value": "DTS ou BTS MER"
        },
        {
          "language": "fr-FR",
          "use": {
            "system": "http://snomed.info/sct",
            "code": "900000000000013009"
          },
          "value": "Diplôme de technicien supérieur ou brevet de technicien supérieur Manipulateur d'Electro-Radiologie médicale"
        }
      ],
      "property": [
        {
          "code": "dateValid",
          "valueDateTime": "2023-03-31T12:00:00+01:00"
        },
        {
          "code": "dateMaj",
          "valueDateTime": "2023-03-31T12:00:00+01:00"
        },
        {
          "code": "status",
          "valueCode": "active"
        }
      ]
    },
    {
      "code": "DIP368",
      "display": "DTS imagerie médicale et radiologie thérapeutique",
      "definition": "Articles L4351-3, D4351-13-1 du code de la santé publique (CSP)",
      "designation": [
        {
          "language": "fr-FR",
          "use": {
            "system": "http://snomed.info/sct",
            "code": "900000000000013009"
          },
          "value": "DTS IMRT"
        },
        {
          "language": "fr-FR",
          "use": {
            "code": "900000000000013009",
            "system": "http://snomed.info/sct"
          },
          "value": "Diplôme de technicien supérieur imagerie médicale et radiologie thérapeutique"
        }
      ],
      "property": [
        {
          "code": "dateValid",
          "valueDateTime": "2023-03-31T12:00:00+01:00"
        },
        {
          "code": "dateMaj",
          "valueDateTime": "2023-03-31T12:00:00+01:00"
        },
        {
          "code": "status",
          "valueCode": "active"
        }
      ]
    },
    {
      "code": "DIP409",
      "display": "Diplôme de Qualification en Physique Radiologique et Médicale INSTN (dès 1996)",
      "definition": "Diplôme de Qualification en Physique Radiologique et Médicale",
      "designation": [
        {
          "language": "fr-FR",
          "use": {
            "system": "http://snomed.info/sct",
            "code": "900000000000013009"
          },
          "value": "DQPRM-Dip qualif phys rad méd"
        }
      ],
      "property": [
        {
          "code": "dateValid",
          "valueDateTime": "2024-03-29T12:00:00+01:00"
        },
        {
          "code": "dateMaj",
          "valueDateTime": "2024-03-29T12:00:00+01:00"
        },
        {
          "code": "status",
          "valueCode": "active"
        }
      ]
    },
    {
      "code": "DIP412",
      "display": "Diplôme ou titre ou certification délivré par le CNAM",
      "definition": "Article L4352-2 2° du code de la santé publique (CSP) ; Arrêté du 21 octobre 1992",
      "designation": [
        {
          "language": "fr-FR",
          "use": {
            "system": "http://snomed.info/sct",
            "code": "900000000000013009"
          },
          "value": "Dip Bioch. Biol. titre et certif CNAM"
        }
      ],
      "property": [
        {
          "code": "dateValid",
          "valueDateTime": "2024-06-28T12:00:00+01:00"
        },
        {
          "code": "dateMaj",
          "valueDateTime": "2025-08-28T12:00:00+01:00"
        },
        {
          "code": "status",
          "valueCode": "active"
        }
      ]
    },
    {
      "code": "DIP414",
      "display": "Diplôme ou titre délivré par l'AFPICL de Lyon (UCLy - ESTBB)",
      "definition": "Article L4352-2 2° du code de la santé publique (CSP) ; Arrêté du 21 octobre 1992",
      "designation": [
        {
          "language": "fr-FR",
          "use": {
            "system": "http://snomed.info/sct",
            "code": "900000000000013009"
          },
          "value": "Diplôme et titre AFPICL Lyon"
        }
      ],
      "property": [
        {
          "code": "dateValid",
          "valueDateTime": "2024-06-28T12:00:00+01:00"
        },
        {
          "code": "dateMaj",
          "valueDateTime": "2025-08-28T12:00:00+01:00"
        },
        {
          "code": "status",
          "valueCode": "active"
        }
      ]
    },
    {
      "code": "DIP415",
      "display": "Certificat de formation tech supérieur Physicien chimiste ministère travail",
      "designation": [
        {
          "language": "fr-FR",
          "use": {
            "code": "900000000000013009",
            "system": "http://snomed.info/sct"
          },
          "value": "Certif phys chimiste ministère"
        }
      ],
      "property": [
        {
          "code": "dateValid",
          "valueDateTime": "2024-06-28T12:00:00+01:00"
        },
        {
          "code": "dateMaj",
          "valueDateTime": "2024-06-28T12:00:00+01:00"
        },
        {
          "code": "status",
          "valueCode": "active"
        }
      ]
    }
  ],
  "meta": {
    "versionId": "8",
    "lastUpdated": "2025-07-02T18:18:26.225+00:00",
    "profile": [
      "http://hl7.org/fhir/StructureDefinition/shareablecodesystem"
    ]
  },
  "extension": [
    {
      "url": "http://hl7.org/fhir/StructureDefinition/resource-effectivePeriod",
      "valuePeriod": {
        "start": "2013-06-28T00:00:00+01:00"
      }
    }
  ],
  "identifier": [
    {
      "system": "urn:ietf:rfc:3986",
      "value": "urn:oid:1.2.250.1.213.1.6.1.53"
    }
  ],
  "experimental": false,
  "date": "2025-08-28T12:00:00+01:00",
  "publisher": "Agence du Numérique en Santé (ANS) - 2-10 Rue d'Oradour-sur-Glane, 75015 Paris",
  "jurisdiction": [
    {
      "coding": [
        {
          "code": "FR",
          "system": "urn:iso:std:iso:3166"
        }
      ]
    }
  ],
  "caseSensitive": false,
  "property": [
    {
      "code": "dateValid",
      "description": "date de validité d'un code concept",
      "type": "dateTime"
    },
    {
      "code": "dateMaj",
      "description": "Date de mise à jour d'un code concept",
      "type": "dateTime"
    },
    {
      "code": "dateFin",
      "description": "Date de fin d'exploitation d'un code concept",
      "type": "dateTime"
    },
    {
      "code": "deprecationDate",
      "uri": "http://hl7.org/fhir/concept-properties#deprecationDate",
      "description": "Date Concept was deprecated",
      "type": "dateTime"
    },
    {
      "code": "status",
      "uri": "http://hl7.org/fhir/concept-properties#status",
      "description": "A property that indicates the status of the concept.",
      "type": "code"
    },
    {
      "code": "retirementDate",
      "uri": "http://hl7.org/fhir/concept-properties#retirementDate",
      "description": "Date Concept was retired",
      "type": "dateTime"
    }
  ],
  "count": 92
}
