{
  "resourceType": "CodeSystem",
  "status": "active",
  "content": "complete",
  "name": "TRE_R286_TypeFermeture",
  "id": "TRE-R286-TypeFermeture",
  "description": "Type de fermeture, codes provenant du FINESS pour les EJ et EG",
  "version": "20250915120000",
  "url": "https://mos.esante.gouv.fr/NOS/TRE_R286-TypeFermeture/FHIR/TRE-R286-TypeFermeture",
  "concept": [
    {
      "code": "DEF",
      "display": "Définitive",
      "property": [
        {
          "code": "dateValid",
          "valueDateTime": "2019-01-25T12:00:00+01:00"
        },
        {
          "code": "dateMaj",
          "valueDateTime": "2019-01-25T12:00:00+01:00"
        },
        {
          "code": "status",
          "valueCode": "active"
        }
      ]
    },
    {
      "code": "ERR",
      "display": "Erreur",
      "property": [
        {
          "code": "dateValid",
          "valueDateTime": "2019-01-25T12:00:00+01:00"
        },
        {
          "code": "dateMaj",
          "valueDateTime": "2019-01-25T12:00:00+01:00"
        },
        {
          "code": "status",
          "valueCode": "active"
        }
      ]
    },
    {
      "code": "NDI",
      "display": "Non défini",
      "property": [
        {
          "code": "dateValid",
          "valueDateTime": "2019-01-25T12:00:00+01:00"
        },
        {
          "code": "dateMaj",
          "valueDateTime": "2019-01-25T12:00:00+01:00"
        },
        {
          "code": "status",
          "valueCode": "active"
        }
      ]
    },
    {
      "code": "CHP",
      "display": "Sortie du champ FINESS",
      "property": [
        {
          "code": "dateValid",
          "valueDateTime": "2019-01-25T12:00:00+01:00"
        },
        {
          "code": "dateMaj",
          "valueDateTime": "2019-01-25T12:00:00+01:00"
        },
        {
          "code": "status",
          "valueCode": "active"
        }
      ]
    },
    {
      "code": "EML",
      "display": "Ancienne autorisation fonctionnement EML",
      "designation": [
        {
          "language": "fr-FR",
          "use": {
            "code": "900000000000013009",
            "system": "http://snomed.info/sct"
          },
          "value": "Anc autor fonct EML"
        }
      ],
      "property": [
        {
          "code": "dateValid",
          "valueDateTime": "2019-01-25T12:00:00+01:00"
        },
        {
          "code": "dateMaj",
          "valueDateTime": "2019-01-25T12:00:00+01:00"
        },
        {
          "code": "status",
          "valueCode": "active"
        }
      ]
    },
    {
      "code": "PRO",
      "display": "Provisoire",
      "property": [
        {
          "code": "dateValid",
          "valueDateTime": "2019-01-25T12:00:00+01:00"
        },
        {
          "code": "dateMaj",
          "valueDateTime": "2019-01-25T12:00:00+01:00"
        },
        {
          "code": "status",
          "valueCode": "active"
        }
      ]
    },
    {
      "code": "PRE",
      "display": "Prévisionnelle",
      "property": [
        {
          "code": "dateValid",
          "valueDateTime": "2025-09-15T12:00:00+01:00"
        },
        {
          "code": "dateMaj",
          "valueDateTime": "2025-09-15T12:00:00+01:00"
        },
        {
          "code": "status",
          "valueCode": "active"
        }
      ]
    }
  ],
  "meta": {
    "versionId": "5",
    "lastUpdated": "2025-07-02T18:17:13.871+00:00",
    "profile": [
      "http://hl7.org/fhir/StructureDefinition/shareablecodesystem"
    ]
  },
  "extension": [
    {
      "url": "http://hl7.org/fhir/StructureDefinition/resource-effectivePeriod",
      "valuePeriod": {
        "start": "2019-01-25T12:00:00+01:00"
      }
    }
  ],
  "identifier": [
    {
      "system": "urn:ietf:rfc:3986",
      "value": "urn:oid:1.2.250.1.213.1.6.1.136"
    }
  ],
  "experimental": false,
  "date": "2025-09-15T12:00:00+01:00",
  "publisher": "Agence du Numérique en Santé (ANS) - 2-10 Rue d'Oradour-sur-Glane, 75015 Paris",
  "jurisdiction": [
    {
      "coding": [
        {
          "code": "FR",
          "system": "urn:iso:std:iso:3166"
        }
      ]
    }
  ],
  "caseSensitive": false,
  "property": [
    {
      "code": "dateValid",
      "description": "date de validité d'un code concept",
      "type": "dateTime"
    },
    {
      "code": "dateMaj",
      "description": "Date de mise à jour d'un code concept",
      "type": "dateTime"
    },
    {
      "code": "dateFin",
      "description": "Date de fin d'exploitation d'un code concept",
      "type": "dateTime"
    },
    {
      "code": "deprecationDate",
      "uri": "http://hl7.org/fhir/concept-properties#deprecationDate",
      "description": "Date Concept was deprecated",
      "type": "dateTime"
    },
    {
      "code": "status",
      "uri": "http://hl7.org/fhir/concept-properties#status",
      "description": "A property that indicates the status of the concept.",
      "type": "code"
    },
    {
      "code": "retirementDate",
      "uri": "http://hl7.org/fhir/concept-properties#retirementDate",
      "description": "Date Concept was retired",
      "type": "dateTime"
    }
  ],
  "count": 7
}
