{
  "resourceType": "ValueSet",
  "status": "active",
  "name": "JDV_J201_TypeFermeture_ROR",
  "id": "JDV-J201-TypeFermeture-ROR",
  "description": "Différentes valeurs de type de fermeture que peuvent envoyer FINESS au ROR (il en existe davantage)",
  "version": "20250923120000",
  "url": "https://mos.esante.gouv.fr/NOS/JDV_J201-TypeFermeture-ROR/FHIR/JDV-J201-TypeFermeture-ROR",
  "meta": {
    "versionId": "4",
    "lastUpdated": "2025-07-02T17:05:44.114+00:00",
    "profile": [
      "http://hl7.org/fhir/StructureDefinition/shareablevalueset"
    ]
  },
  "language": "fr-FR",
  "extension": [
    {
      "url": "http://hl7.org/fhir/StructureDefinition/resource-effectivePeriod",
      "valuePeriod": {
        "start": "2022-08-26T12:00:00+01:00"
      }
    }
  ],
  "identifier": [
    {
      "system": "urn:ietf:rfc:3986",
      "value": "urn:oid:1.2.250.1.213.3.4.33"
    }
  ],
  "experimental": false,
  "date": "2025-09-23T12:00:00+01:00",
  "publisher": "Agence du Numérique en Santé (ANS) - 2-10 Rue d'Oradour-sur-Glane, 75015 Paris",
  "jurisdiction": [
    {
      "coding": [
        {
          "code": "FR",
          "system": "urn:iso:std:iso:3166"
        }
      ]
    }
  ],
  "compose": {
    "include": [
      {
        "system": "https://mos.esante.gouv.fr/NOS/TRE_R286-TypeFermeture/FHIR/TRE-R286-TypeFermeture",
        "concept": [
          {
            "code": "DEF",
            "display": "Définitive"
          },
          {
            "code": "ERR",
            "display": "Erreur"
          },
          {
            "code": "NDI",
            "display": "Non défini"
          },
          {
            "code": "CHP",
            "display": "Sortie du champ FINESS"
          },
          {
            "code": "EML",
            "display": "Ancienne autorisation fonctionnement EML"
          },
          {
            "code": "PRO",
            "display": "Provisoire"
          },
          {
            "code": "PRE",
            "display": "Prévisionnelle"
          }
        ]
      }
    ]
  }
}
