{
  "resourceType": "ValueSet",
  "status": "active",
  "name": "JDV_J190_GenreCapacite_ROR",
  "id": "JDV-J190-GenreCapacite-ROR",
  "description": "Permet d'indiquer dans le ROR le genre des patients qui peuvent être installés dans des lits disponibles",
  "version": "20250828120000",
  "url": "https://mos.esante.gouv.fr/NOS/JDV_J190-GenreCapacite-ROR/FHIR/JDV-J190-GenreCapacite-ROR",
  "meta": {
    "versionId": "4",
    "lastUpdated": "2025-07-02T17:05:38.779+00:00",
    "profile": [
      "http://hl7.org/fhir/StructureDefinition/shareablevalueset"
    ]
  },
  "language": "fr-FR",
  "extension": [
    {
      "url": "http://hl7.org/fhir/StructureDefinition/resource-effectivePeriod",
      "valuePeriod": {
        "start": "2022-05-27T12:00:00+01:00"
      }
    }
  ],
  "identifier": [
    {
      "system": "urn:ietf:rfc:3986",
      "value": "urn:oid:1.2.250.1.213.3.4.23"
    }
  ],
  "experimental": false,
  "date": "2025-08-28T12:00:00+01:00",
  "publisher": "Agence du Numérique en Santé (ANS) - 2-10 Rue d'Oradour-sur-Glane, 75015 Paris",
  "jurisdiction": [
    {
      "coding": [
        {
          "code": "FR",
          "system": "urn:iso:std:iso:3166"
        }
      ]
    }
  ],
  "compose": {
    "include": [
      {
        "system": "https://mos.esante.gouv.fr/NOS/TRE_R332-GenreCapacite/FHIR/TRE-R332-GenreCapacite",
        "concept": [
          {
            "code": "01",
            "display": "Femme"
          },
          {
            "code": "02",
            "display": "Homme"
          },
          {
            "code": "04",
            "display": "Indéterminé"
          }
        ]
      }
    ]
  }
}
