{
  "resourceType": "ValueSet",
  "status": "active",
  "name": "JDV_J101_SecteurActivite_RASS",
  "id": "JDV-J101-SecteurActivite-RASS",
  "description": "Secteurs d'activité des établissements avec la même activité dans le RASS",
  "version": "20250828120000",
  "url": "https://mos.esante.gouv.fr/NOS/JDV_J101-SecteurActivite-RASS/FHIR/JDV-J101-SecteurActivite-RASS",
  "meta": {
    "versionId": "10",
    "lastUpdated": "2025-07-02T17:04:38.689+00:00",
    "profile": [
      "http://hl7.org/fhir/StructureDefinition/shareablevalueset"
    ]
  },
  "language": "fr-FR",
  "extension": [
    {
      "url": "http://hl7.org/fhir/StructureDefinition/resource-effectivePeriod",
      "valuePeriod": {
        "start": "2019-08-30T12:00:00+01:00"
      }
    }
  ],
  "identifier": [
    {
      "system": "urn:ietf:rfc:3986",
      "value": "urn:oid:1.2.250.1.213.1.6.1.169"
    }
  ],
  "experimental": false,
  "date": "2025-08-28T12:00:00+01:00",
  "publisher": "Agence du Numérique en Santé (ANS) - 2-10 Rue d'Oradour-sur-Glane, 75015 Paris",
  "jurisdiction": [
    {
      "coding": [
        {
          "code": "FR",
          "system": "urn:iso:std:iso:3166"
        }
      ]
    }
  ],
  "compose": {
    "include": [
      {
        "system": "https://mos.esante.gouv.fr/NOS/TRE_R02-SecteurActivite/FHIR/TRE-R02-SecteurActivite",
        "concept": [
          {
            "code": "SA01",
            "display": "Etablissement public de santé"
          },
          {
            "code": "SA02",
            "display": "Hôpital militaire du Service de santé des armées"
          },
          {
            "code": "SA03",
            "display": "Etablissement privé PSPH"
          },
          {
            "code": "SA04",
            "display": "Etablissement privé non PSPH"
          },
          {
            "code": "SA05",
            "display": "Centre de santé"
          },
          {
            "code": "SA06",
            "display": "Autre structure du Service de santé des armées"
          },
          {
            "code": "SA07",
            "display": "Cabinet individuel"
          },
          {
            "code": "SA08",
            "display": "Cabinet de groupe"
          },
          {
            "code": "SA09",
            "display": "Exercice en société"
          },
          {
            "code": "SA10",
            "display": "Transporteur sanitaire"
          },
          {
            "code": "SA11",
            "display": "Entreprise d'intérim"
          },
          {
            "code": "SA12",
            "display": "Etablissement de soins et prévention"
          },
          {
            "code": "SA13",
            "display": "Prévention et soins en entreprise"
          },
          {
            "code": "SA14",
            "display": "Etablissements scolaires, universitaires et de formation hors champ FINESS"
          },
          {
            "code": "SA15",
            "display": "PMI et Planification familiale"
          },
          {
            "code": "SA16",
            "display": "Etablissement pour personnes handicapées"
          },
          {
            "code": "SA17",
            "display": "Etablissement pour personnes âgées"
          },
          {
            "code": "SA18",
            "display": "Etablissement aide à la famille"
          },
          {
            "code": "SA19",
            "display": "Etablissements FINESS de formation aux professions sanitaires et sociales"
          },
          {
            "code": "SA20",
            "display": "Etablissement pour la protection de l'enfance"
          },
          {
            "code": "SA21",
            "display": "Etablissement d'hébergement et de réadaptation"
          },
          {
            "code": "SA22",
            "display": "Recherche"
          },
          {
            "code": "SA23",
            "display": "Assurance privée"
          },
          {
            "code": "SA24",
            "display": "Organisme de sécurité sociale"
          },
          {
            "code": "SA25",
            "display": "Laboratoire de biologie médicale"
          },
          {
            "code": "SA26",
            "display": "Ministère ou Service déconcentré"
          },
          {
            "code": "SA27",
            "display": "Collectivité territoriale"
          },
          {
            "code": "SA28",
            "display": "Association ou organisme humanitaire"
          },
          {
            "code": "SA29",
            "display": "Laboratoire d'analyses et de biologie médicale"
          },
          {
            "code": "SA30",
            "display": "Autre établissement sanitaire"
          },
          {
            "code": "SA31",
            "display": "Répartition et Distribution de médicaments et dispositifs médicaux"
          },
          {
            "code": "SA32",
            "display": "Fabrication, Exploitation et Importation de médicaments et dispositifs médicaux"
          },
          {
            "code": "SA33",
            "display": "Pharmacie d'officine"
          },
          {
            "code": "SA34",
            "display": "Centre de dialyse"
          },
          {
            "code": "SA35",
            "display": "Para-pharmacie"
          },
          {
            "code": "SA36",
            "display": "Centre anti-cancer"
          },
          {
            "code": "SA37",
            "display": "Centre de transfusion sanguine"
          },
          {
            "code": "SA38",
            "display": "Pharmacie minière"
          },
          {
            "code": "SA39",
            "display": "Pharmacie mutualiste"
          },
          {
            "code": "SA40",
            "display": "Secteur privé, praticien hospitalier temps plein"
          },
          {
            "code": "SA41",
            "display": "Autre établissement du domaine social ou médico-social"
          },
          {
            "code": "SA42",
            "display": "Appareillage médical"
          },
          {
            "code": "SA43",
            "display": "Secteur non défini"
          },
          {
            "code": "SA44",
            "display": "Recrutement ou Gestion RH"
          },
          {
            "code": "SA45",
            "display": "Communication, Marketing, Consulting, Média"
          },
          {
            "code": "SA46",
            "display": "Fabrication, Exploitation, Importation, Répartition, Distribution médicaments et dispositifs médicaux"
          },
          {
            "code": "SA47",
            "display": "Incendie et secours"
          },
          {
            "code": "SA48",
            "display": "Entreprise industrielle et tertiaire hors industrie pharmaceutique"
          },
          {
            "code": "SA49",
            "display": "Entité Outre-Mer"
          },
          {
            "code": "SA50",
            "display": "Permanence des soins ambulatoires hors cabinet"
          },
          {
            "code": "SA51",
            "display": "Structure de coopération avec autorisation de soins"
          },
          {
            "code": "SA52",
            "display": "Maison de santé ou Pôle de santé"
          },
          {
            "code": "SA53",
            "display": "Siège administratif d'un établissement de santé"
          },
          {
            "code": "SA54",
            "display": "Centre de dépistage et de prévention"
          },
          {
            "code": "SA55",
            "display": "Laboratoire pharmaceutique préparant et délivrant des allergènes"
          },
          {
            "code": "SA56",
            "display": "Propharmacie"
          },
          {
            "code": "SA57",
            "display": "Structure de coopération avec mission de coordination de soins"
          },
          {
            "code": "SA58",
            "display": "Entreprise de taxis"
          },
          {
            "code": "SA59",
            "display": "Laboratoire de biologie médicale hors catégorie standard"
          },
          {
            "code": "SA60",
            "display": "Centres médicaux SNCF"
          },
          {
            "code": "SA61",
            "display": "Structure Dispensatrice à domicile d'Oxygène à usage médical"
          },
          {
            "code": "SA62",
            "display": "Ordre professionnel de santé"
          },
          {
            "code": "SA63",
            "display": "Structures de coordination et d'orientation"
          },
          {
            "code": "SA64",
            "display": "Société de téléconsultation"
          },
          {
            "code": "SA65",
            "display": "Antenne de pharmacie"
          },
          {
            "code": "SA66",
            "display": "Services de Prévention et de Santé au Travail (SPST)"
          },
          {
            "code": "SA67",
            "display": "Maisons médicales de garde (MMG)"
          },
          {
            "code": "SA68",
            "display": "Services départementaux d'incendie et de secours"
          },
          {
            "code": "SA69",
            "display": "Maisons de naissance"
          }
        ]
      }
    ]
  }
}
