{
  "resourceType": "ValueSet",
  "id": "1.2.250.1.213.1.1.5.529",
  "meta": {
    "profile": [
      "http://hl7.org/fhir/StructureDefinition/shareablevalueset"
    ]
  },
  "extension": [
    {
      "url": "http://hl7.org/fhir/StructureDefinition/resource-effectivePeriod",
      "valuePeriod": {
        "start": "2021-03-15T00:00:00+01:00"
      }
    }
  ],
  "url": "https://smt.esante.gouv.fr/fhir/ValueSet/1.2.250.1.213.1.1.5.529",
  "identifier": [
    {
      "system": "urn:ietf:rfc:3986",
      "value": "urn:oid:1.2.250.1.213.1.1.5.529"
    }
  ],
  "version": "20230404000000",
  "name": "JDV_TypePrelevement_CISIS",
  "title": "JDV_TypePrelevement_CISIS",
  "status": "retired",
  "experimental": false,
  "date": "2023-04-04T00:00:00+01:00",
  "publisher": "Agence du Numérique en Santé(ANS) -2 - 10 Rue d'Oradour-sur-Glane, 75015 Paris",
  "description": "JDV_TypePrelevement_CISIS",
  "compose": {
    "include": [
      {
        "system": "1.2.250.1.213.2.5",
        "concept": [
          {
            "code": "HHFA018",
            "display": "Colectomie transverse"
          },
          {
            "code": "HHQX011",
            "display": "Coloproctectomie"
          },
          {
            "code": "HJFD004",
            "display": "Résection rectale antérieure"
          }
        ]
      },
      {
        "system": "https://smt.esante.gouv.fr/terminologie-ncit",
        "concept": [
          {
            "code": "C124294",
            "display": "Prélèvement de type indéterminé"
          },
          {
            "code": "C51623",
            "display": "Colectomie droite"
          },
          {
            "code": "C51624",
            "display": "Colectomie gauche"
          },
          {
            "code": "C51887",
            "display": "Colectomie subtotale"
          },
          {
            "code": "C91826",
            "display": "Amputation abdomino-périnéale"
          },
          {
            "code": "C91838",
            "display": "Sigmoïdectomie"
          }
        ]
      },
      {
        "system": "https://smt.esante.gouv.fr/fhir/CodeSystem/1.2.250.1.213.1.1.4.322",
        "concept": [
          {
            "code": "GEN-092",
            "display": "Autre"
          },
          {
            "code": "GEN-092.04.10",
            "display": "Autre type de prélèvement"
          },
          {
            "code": "MED-681",
            "display": "Intervention de Hartmann"
          }
        ]
      }
    ]
  }
}