{
  "resourceType": "ValueSet",
  "id": "1.2.250.1.213.1.1.4.2.289.28",
  "meta": {
    "profile": [
      "http://hl7.org/fhir/StructureDefinition/shareablevalueset"
    ]
  },
  "extension": [
    {
      "url": "http://hl7.org/fhir/StructureDefinition/resource-effectivePeriod",
      "valuePeriod": {
        "start": "2021-03-15T00:00:00+01:00"
      }
    }
  ],
  "url": "https://smt.esante.gouv.fr/fhir/ValueSet/1.2.250.1.213.1.1.4.2.289.28",
  "identifier": [
    {
      "system": "urn:ietf:rfc:3986",
      "value": "urn:oid:1.2.250.1.213.1.1.4.2.289.28"
    }
  ],
  "version": "20231205000000",
  "name": "JDV_OBP_TypeAnesthesieAvantNaissance_CISIS",
  "title": "JDV_OBP_TypeAnesthesieAvantNaissance_CISIS",
  "status": "retired",
  "experimental": false,
  "date": "2023-12-05T00:00:00+01:00",
  "publisher": "Agence du Numérique en Santé(ANS) -2 - 10 Rue d'Oradour-sur-Glane, 75015 Paris",
  "description": "JDV_OBP_TypeAnesthesieAvantNaissance_CISIS",
  "compose": {
    "include": [
      {
        "system": "https://smt.esante.gouv.fr/fhir/CodeSystem/1.2.250.1.213.1.1.4.322",
        "concept": [
          {
            "code": "GEN-092.03.03",
            "display": "Autre analgésie"
          },
          {
            "code": "MED-220",
            "display": "Analgésie morphinique"
          },
          {
            "code": "MED-221",
            "display": "Analgésie inhalatoire"
          },
          {
            "code": "MED-223",
            "display": "Autre analgésie"
          }
        ]
      },
      {
        "system": "1.2.250.1.213.2.12",
        "concept": [
          {
            "code": "P1-C0010",
            "display": "Anesthésie générale"
          },
          {
            "code": "P1-C0200",
            "display": "Anesthésie loco-régionale"
          }
        ]
      },
      {
        "system": "http://snomed.info/sct",
        "concept": [
          {
            "code": "27372005",
            "display": "anesthésie locorégionale"
          },
          {
            "code": "50697003",
            "display": "anesthésie générale"
          },
          {
            "code": "241717009",
            "display": "analgésie inhalatoire"
          }
        ]
      }
    ]
  }
}