{
  "resourceType": "ValueSet",
  "id": "2.16.840.1.113883.1.11.19708",
  "meta": {
    "profile": [
      "http://hl7.org/fhir/StructureDefinition/shareablevalueset"
    ]
  },
  "extension": [
    {
      "url": "http://hl7.org/fhir/StructureDefinition/resource-effectivePeriod",
      "valuePeriod": {
        "start": "2021-03-15T00:00:00+01:00"
      }
    }
  ],
  "url": "https://smt.esante.gouv.fr/fhir/ValueSet/2.16.840.1.113883.1.11.19708",
  "identifier": [
    {
      "system": "urn:ietf:rfc:3986",
      "value": "urn:oid:2.16.840.1.113883.1.11.19708"
    }
  ],
  "version": "20100101000000",
  "name": "JDV_HL7_ActSubstanceAdministrationCode_CISIS",
  "title": "JDV_HL7_ActSubstanceAdministrationCode_CISIS",
  "status": "active",
  "experimental": false,
  "date": "2010-01-01T00:00:00+01:00",
  "publisher": "Agence du Numérique en Santé(ANS) -2 - 10 Rue d'Oradour-sur-Glane, 75015 Paris",
  "description": "JDV_HL7_ActSubstanceAdministrationCode_CISIS",
  "compose": {
    "include": [
      {
        "system": "https://mos.esante.gouv.fr/NOS/TRE_R304-HL7v3ActCode/FHIR/TRE-R304-HL7v3ActCode",
        "concept": [
          {
            "code": "DRUG",
            "display": "Médicament"
          },
          {
            "code": "FD",
            "display": "Aliment"
          }
        ]
      }
    ]
  }
}