{
  "resourceType": "ValueSet",
  "id": "2.16.840.1.113883.1.11.10430",
  "meta": {
    "profile": [
      "http://hl7.org/fhir/StructureDefinition/shareablevalueset"
    ]
  },
  "extension": [
    {
      "url": "http://hl7.org/fhir/StructureDefinition/resource-effectivePeriod",
      "valuePeriod": {
        "start": "2021-03-15T00:00:00+01:00"
      }
    }
  ],
  "url": "https://smt.esante.gouv.fr/fhir/ValueSet/2.16.840.1.113883.1.11.10430",
  "identifier": [
    {
      "system": "urn:ietf:rfc:3986",
      "value": "urn:oid:2.16.840.1.113883.1.11.10430"
    }
  ],
  "version": "20211029000000",
  "name": "JDV_HL7_RoleClassIngredientEntity_CISIS",
  "title": "JDV_HL7_RoleClassIngredientEntity_CISIS",
  "status": "active",
  "experimental": false,
  "date": "2021-10-29T00:00:00+01:00",
  "publisher": "Agence du Numérique en Santé(ANS) -2 - 10 Rue d'Oradour-sur-Glane, 75015 Paris",
  "description": "JDV_HL7_RoleClassIngredientEntity_CISIS",
  "compose": {
    "include": [
      {
        "system": "https://mos.esante.gouv.fr/NOS/TRE_R260-HL7RoleClass/FHIR/TRE-R260-HL7RoleClass",
        "concept": [
          {
            "code": "INGR",
            "display": "Ingrédient"
          },
          {
            "code": "ACTI",
            "display": "Ingredient actif"
          },
          {
            "code": "ADJV",
            "display": "Adjuvant"
          },
          {
            "code": "ADTV",
            "display": "Additif"
          },
          {
            "code": "BASE",
            "display": "Base"
          },
          {
            "code": "CNTM",
            "display": "Ingredient contaminant"
          },
          {
            "code": "IACT",
            "display": "Ingredient inactif"
          },
          {
            "code": "MECH",
            "display": "Ingrédient mécanique"
          }
        ]
      }
    ]
  }
}