{
  "resourceType": "ValueSet",
  "id": "1.2.250.1.213.1.1.4.2.281.14",
  "meta": {
    "profile": [
      "http://hl7.org/fhir/StructureDefinition/shareablevalueset"
    ]
  },
  "extension": [
    {
      "url": "http://hl7.org/fhir/StructureDefinition/resource-effectivePeriod",
      "valuePeriod": {
        "start": "2021-03-15T00:00:00+01:00"
      }
    }
  ],
  "url": "https://smt.esante.gouv.fr/fhir/ValueSet/1.2.250.1.213.1.1.4.2.281.14",
  "identifier": [
    {
      "system": "urn:ietf:rfc:3986",
      "value": "urn:oid:1.2.250.1.213.1.1.4.2.281.14"
    }
  ],
  "version": "20221231000000",
  "name": "JDV_TypeExamenComp_CISIS",
  "title": "JDV_TypeExamenComp_CISIS",
  "status": "retired",
  "experimental": false,
  "date": "2022-12-31T00:00:00+01:00",
  "publisher": "Agence du Numérique en Santé(ANS) -2 - 10 Rue d'Oradour-sur-Glane, 75015 Paris",
  "description": "JDV_TypeExamenComp_CISIS",
  "compose": {
    "include": [
      {
        "system": "https://smt.esante.gouv.fr/fhir/CodeSystem/1.2.250.1.213.1.1.4.322",
        "concept": [
          {
            "code": "ORG-121",
            "display": "Evaluation Oncogériatrique"
          },
          {
            "code": "ORG-122",
            "display": "Consultation génétique"
          },
          {
            "code": "ORG-124",
            "display": "Autre examen/expertise complémentaire"
          }
        ]
      }
    ]
  }
}