{
  "resourceType": "ValueSet",
  "id": "1.2.250.1.213.1.1.5.599",
  "meta": {
    "profile": [
      "http://hl7.org/fhir/StructureDefinition/shareablevalueset"
    ]
  },
  "extension": [
    {
      "url": "http://hl7.org/fhir/StructureDefinition/resource-effectivePeriod",
      "valuePeriod": {
        "start": "2021-03-15T00:00:00+01:00"
      }
    }
  ],
  "url": "https://smt.esante.gouv.fr/fhir/ValueSet/1.2.250.1.213.1.1.5.599",
  "identifier": [
    {
      "system": "urn:ietf:rfc:3986",
      "value": "urn:oid:1.2.250.1.213.1.1.5.599"
    }
  ],
  "version": "20220404000000",
  "name": "JDV_ObservationIntoleranceType_CISIS",
  "title": "JDV_ObservationIntoleranceType_CISIS",
  "status": "retired",
  "experimental": false,
  "date": "2022-04-04T00:00:00+01:00",
  "publisher": "Agence du Numérique en Santé(ANS) -2 - 10 Rue d'Oradour-sur-Glane, 75015 Paris",
  "description": "JDV_ObservationIntoleranceType_CISIS",
  "compose": {
    "include": [
      {
        "system": "https://mos.esante.gouv.fr/NOS/TRE_R304-HL7v3ActCode/FHIR/TRE-R304-HL7v3ActCode",
        "concept": [
          {
            "code": "ALG",
            "display": "Allergie"
          },
          {
            "code": "DALG",
            "display": "Allergie médicamenteuse"
          },
          {
            "code": "DINT",
            "display": "Intolérance médicamenteuse"
          },
          {
            "code": "EALG",
            "display": "Allergie à un agent environnemental (latex, pollen, etc.)"
          },
          {
            "code": "EINT",
            "display": "Intolérance à un agent environnemental (latex, pollen, etc.)"
          },
          {
            "code": "FALG",
            "display": "Allergie alimentaire"
          },
          {
            "code": "FINT",
            "display": "Intolérance alimentaire"
          }
        ]
      }
    ]
  }
}