{
  "resourceType": "ValueSet",
  "id": "1.2.250.1.213.1.1.4.2.289.18",
  "meta": {
    "profile": [
      "http://hl7.org/fhir/StructureDefinition/shareablevalueset"
    ]
  },
  "extension": [
    {
      "url": "http://hl7.org/fhir/StructureDefinition/resource-effectivePeriod",
      "valuePeriod": {
        "start": "2021-03-15T00:00:00+01:00"
      }
    }
  ],
  "url": "https://smt.esante.gouv.fr/fhir/ValueSet/1.2.250.1.213.1.1.4.2.289.18",
  "identifier": [
    {
      "system": "urn:ietf:rfc:3986",
      "value": "urn:oid:1.2.250.1.213.1.1.4.2.289.18"
    }
  ],
  "version": "20231205000000",
  "name": "JDV_OBP_AspectLA_CISIS",
  "title": "JDV_OBP_AspectLA_CISIS",
  "status": "retired",
  "experimental": false,
  "date": "2023-12-05T00:00:00+01:00",
  "publisher": "Agence du Numérique en Santé(ANS) -2 - 10 Rue d'Oradour-sur-Glane, 75015 Paris",
  "description": "JDV_OBP_AspectLA_CISIS",
  "compose": {
    "include": [
      {
        "system": "https://smt.esante.gouv.fr/fhir/CodeSystem/1.2.250.1.213.1.1.4.322",
        "concept": [
          {
            "code": "GEN-092",
            "display": "Autre"
          },
          {
            "code": "GEN-092.01.05",
            "display": "Autre aspect du liquide amniotique"
          }
        ]
      },
      {
        "system": "1.2.250.1.213.1.1.4.2.289",
        "concept": [
          {
            "code": "OBS_216",
            "display": "Teinté (méconial fluide)"
          },
          {
            "code": "OBS_217",
            "display": "Méconial épais"
          },
          {
            "code": "OBS_218",
            "display": "Sanglant"
          },
          {
            "code": "OBS_219",
            "display": "Autre aspect du liquide amniotique"
          }
        ]
      },
      {
        "system": "1.2.250.1.213.2.12",
        "concept": [
          {
            "code": "G-A456",
            "display": "Clair"
          }
        ]
      },
      {
        "system": "http://snomed.info/sct",
        "concept": [
          {
            "code": "168092006",
            "display": "coloration méconiale du liquide amniotique"
          },
          {
            "code": "249134008",
            "display": "liquide amniotique sanglant"
          },
          {
            "code": "289294000",
            "display": "liquide amniotique avec méconium épais"
          },
          {
            "code": "408781009",
            "display": "liquide amniotique de couleur jaune paille"
          }
        ]
      }
    ]
  }
}