{
  "resourceType": "ValueSet",
  "id": "1.2.250.1.213.1.1.4.2.281.9",
  "meta": {
    "profile": [
      "http://hl7.org/fhir/StructureDefinition/shareablevalueset"
    ]
  },
  "extension": [
    {
      "url": "http://hl7.org/fhir/StructureDefinition/resource-effectivePeriod",
      "valuePeriod": {
        "start": "2021-03-15T00:00:00+01:00"
      }
    }
  ],
  "url": "https://smt.esante.gouv.fr/fhir/ValueSet/1.2.250.1.213.1.1.4.2.281.9",
  "identifier": [
    {
      "system": "urn:ietf:rfc:3986",
      "value": "urn:oid:1.2.250.1.213.1.1.4.2.281.9"
    }
  ],
  "version": "20221231000000",
  "name": "JDV_TypeTraitement_CISIS",
  "title": "JDV_TypeTraitement_CISIS",
  "status": "retired",
  "experimental": false,
  "date": "2022-12-31T00:00:00+01:00",
  "publisher": "Agence du Numérique en Santé(ANS) -2 - 10 Rue d'Oradour-sur-Glane, 75015 Paris",
  "description": "JDV_TypeTraitement_CISIS",
  "compose": {
    "include": [
      {
        "system": "https://smt.esante.gouv.fr/fhir/CodeSystem/1.2.250.1.213.1.1.4.322",
        "concept": [
          {
            "code": "MED-053",
            "display": "Soins de support"
          },
          {
            "code": "MED-124",
            "display": "Autre(s) traitement(s)"
          },
          {
            "code": "MED-125",
            "display": "Autres traitements médicamenteux spécifiques"
          },
          {
            "code": "MED-126",
            "display": "Allogreffe / Autogreffe"
          },
          {
            "code": "MED-127",
            "display": "Hormonothérapie"
          },
          {
            "code": "MED-226",
            "display": "Surveillance seule"
          },
          {
            "code": "MED-227",
            "display": "Surveillance active"
          },
          {
            "code": "MED-228",
            "display": "Thérapies ciblées"
          },
          {
            "code": "MED-229",
            "display": "Radiologie interventionnelle"
          },
          {
            "code": "MED-231",
            "display": "Endoscopie interventionnelle"
          },
          {
            "code": "MED-232",
            "display": "Irathérapie"
          },
          {
            "code": "MED-556",
            "display": "Fenêtre thérapeutique"
          }
        ]
      },
      {
        "system": "1.2.250.1.213.2.12",
        "concept": [
          {
            "code": "P1-00000",
            "display": "Chirurgie"
          },
          {
            "code": "P2-00200",
            "display": "Soins palliatifs"
          },
          {
            "code": "P2-67010",
            "display": "Chimiothérapie conventionnelle"
          },
          {
            "code": "P2-69200",
            "display": "Immunothérapie"
          },
          {
            "code": "P5-C0300",
            "display": "Radiothérapie"
          },
          {
            "code": "P5-C0600",
            "display": "Curiethérapie"
          }
        ]
      }
    ]
  }
}