{
  "resourceType": "ValueSet",
  "id": "1.2.250.1.213.1.1.5.559",
  "meta": {
    "profile": [
      "http://hl7.org/fhir/StructureDefinition/shareablevalueset"
    ]
  },
  "extension": [
    {
      "url": "http://hl7.org/fhir/StructureDefinition/resource-effectivePeriod",
      "valuePeriod": {
        "start": "2021-03-15T00:00:00+01:00"
      }
    }
  ],
  "url": "https://smt.esante.gouv.fr/fhir/ValueSet/1.2.250.1.213.1.1.5.559",
  "identifier": [
    {
      "system": "urn:ietf:rfc:3986",
      "value": "urn:oid:1.2.250.1.213.1.1.5.559"
    }
  ],
  "version": "20230404000000",
  "name": "JDV_ExamenMicroscopiqueZoneInteretDescriptionHistologique_CISIS",
  "title": "JDV_ExamenMicroscopiqueZoneInteretDescriptionHistologique_CISIS",
  "status": "retired",
  "experimental": false,
  "date": "2023-04-04T00:00:00+01:00",
  "publisher": "Agence du Numérique en Santé(ANS) -2 - 10 Rue d'Oradour-sur-Glane, 75015 Paris",
  "description": "JDV_ExamenMicroscopiqueZoneInteretDescriptionHistologique_CISIS",
  "compose": {
    "include": [
      {
        "system": "https://smt.esante.gouv.fr/fhir/CodeSystem/1.2.250.1.213.1.1.4.322",
        "concept": [
          {
            "code": "GEN-092.01.17",
            "display": "Autre - Absence de cellules cancéreuses"
          },
          {
            "code": "MED-765",
            "display": "Aspect normal/subnormal - Absence de cellules cancéreuses"
          },
          {
            "code": "MED-766",
            "display": "Suffusions hémorragiques - Absence de cellules cancéreuses"
          },
          {
            "code": "MED-767",
            "display": "Foyer cicatriciel - Absence de cellules cancéreuses"
          },
          {
            "code": "MED-768",
            "display": "Ulcération - Absence de cellules cancéreuses"
          },
          {
            "code": "MED-769",
            "display": "Autre - Absence de cellules cancéreuses"
          }
        ]
      }
    ]
  }
}