{
  "resourceType": "ValueSet",
  "id": "1.2.250.1.213.1.1.5.573",
  "meta": {
    "profile": [
      "http://hl7.org/fhir/StructureDefinition/shareablevalueset"
    ]
  },
  "extension": [
    {
      "url": "http://hl7.org/fhir/StructureDefinition/resource-effectivePeriod",
      "valuePeriod": {
        "start": "2021-03-15T00:00:00+01:00"
      }
    }
  ],
  "url": "https://smt.esante.gouv.fr/fhir/ValueSet/1.2.250.1.213.1.1.5.573",
  "identifier": [
    {
      "system": "urn:ietf:rfc:3986",
      "value": "urn:oid:1.2.250.1.213.1.1.5.573"
    }
  ],
  "version": "20230404000000",
  "name": "JDV_Examen_AutreConstatation_ExamenMicroscopique_CISIS",
  "title": "JDV_Examen_AutreConstatation_ExamenMicroscopique_CISIS",
  "status": "retired",
  "experimental": false,
  "date": "2023-04-04T00:00:00+01:00",
  "publisher": "Agence du Numérique en Santé(ANS) -2 - 10 Rue d'Oradour-sur-Glane, 75015 Paris",
  "description": "JDV_Examen_AutreConstatation_ExamenMicroscopique_CISIS",
  "compose": {
    "include": [
      {
        "system": "https://smt.esante.gouv.fr/fhir/CodeSystem/1.2.250.1.213.1.1.4.322",
        "concept": [
          {
            "code": "GEN-092",
            "display": "Autre"
          },
          {
            "code": "MED-772",
            "display": "Rectocolite hémorragique"
          },
          {
            "code": "MED-773",
            "display": "Maladie de Crohn"
          },
          {
            "code": "MED-774",
            "display": "Appendice normal"
          },
          {
            "code": "MED-775",
            "display": "Diverticule(s) du sigmoïde non compliqué(s)"
          },
          {
            "code": "MED-776",
            "display": "Sigmoïdite diverticulaire chronique"
          },
          {
            "code": "MED-777",
            "display": "Sigmoïdite diverticulaire sub-aiguë"
          },
          {
            "code": "MED-778",
            "display": "Sigmoïdite diverticulaire aiguë"
          }
        ]
      }
    ]
  }
}