{
  "resourceType": "ValueSet",
  "id": "1.2.250.1.213.1.1.5.580",
  "meta": {
    "profile": [
      "http://hl7.org/fhir/StructureDefinition/shareablevalueset"
    ]
  },
  "extension": [
    {
      "url": "http://hl7.org/fhir/StructureDefinition/resource-effectivePeriod",
      "valuePeriod": {
        "start": "2021-03-15T00:00:00+01:00"
      }
    }
  ],
  "url": "https://smt.esante.gouv.fr/fhir/ValueSet/1.2.250.1.213.1.1.5.580",
  "identifier": [
    {
      "system": "urn:ietf:rfc:3986",
      "value": "urn:oid:1.2.250.1.213.1.1.5.580"
    }
  ],
  "version": "20230404000000",
  "name": "JDV_TypePrelevement_Melanome_CISIS",
  "title": "JDV_TypePrelevement_Melanome_CISIS",
  "status": "retired",
  "experimental": false,
  "date": "2023-04-04T00:00:00+01:00",
  "publisher": "Agence du Numérique en Santé(ANS) -2 - 10 Rue d'Oradour-sur-Glane, 75015 Paris",
  "description": "JDV_TypePrelevement_Melanome_CISIS",
  "compose": {
    "include": [
      {
        "system": "https://smt.esante.gouv.fr/fhir/CodeSystem/1.2.250.1.213.1.1.4.322",
        "concept": [
          {
            "code": "GEN-092",
            "display": "Autre"
          },
          {
            "code": "GEN-263",
            "display": "Non spécifié"
          },
          {
            "code": "MED-915",
            "display": "Biopsie Shaving"
          },
          {
            "code": "MED-916",
            "display": "Biopsie Punch"
          },
          {
            "code": "MED-917",
            "display": "Exérèse"
          },
          {
            "code": "MED-918",
            "display": "Amputation"
          }
        ]
      }
    ]
  }
}