{
  "resourceType": "ValueSet",
  "id": "1.2.250.1.213.1.1.5.765",
  "meta": {
    "profile": [
      "http://hl7.org/fhir/StructureDefinition/shareablevalueset"
    ]
  },
  "extension": [
    {
      "url": "http://hl7.org/fhir/StructureDefinition/resource-effectivePeriod",
      "valuePeriod": {
        "start": "2021-03-15T00:00:00+01:00"
      }
    }
  ],
  "url": "https://smt.esante.gouv.fr/fhir/ValueSet/1.2.250.1.213.1.1.5.765",
  "identifier": [
    {
      "system": "urn:ietf:rfc:3986",
      "value": "urn:oid:1.2.250.1.213.1.1.5.765"
    }
  ],
  "version": "20231221000000",
  "name": "JDV_CompletudeDispensation_CISIS",
  "title": "JDV_CompletudeDispensation_CISIS",
  "status": "active",
  "experimental": false,
  "date": "2023-12-21T00:00:00+01:00",
  "publisher": "Agence du Numérique en Santé(ANS) -2 - 10 Rue d'Oradour-sur-Glane, 75015 Paris",
  "description": "JDV_CompletudeDispensation_CISIS",
  "compose": {
    "include": [
      {
        "system": "https://mos.esante.gouv.fr/NOS/TRE_R304-HL7v3ActCode/FHIR/TRE-R304-HL7v3ActCode",
        "concept": [
          {
            "code": "FFC",
            "display": "Première dispensation - complète"
          },
          {
            "code": "FFP",
            "display": "Première dispensation - partielle"
          },
          {
            "code": "RFP",
            "display": "Dispensation suivante - partielle"
          },
          {
            "code": "RFC",
            "display": "Dispensation suivante - complète"
          }
        ]
      }
    ]
  }
}