{
  "resourceType": "ValueSet",
  "id": "1.2.250.1.213.1.1.4.2.289.30",
  "meta": {
    "profile": [
      "http://hl7.org/fhir/StructureDefinition/shareablevalueset"
    ]
  },
  "extension": [
    {
      "url": "http://hl7.org/fhir/StructureDefinition/resource-effectivePeriod",
      "valuePeriod": {
        "start": "2021-03-15T00:00:00+01:00"
      }
    }
  ],
  "url": "https://smt.esante.gouv.fr/fhir/ValueSet/1.2.250.1.213.1.1.4.2.289.30",
  "identifier": [
    {
      "system": "urn:ietf:rfc:3986",
      "value": "urn:oid:1.2.250.1.213.1.1.4.2.289.30"
    }
  ],
  "version": "20220804000000",
  "name": "JDV_OBP_TypeEtablissement_CISIS",
  "title": "JDV_OBP_TypeEtablissement_CISIS",
  "status": "retired",
  "experimental": false,
  "date": "2022-08-04T00:00:00+01:00",
  "publisher": "Agence du Numérique en Santé(ANS) -2 - 10 Rue d'Oradour-sur-Glane, 75015 Paris",
  "description": "JDV_OBP_TypeEtablissement_CISIS",
  "compose": {
    "include": [
      {
        "system": "https://smt.esante.gouv.fr/fhir/CodeSystem/1.2.250.1.213.1.1.4.322",
        "concept": [
          {
            "code": "ORG-143",
            "display": "Réanimation/soins intentifs"
          },
          {
            "code": "ORG-144",
            "display": "Autre court-séjour"
          },
          {
            "code": "ORG-145",
            "display": "Service réadaptation"
          },
          {
            "code": "ORG-146",
            "display": "Psychiatrie"
          }
        ]
      },
      {
        "system": "1.2.250.1.213.1.1.4.2.289",
        "concept": [
          {
            "code": "OBS_203",
            "display": "Autre maternité"
          }
        ]
      }
    ]
  }
}