{
  "resourceType": "ValueSet",
  "id": "1.2.250.1.213.1.1.5.207",
  "meta": {
    "profile": [
      "http://hl7.org/fhir/StructureDefinition/shareablevalueset"
    ]
  },
  "extension": [
    {
      "url": "http://hl7.org/fhir/StructureDefinition/resource-effectivePeriod",
      "valuePeriod": {
        "start": "2021-03-15T00:00:00+01:00"
      }
    }
  ],
  "url": "https://smt.esante.gouv.fr/fhir/ValueSet/1.2.250.1.213.1.1.5.207",
  "identifier": [
    {
      "system": "urn:ietf:rfc:3986",
      "value": "urn:oid:1.2.250.1.213.1.1.5.207"
    }
  ],
  "version": "20230606000000",
  "name": "JDV_LocaThromboseVeineuse_CISIS",
  "title": "JDV_LocaThromboseVeineuse_CISIS",
  "status": "retired",
  "experimental": false,
  "date": "2023-06-06T00:00:00+01:00",
  "publisher": "Agence du Numérique en Santé(ANS) -2 - 10 Rue d'Oradour-sur-Glane, 75015 Paris",
  "description": "JDV_LocaThromboseVeineuse_CISIS",
  "compose": {
    "include": [
      {
        "system": "https://smt.esante.gouv.fr/fhir/CodeSystem/1.2.250.1.213.1.1.4.322",
        "concept": [
          {
            "code": "MED-450",
            "display": "Sinus longitudinal supérieur partiel"
          },
          {
            "code": "MED-451",
            "display": "Sinus longitudinal supérieur total"
          },
          {
            "code": "MED-452",
            "display": "Sinus Latéral droit"
          },
          {
            "code": "MED-453",
            "display": "Sinus Latéral gauche"
          },
          {
            "code": "MED-454",
            "display": "Sinus droit"
          },
          {
            "code": "MED-455",
            "display": "Veines corticales"
          },
          {
            "code": "MED-456",
            "display": "Veines jugulaires droite"
          },
          {
            "code": "MED-457",
            "display": "Veines jugulaires gauche"
          },
          {
            "code": "MED-458",
            "display": "Veines profondes"
          }
        ]
      },
      {
        "system": "1.2.250.1.213.2.12",
        "concept": [
          {
            "code": "T-49840",
            "display": "Sinus caverneux"
          }
        ]
      },
      {
        "system": "http://snomed.info/sct",
        "concept": [
          {
            "code": "230722002",
            "display": "thrombose veineuse cérébrale de la veine corticale"
          },
          {
            "code": "244402005",
            "display": "sinus caverneux entier"
          },
          {
            "code": "279261006",
            "display": "sinus droit entier"
          },
          {
            "code": "341484008",
            "display": "veine profonde entière"
          },
          {
            "code": "362075006",
            "display": "sinus sagittal supérieur entier"
          },
          {
            "code": "764262009",
            "display": "structure de la veine jugulaire gauche"
          },
          {
            "code": "764263004",
            "display": "structure de la veine jugulaire droite"
          }
        ]
      }
    ]
  }
}