{
  "resourceType": "ValueSet",
  "id": "1.2.250.1.213.1.1.5.553",
  "meta": {
    "profile": [
      "http://hl7.org/fhir/StructureDefinition/shareablevalueset"
    ]
  },
  "extension": [
    {
      "url": "http://hl7.org/fhir/StructureDefinition/resource-effectivePeriod",
      "valuePeriod": {
        "start": "2021-03-15T00:00:00+01:00"
      }
    }
  ],
  "url": "https://smt.esante.gouv.fr/fhir/ValueSet/1.2.250.1.213.1.1.5.553",
  "identifier": [
    {
      "system": "urn:ietf:rfc:3986",
      "value": "urn:oid:1.2.250.1.213.1.1.5.553"
    }
  ],
  "version": "20230404000000",
  "name": "JDV_ExamenMacroscopieAspectZoneInteret_CISIS",
  "title": "JDV_ExamenMacroscopieAspectZoneInteret_CISIS",
  "status": "retired",
  "experimental": false,
  "date": "2023-04-04T00:00:00+01:00",
  "publisher": "Agence du Numérique en Santé(ANS) -2 - 10 Rue d'Oradour-sur-Glane, 75015 Paris",
  "description": "JDV_ExamenMacroscopieAspectZoneInteret_CISIS",
  "compose": {
    "include": [
      {
        "system": "https://smt.esante.gouv.fr/terminologie-ncit",
        "concept": [
          {
            "code": "C25757",
            "display": "Ulcération"
          }
        ]
      },
      {
        "system": "https://smt.esante.gouv.fr/fhir/CodeSystem/1.2.250.1.213.1.1.4.322",
        "concept": [
          {
            "code": "GEN-092",
            "display": "Autre"
          },
          {
            "code": "MED-758",
            "display": "Aspect normal/subnormal"
          },
          {
            "code": "MED-759",
            "display": "Petite perte de substance superficielle"
          },
          {
            "code": "MED-760",
            "display": "Suffusions hémorragiques"
          },
          {
            "code": "MED-761",
            "display": "Aspect cicatriciel"
          }
        ]
      }
    ]
  }
}