{
  "resourceType": "ValueSet",
  "id": "1.2.250.1.213.1.1.4.2.286.1",
  "meta": {
    "profile": [
      "http://hl7.org/fhir/StructureDefinition/shareablevalueset"
    ]
  },
  "extension": [
    {
      "url": "http://hl7.org/fhir/StructureDefinition/resource-effectivePeriod",
      "valuePeriod": {
        "start": "2021-03-15T00:00:00+01:00"
      }
    }
  ],
  "url": "https://smt.esante.gouv.fr/fhir/ValueSet/1.2.250.1.213.1.1.4.2.286.1",
  "identifier": [
    {
      "system": "urn:ietf:rfc:3986",
      "value": "urn:oid:1.2.250.1.213.1.1.4.2.286.1"
    }
  ],
  "version": "20180222000000",
  "name": "JDV_ObjetCommentaire_CI_SIS",
  "title": "JDV_ObjetCommentaire_CI_SIS",
  "status": "retired",
  "experimental": false,
  "date": "2018-02-22T00:00:00+01:00",
  "publisher": "Agence du Numérique en Santé(ANS) -2 - 10 Rue d'Oradour-sur-Glane, 75015 Paris",
  "description": "JDV_ObjetCommentaire_CI_SIS",
  "compose": {
    "include": [
      {
        "system": "https://smt.esante.gouv.fr/fhir/CodeSystem/1.2.250.1.213.1.1.4.322",
        "concept": [
          {
            "code": "ORG-096",
            "display": "Médecin traitant"
          },
          {
            "code": "ORG-097",
            "display": "Correspondant"
          },
          {
            "code": "ORG-113",
            "display": "RCP"
          },
          {
            "code": "ORG-135",
            "display": "Session RCP et inscription"
          },
          {
            "code": "ORG-136",
            "display": "Médecin coordonateur de session"
          },
          {
            "code": "ORG-137",
            "display": "PS participant à la session de RCP"
          }
        ]
      }
    ]
  }
}