{
  "resourceType": "ValueSet",
  "id": "1.2.250.1.213.1.1.5.581",
  "meta": {
    "profile": [
      "http://hl7.org/fhir/StructureDefinition/shareablevalueset"
    ]
  },
  "extension": [
    {
      "url": "http://hl7.org/fhir/StructureDefinition/resource-effectivePeriod",
      "valuePeriod": {
        "start": "2021-03-15T00:00:00+01:00"
      }
    }
  ],
  "url": "https://smt.esante.gouv.fr/fhir/ValueSet/1.2.250.1.213.1.1.5.581",
  "identifier": [
    {
      "system": "urn:ietf:rfc:3986",
      "value": "urn:oid:1.2.250.1.213.1.1.5.581"
    }
  ],
  "version": "20230404000000",
  "name": "JDV_Localisation_Region_Melanome_CISIS",
  "title": "JDV_Localisation_Region_Melanome_CISIS",
  "status": "retired",
  "experimental": false,
  "date": "2023-04-04T00:00:00+01:00",
  "publisher": "Agence du Numérique en Santé(ANS) -2 - 10 Rue d'Oradour-sur-Glane, 75015 Paris",
  "description": "JDV_Localisation_Region_Melanome_CISIS",
  "compose": {
    "include": [
      {
        "system": "https://smt.esante.gouv.fr/terminologie-ncit",
        "concept": [
          {
            "code": "C29744",
            "display": "Formol (FFPE)"
          },
          {
            "code": "C84514",
            "display": "Pièce parvenue à l'état fixé"
          },
          {
            "code": "C84517",
            "display": "Pièce parvenue à l'état frais"
          }
        ]
      },
      {
        "system": "https://smt.esante.gouv.fr/fhir/CodeSystem/1.2.250.1.213.1.1.4.322",
        "concept": [
          {
            "code": "GEN-273",
            "display": "Non renseignée"
          },
          {
            "code": "MED-919",
            "display": "Tête et cou"
          },
          {
            "code": "MED-920",
            "display": "Epaule et membre supérieur"
          },
          {
            "code": "MED-921",
            "display": "Tronc"
          },
          {
            "code": "MED-922",
            "display": "Hanche et membre inférieur"
          }
        ]
      },
      {
        "system": "1.2.250.1.213.1.1.4.325",
        "concept": [
          {
            "code": "GEN-092",
            "display": "Autre"
          }
        ]
      }
    ]
  }
}