{
  "resourceType": "ValueSet",
  "id": "1.2.250.1.213.1.1.4.2.289.24",
  "meta": {
    "profile": [
      "http://hl7.org/fhir/StructureDefinition/shareablevalueset"
    ]
  },
  "extension": [
    {
      "url": "http://hl7.org/fhir/StructureDefinition/resource-effectivePeriod",
      "valuePeriod": {
        "start": "2021-03-15T00:00:00+01:00"
      }
    }
  ],
  "url": "https://smt.esante.gouv.fr/fhir/ValueSet/1.2.250.1.213.1.1.4.2.289.24",
  "identifier": [
    {
      "system": "urn:ietf:rfc:3986",
      "value": "urn:oid:1.2.250.1.213.1.1.4.2.289.24"
    }
  ],
  "version": "20231205000000",
  "name": "JDV_OBP_MotifDeclenchementTravail_CISIS",
  "title": "JDV_OBP_MotifDeclenchementTravail_CISIS",
  "status": "retired",
  "experimental": false,
  "date": "2023-12-05T00:00:00+01:00",
  "publisher": "Agence du Numérique en Santé(ANS) -2 - 10 Rue d'Oradour-sur-Glane, 75015 Paris",
  "description": "JDV_OBP_MotifDeclenchementTravail_CISIS",
  "compose": {
    "include": [
      {
        "system": "http://terminology.hl7.org/CodeSystem/icd10",
        "concept": [
          {
            "code": "O04",
            "display": "Avortement médical"
          },
          {
            "code": "O42.9",
            "display": "Rupture prématurée des membranes, sans précision"
          },
          {
            "code": "O48",
            "display": "Grossesse prolongée"
          },
          {
            "code": "P95",
            "display": "Mort fœtale"
          }
        ]
      },
      {
        "system": "https://smt.esante.gouv.fr/fhir/CodeSystem/1.2.250.1.213.1.1.4.322",
        "concept": [
          {
            "code": "GEN-092",
            "display": "Autre"
          },
          {
            "code": "GEN-092.01.06",
            "display": "Autre motif de déclenchement"
          },
          {
            "code": "MED-1242",
            "display": "Sans indication médicale"
          },
          {
            "code": "MED-210",
            "display": "Cause Fœtale"
          },
          {
            "code": "MED-219",
            "display": "Cause Maternelle"
          }
        ]
      },
      {
        "system": "1.2.250.1.213.1.1.4.2.289",
        "concept": [
          {
            "code": "OBS_002",
            "display": "IMG"
          },
          {
            "code": "OBS_205",
            "display": "Sans indication médicale"
          },
          {
            "code": "OBS_206",
            "display": "Autre motif de déclenchement"
          }
        ]
      },
      {
        "system": "1.2.250.1.213.2.12",
        "concept": [
          {
            "code": "D8-12200",
            "display": "Grossesse prolongée"
          },
          {
            "code": "D8-22120",
            "display": "Rupture prématurée des membranes"
          },
          {
            "code": "F-88450",
            "display": "Mort in utero"
          }
        ]
      }
    ]
  }
}