{
  "resourceType": "ValueSet",
  "id": "1.2.250.1.213.1.1.4.321.1",
  "meta": {
    "profile": [
      "http://hl7.org/fhir/StructureDefinition/shareablevalueset"
    ]
  },
  "extension": [
    {
      "url": "http://hl7.org/fhir/StructureDefinition/resource-effectivePeriod",
      "valuePeriod": {
        "start": "2021-03-15T00:00:00+01:00"
      }
    }
  ],
  "url": "https://smt.esante.gouv.fr/fhir/ValueSet/1.2.250.1.213.1.1.4.321.1",
  "identifier": [
    {
      "system": "urn:ietf:rfc:3986",
      "value": "urn:oid:1.2.250.1.213.1.1.4.321.1"
    }
  ],
  "version": "20241213000000",
  "name": "JDV_typeAdresseurUNV_CI_SIS",
  "title": "JDV_typeAdresseurUNV_CI_SIS",
  "status": "retired",
  "experimental": false,
  "date": "2024-12-13T00:00:00+01:00",
  "publisher": "Agence du Numérique en Santé(ANS) -2 - 10 Rue d'Oradour-sur-Glane, 75015 Paris",
  "description": "JDV_typeAdresseurUNV_CI_SIS",
  "compose": {
    "include": [
      {
        "system": "1.2.250.1.213.1.1.4.X",
        "concept": [
          {
            "code": "AVC-205",
            "display": "Centre 15"
          },
          {
            "code": "AVC-206",
            "display": "SAU ou SU local"
          },
          {
            "code": "AVC-207",
            "display": "SU d'un autre établissement de santé (préciser)"
          },
          {
            "code": "AVC-208",
            "display": "Pompiers"
          },
          {
            "code": "AVC-209",
            "display": "Médecin de ville"
          },
          {
            "code": "AVC-210",
            "display": "Arrivée directe"
          }
        ]
      },
      {
        "system": "https://smt.esante.gouv.fr/fhir/CodeSystem/1.2.250.1.213.1.1.4.322",
        "concept": [
          {
            "code": "GEN-097",
            "display": "Autre (préciser)"
          }
        ]
      }
    ]
  }
}