{
  "resourceType": "ValueSet",
  "id": "1.2.250.1.213.1.1.5.541",
  "meta": {
    "profile": [
      "http://hl7.org/fhir/StructureDefinition/shareablevalueset"
    ]
  },
  "extension": [
    {
      "url": "http://hl7.org/fhir/StructureDefinition/resource-effectivePeriod",
      "valuePeriod": {
        "start": "2021-03-15T00:00:00+01:00"
      }
    }
  ],
  "url": "https://smt.esante.gouv.fr/fhir/ValueSet/1.2.250.1.213.1.1.5.541",
  "identifier": [
    {
      "system": "urn:ietf:rfc:3986",
      "value": "urn:oid:1.2.250.1.213.1.1.5.541"
    }
  ],
  "version": "20230404000000",
  "name": "JDV_ExamenMicroscopiqueTumeurTypeHistologique_CISIS",
  "title": "JDV_ExamenMicroscopiqueTumeurTypeHistologique_CISIS",
  "status": "retired",
  "experimental": false,
  "date": "2023-04-04T00:00:00+01:00",
  "publisher": "Agence du Numérique en Santé(ANS) -2 - 10 Rue d'Oradour-sur-Glane, 75015 Paris",
  "description": "JDV_ExamenMicroscopiqueTumeurTypeHistologique_CISIS",
  "compose": {
    "include": [
      {
        "system": "https://smt.esante.gouv.fr/terminologie-ncit",
        "concept": [
          {
            "code": "C172699",
            "display": "Adénocarcinome &quot;adenoma-like&quot;"
          },
          {
            "code": "C19151",
            "display": "Métastase"
          },
          {
            "code": "C26712",
            "display": "Adénocarcinome mucineux"
          },
          {
            "code": "C2852",
            "display": "Adénocarcinome (sans aspect histologique particulier)"
          },
          {
            "code": "C3692",
            "display": "Carcinome indifférencié"
          },
          {
            "code": "C3727",
            "display": "Carcinome adénosquameux"
          },
          {
            "code": "C3774",
            "display": "Carcinome à cellules en bague à chaton"
          },
          {
            "code": "C3868",
            "display": "GIST"
          },
          {
            "code": "C8998",
            "display": "Carcinome médullaire"
          },
          {
            "code": "C96491",
            "display": "Adénocarcinome micropapillaire"
          },
          {
            "code": "C96494",
            "display": "Carcinome avec composante sarcomatoïde"
          }
        ]
      },
      {
        "system": "https://smt.esante.gouv.fr/fhir/CodeSystem/1.2.250.1.213.1.1.4.322",
        "concept": [
          {
            "code": "GEN-092.01.16",
            "display": "Autre carcinome"
          },
          {
            "code": "MED-708",
            "display": "Adénocarcinome festonné"
          },
          {
            "code": "MED-714",
            "display": "Autre carcinome"
          },
          {
            "code": "MED-715",
            "display": "TNE / TNE et non NE"
          },
          {
            "code": "MED-716",
            "display": "Tumeur lymphoïde"
          },
          {
            "code": "MED-718",
            "display": "Tumeur mésenchymateuse (hors GIST)"
          }
        ]
      }
    ]
  }
}