{
  "resourceType": "ValueSet",
  "id": "1.2.250.1.213.1.1.4.2.281.18",
  "meta": {
    "profile": [
      "http://hl7.org/fhir/StructureDefinition/shareablevalueset"
    ]
  },
  "extension": [
    {
      "url": "http://hl7.org/fhir/StructureDefinition/resource-effectivePeriod",
      "valuePeriod": {
        "start": "2021-03-15T00:00:00+01:00"
      }
    }
  ],
  "url": "https://smt.esante.gouv.fr/fhir/ValueSet/1.2.250.1.213.1.1.4.2.281.18",
  "identifier": [
    {
      "system": "urn:ietf:rfc:3986",
      "value": "urn:oid:1.2.250.1.213.1.1.4.2.281.18"
    }
  ],
  "version": "20221231000000",
  "name": "JDV_TraitementSoinsRCP_CISIS",
  "title": "JDV_TraitementSoinsRCP_CISIS",
  "status": "retired",
  "experimental": false,
  "date": "2022-12-31T00:00:00+01:00",
  "publisher": "Agence du Numérique en Santé(ANS) -2 - 10 Rue d'Oradour-sur-Glane, 75015 Paris",
  "description": "JDV_TraitementSoinsRCP_CISIS",
  "compose": {
    "include": [
      {
        "system": "https://smt.esante.gouv.fr/fhir/CodeSystem/1.2.250.1.213.1.1.4.322",
        "concept": [
          {
            "code": "MED-053",
            "display": "Soins de support"
          },
          {
            "code": "MED-229",
            "display": "Radiologie interventionnelle"
          },
          {
            "code": "MED-256",
            "display": "Préservation de la fertilité"
          },
          {
            "code": "MED-257",
            "display": "Cancers rares"
          },
          {
            "code": "ORG-129",
            "display": "Oncogénétique"
          },
          {
            "code": "ORG-130",
            "display": "Oncogériatrie"
          },
          {
            "code": "ORG-131",
            "display": "Oncologie médicale"
          }
        ]
      },
      {
        "system": "1.2.250.1.213.2.12",
        "concept": [
          {
            "code": "D1-F0106",
            "display": "Métastase osseuse"
          },
          {
            "code": "F-A2600",
            "display": "Douleur"
          },
          {
            "code": "P2-00200",
            "display": "Soins palliatifs"
          }
        ]
      }
    ]
  }
}