{
  "resourceType": "ValueSet",
  "id": "1.2.250.1.213.1.1.4.2.289.5",
  "meta": {
    "profile": [
      "http://hl7.org/fhir/StructureDefinition/shareablevalueset"
    ]
  },
  "extension": [
    {
      "url": "http://hl7.org/fhir/StructureDefinition/resource-effectivePeriod",
      "valuePeriod": {
        "start": "2021-03-15T00:00:00+01:00"
      }
    }
  ],
  "url": "https://smt.esante.gouv.fr/fhir/ValueSet/1.2.250.1.213.1.1.4.2.289.5",
  "identifier": [
    {
      "system": "urn:ietf:rfc:3986",
      "value": "urn:oid:1.2.250.1.213.1.1.4.2.289.5"
    }
  ],
  "version": "20231205000000",
  "name": "JDV_ModeAccouchement_CISIS",
  "title": "JDV_ModeAccouchement_CISIS",
  "status": "retired",
  "experimental": false,
  "date": "2023-12-05T00:00:00+01:00",
  "publisher": "Agence du Numérique en Santé(ANS) -2 - 10 Rue d'Oradour-sur-Glane, 75015 Paris",
  "description": "JDV_ModeAccouchement_CISIS",
  "compose": {
    "include": [
      {
        "system": "https://smt.esante.gouv.fr/fhir/CodeSystem/1.2.250.1.213.1.1.4.322",
        "concept": [
          {
            "code": "MED-1253",
            "display": "Césarienne pendant travail"
          },
          {
            "code": "MED-1254",
            "display": "Césarienne avant travail"
          },
          {
            "code": "MED-217",
            "display": "Accouchement par voie basse non instrumentale"
          }
        ]
      },
      {
        "system": "1.2.250.1.213.1.1.4.2.289",
        "concept": [
          {
            "code": "OBS_109",
            "display": "Césarienne pendant travail"
          },
          {
            "code": "OBS_110",
            "display": "Césarienne avant travail"
          }
        ]
      },
      {
        "system": "1.2.250.1.213.2.12",
        "concept": [
          {
            "code": "P1-86E50",
            "display": "Extraction voie basse instrumentale"
          }
        ]
      },
      {
        "system": "http://snomed.info/sct",
        "concept": [
          {
            "code": "302383004",
            "display": "accouchement par forceps"
          }
        ]
      }
    ]
  }
}