{
  "resourceType": "ValueSet",
  "id": "1.2.250.1.213.1.1.4.2.289.41",
  "meta": {
    "profile": [
      "http://hl7.org/fhir/StructureDefinition/shareablevalueset"
    ]
  },
  "extension": [
    {
      "url": "http://hl7.org/fhir/StructureDefinition/resource-effectivePeriod",
      "valuePeriod": {
        "start": "2021-03-15T00:00:00+01:00"
      }
    }
  ],
  "url": "https://smt.esante.gouv.fr/fhir/ValueSet/1.2.250.1.213.1.1.4.2.289.41",
  "identifier": [
    {
      "system": "urn:ietf:rfc:3986",
      "value": "urn:oid:1.2.250.1.213.1.1.4.2.289.41"
    }
  ],
  "version": "20220804000000",
  "name": "JDV_OBP_ModeSortie_CISIS",
  "title": "JDV_OBP_ModeSortie_CISIS",
  "status": "retired",
  "experimental": false,
  "date": "2022-08-04T00:00:00+01:00",
  "publisher": "Agence du Numérique en Santé(ANS) -2 - 10 Rue d'Oradour-sur-Glane, 75015 Paris",
  "description": "JDV_OBP_ModeSortie_CISIS",
  "compose": {
    "include": [
      {
        "system": "https://smt.esante.gouv.fr/fhir/CodeSystem/1.2.250.1.213.1.1.4.322",
        "concept": [
          {
            "code": "GEN-092",
            "display": "Autre"
          }
        ]
      },
      {
        "system": "1.2.250.1.213.1.1.4.2.289",
        "concept": [
          {
            "code": "OBS_228",
            "display": "Placement"
          },
          {
            "code": "OBS_270",
            "display": "Maison maternelle"
          },
          {
            "code": "OBS_271",
            "display": "Appartement thérapeutique"
          },
          {
            "code": "OBS_272",
            "display": "Famille d’accueil"
          },
          {
            "code": "OBS_273",
            "display": "Hôtel du SAMU social"
          },
          {
            "code": "OBS_307",
            "display": "Domicile - Bonne santé"
          },
          {
            "code": "OBS_308",
            "display": "Sage-femme dom. hors HAD"
          },
          {
            "code": "OBS_309",
            "display": "Autre mode de sortie"
          }
        ]
      },
      {
        "system": "1.2.250.1.213.2.12",
        "concept": [
          {
            "code": "P0-20100",
            "display": "Départ de la patiente contre avis médical"
          },
          {
            "code": "P0-20300",
            "display": "Mutation (Transfert d'un patient dans un autre ES)"
          },
          {
            "code": "P0-20400",
            "display": "Transfert (Transfert du patient à l'intérieur de l'ES)"
          },
          {
            "code": "PA-63000",
            "display": "HAD"
          },
          {
            "code": "R99",
            "display": "Décès"
          }
        ]
      }
    ]
  }
}