{
  "resourceType": "ValueSet",
  "id": "1.2.250.1.213.1.1.4.2.289.17",
  "meta": {
    "profile": [
      "http://hl7.org/fhir/StructureDefinition/shareablevalueset"
    ]
  },
  "extension": [
    {
      "url": "http://hl7.org/fhir/StructureDefinition/resource-effectivePeriod",
      "valuePeriod": {
        "start": "2021-03-15T00:00:00+01:00"
      }
    }
  ],
  "url": "https://smt.esante.gouv.fr/fhir/ValueSet/1.2.250.1.213.1.1.4.2.289.17",
  "identifier": [
    {
      "system": "urn:ietf:rfc:3986",
      "value": "urn:oid:1.2.250.1.213.1.1.4.2.289.17"
    }
  ],
  "version": "20231205000000",
  "name": "JDV_OBP_TypeActePostPartum_CISIS",
  "title": "JDV_OBP_TypeActePostPartum_CISIS",
  "status": "retired",
  "experimental": false,
  "date": "2023-12-05T00:00:00+01:00",
  "publisher": "Agence du Numérique en Santé(ANS) -2 - 10 Rue d'Oradour-sur-Glane, 75015 Paris",
  "description": "JDV_OBP_TypeActePostPartum_CISIS",
  "compose": {
    "include": [
      {
        "system": "1.2.250.1.213.2.5",
        "concept": [
          {
            "code": "JNBD002",
            "display": "Ballonnets intra-utérin"
          },
          {
            "code": "JNED001",
            "display": "Réduction manuelle d’inversion utérine"
          },
          {
            "code": "JNFA001",
            "display": "Hystérectomie pour complications obstétricales, par laparotomie"
          },
          {
            "code": "JPGD001",
            "display": "Délivrance artificielle (+ révision utérine)"
          }
        ]
      },
      {
        "system": "https://smt.esante.gouv.fr/fhir/CodeSystem/1.2.250.1.213.1.1.4.322",
        "concept": [
          {
            "code": "GEN-092",
            "display": "Autre"
          },
          {
            "code": "GEN-092.04.02",
            "display": "Autre acte réalisé en postpartum immédiat"
          }
        ]
      },
      {
        "system": "1.2.250.1.213.1.1.4.2.289",
        "concept": [
          {
            "code": "OBS_210",
            "display": "Révision utérine isolée"
          },
          {
            "code": "OBS_211",
            "display": "Autre technique chirurgicale"
          },
          {
            "code": "OBS_212",
            "display": "Autre acte réalisé en postpartum immédiat"
          }
        ]
      },
      {
        "system": "1.2.250.1.213.2.12",
        "concept": [
          {
            "code": "P1-30530",
            "display": "Embolisation artérielle sélective"
          },
          {
            "code": "P1-86EA8",
            "display": "Réduction manuelle d’inversion utérine"
          }
        ]
      },
      {
        "system": "http://snomed.info/sct",
        "concept": [
          {
            "code": "49149002",
            "display": "exploration manuelle post-partum de l'utérus"
          },
          {
            "code": "57238002",
            "display": "embolisation artérielle sélective"
          }
        ]
      }
    ]
  }
}