{
  "resourceType": "ValueSet",
  "id": "2.16.840.1.113883.1.11.19700",
  "meta": {
    "profile": [
      "http://hl7.org/fhir/StructureDefinition/shareablevalueset"
    ]
  },
  "extension": [
    {
      "url": "http://hl7.org/fhir/StructureDefinition/resource-effectivePeriod",
      "valuePeriod": {
        "start": "2021-03-15T00:00:00+01:00"
      }
    }
  ],
  "url": "https://smt.esante.gouv.fr/fhir/ValueSet/2.16.840.1.113883.1.11.19700",
  "identifier": [
    {
      "system": "urn:ietf:rfc:3986",
      "value": "urn:oid:2.16.840.1.113883.1.11.19700"
    }
  ],
  "version": "20241213000000",
  "name": "JDV_HL7_ObservationIntoleranceType_CISIS",
  "title": "JDV_HL7_ObservationIntoleranceType_CISIS",
  "status": "retired",
  "experimental": false,
  "date": "2024-12-13T00:00:00+01:00",
  "publisher": "Agence du Numérique en Santé(ANS) -2 - 10 Rue d'Oradour-sur-Glane, 75015 Paris",
  "description": "JDV_HL7_ObservationIntoleranceType_CISIS",
  "compose": {
    "include": [
      {
        "system": "https://mos.esante.gouv.fr/NOS/TRE_R304-HL7v3ActCode/FHIR/TRE-R304-HL7v3ActCode",
        "concept": [
          {
            "code": "OINT",
            "display": "Allergie ou hypersensisiblité"
          },
          {
            "code": "DINT",
            "display": "Allergie ou hypersensisiblité médicamenteuse"
          },
          {
            "code": "EINT",
            "display": "Allergie ou hypersensisiblité à un agent environnemental (latex, pollen, etc.)"
          },
          {
            "code": "FINT",
            "display": "Allergie ou hypersensisiblité alimentaire"
          },
          {
            "code": "ALG",
            "display": "Allergie"
          },
          {
            "code": "DALG",
            "display": "Allergie médicamenteuse"
          },
          {
            "code": "EALG",
            "display": "Allergie à un agent environnemental (latex, pollen, etc.)"
          },
          {
            "code": "FALG",
            "display": "Allergie alimentaire"
          },
          {
            "code": "NAINT",
            "display": "Hypersensibilité non allergique"
          },
          {
            "code": "DNAINT",
            "display": "Hypersensibilité non allergique médicamenteuse"
          },
          {
            "code": "ENAINT",
            "display": "Hypersensibilité non allergique à un agent environnemental (latex, pollen, etc.)"
          },
          {
            "code": "FNAINT",
            "display": "Hypersensibilité non allergique alimentaire"
          }
        ]
      }
    ]
  }
}