{
  "resourceType": "ValueSet",
  "id": "1.2.250.1.213.1.1.5.582",
  "meta": {
    "profile": [
      "http://hl7.org/fhir/StructureDefinition/shareablevalueset"
    ]
  },
  "extension": [
    {
      "url": "http://hl7.org/fhir/StructureDefinition/resource-effectivePeriod",
      "valuePeriod": {
        "start": "2021-03-15T00:00:00+01:00"
      }
    }
  ],
  "url": "https://smt.esante.gouv.fr/fhir/ValueSet/1.2.250.1.213.1.1.5.582",
  "identifier": [
    {
      "system": "urn:ietf:rfc:3986",
      "value": "urn:oid:1.2.250.1.213.1.1.5.582"
    }
  ],
  "version": "20230404000000",
  "name": "JDV_Type_histologique_Melanome_CISIS",
  "title": "JDV_Type_histologique_Melanome_CISIS",
  "status": "retired",
  "experimental": false,
  "date": "2023-04-04T00:00:00+01:00",
  "publisher": "Agence du Numérique en Santé(ANS) -2 - 10 Rue d'Oradour-sur-Glane, 75015 Paris",
  "description": "JDV_Type_histologique_Melanome_CISIS",
  "compose": {
    "include": [
      {
        "system": "http://terminology.hl7.org/CodeSystem/icd-o-3",
        "concept": [
          {
            "code": "8743/3",
            "display": "Mélanome à extension superficielle (SSM, Superficial spreading Melanoma) in situ"
          }
        ]
      },
      {
        "system": "https://smt.esante.gouv.fr/fhir/CodeSystem/1.2.250.1.213.1.1.4.322",
        "concept": [
          {
            "code": "MED-923",
            "display": "Mélanome de Dubreuilh in situ (LM, Lentigo Maligna)"
          },
          {
            "code": "MED-924",
            "display": "Mélanome acrolentigineux (ALM, Acral Lentiginous Melanoma) in situ"
          },
          {
            "code": "MED-925",
            "display": "Mélanome simulant un nævus [question=Précisez]"
          },
          {
            "code": "MED-926",
            "display": "Mélanome développé sur nævus congénital"
          },
          {
            "code": "MED-927",
            "display": "Mélanome développé sur naevus"
          },
          {
            "code": "MED-928",
            "display": "Mélanome sur naevus bleu"
          },
          {
            "code": "MED-929",
            "display": "Mélanome desmoplastique"
          },
          {
            "code": "MED-930",
            "display": "Autre type de mélanome invasif"
          }
        ]
      },
      {
        "system": "1.3.6.1.4.1.19376.1.8.2.1",
        "concept": [
          {
            "code": "1155",
            "display": "Mélanome inclassable"
          },
          {
            "code": "1156",
            "display": "Mélanome à extension superficielle  (SSM, Superficial Spreading Melanoma) invasif"
          },
          {
            "code": "1157",
            "display": "Mélanome nodulaire (NM, Nodular Melanoma)"
          },
          {
            "code": "1158",
            "display": "Mélanome acrolentigineux (ALM, Acral Lentiginous Melanoma) invasif"
          },
          {
            "code": "1159",
            "display": "Mélanome de Dubreuilh invasif (LMM, Lentigo Maligna Melanoma)"
          }
        ]
      }
    ]
  }
}