{
  "resourceType": "ValueSet",
  "id": "1.2.250.1.213.1.1.4.2.289.21",
  "meta": {
    "profile": [
      "http://hl7.org/fhir/StructureDefinition/shareablevalueset"
    ]
  },
  "extension": [
    {
      "url": "http://hl7.org/fhir/StructureDefinition/resource-effectivePeriod",
      "valuePeriod": {
        "start": "2021-03-15T00:00:00+01:00"
      }
    }
  ],
  "url": "https://smt.esante.gouv.fr/fhir/ValueSet/1.2.250.1.213.1.1.4.2.289.21",
  "identifier": [
    {
      "system": "urn:ietf:rfc:3986",
      "value": "urn:oid:1.2.250.1.213.1.1.4.2.289.21"
    }
  ],
  "version": "20231205000000",
  "name": "JDV_OBP_LieuAccouchement_CISIS",
  "title": "JDV_OBP_LieuAccouchement_CISIS",
  "status": "retired",
  "experimental": false,
  "date": "2023-12-05T00:00:00+01:00",
  "publisher": "Agence du Numérique en Santé(ANS) -2 - 10 Rue d'Oradour-sur-Glane, 75015 Paris",
  "description": "JDV_OBP_LieuAccouchement_CISIS",
  "compose": {
    "include": [
      {
        "system": "https://smt.esante.gouv.fr/fhir/CodeSystem/1.2.250.1.213.1.1.4.322",
        "concept": [
          {
            "code": "GEN-092",
            "display": "Autre"
          },
          {
            "code": "GEN-092.06.04",
            "display": "Autre lieu d'accouchement"
          },
          {
            "code": "GEN-117",
            "display": "Domicile"
          },
          {
            "code": "GEN-310",
            "display": "Maternité"
          }
        ]
      },
      {
        "system": "1.2.250.1.213.1.1.4.2.289",
        "concept": [
          {
            "code": "OBS_201",
            "display": "Maternité"
          },
          {
            "code": "OBS_202",
            "display": "Domicile"
          },
          {
            "code": "OBS_203",
            "display": "Autre maternité"
          },
          {
            "code": "OBS_204",
            "display": "Autre lieu"
          }
        ]
      }
    ]
  }
}