{
  "resourceType": "ValueSet",
  "id": "1.2.250.1.213.1.1.5.727",
  "meta": {
    "profile": [
      "http://hl7.org/fhir/StructureDefinition/shareablevalueset"
    ]
  },
  "extension": [
    {
      "url": "http://hl7.org/fhir/StructureDefinition/resource-effectivePeriod",
      "valuePeriod": {
        "start": "2021-03-15T00:00:00+01:00"
      }
    }
  ],
  "url": "https://smt.esante.gouv.fr/fhir/ValueSet/1.2.250.1.213.1.1.5.727",
  "identifier": [
    {
      "system": "urn:ietf:rfc:3986",
      "value": "urn:oid:1.2.250.1.213.1.1.5.727"
    }
  ],
  "version": "20231017000000",
  "name": "JDV_StatutVaccinal_CISIS",
  "title": "JDV_StatutVaccinal_CISIS",
  "status": "retired",
  "experimental": false,
  "date": "2023-10-17T00:00:00+01:00",
  "publisher": "Agence du Numérique en Santé(ANS) -2 - 10 Rue d'Oradour-sur-Glane, 75015 Paris",
  "description": "JDV_StatutVaccinal_CISIS",
  "compose": {
    "include": [
      {
        "system": "https://smt.esante.gouv.fr/fhir/CodeSystem/1.2.250.1.213.1.1.4.322",
        "concept": [
          {
            "code": "GEN-008",
            "display": "Oui"
          },
          {
            "code": "GEN-009",
            "display": "Non"
          },
          {
            "code": "GEN-010",
            "display": "Ne sait pas"
          }
        ]
      }
    ]
  }
}