{
  "resourceType": "ValueSet",
  "id": "1.2.250.1.213.1.1.5.533",
  "meta": {
    "profile": [
      "http://hl7.org/fhir/StructureDefinition/shareablevalueset"
    ]
  },
  "extension": [
    {
      "url": "http://hl7.org/fhir/StructureDefinition/resource-effectivePeriod",
      "valuePeriod": {
        "start": "2021-03-15T00:00:00+01:00"
      }
    }
  ],
  "url": "https://smt.esante.gouv.fr/fhir/ValueSet/1.2.250.1.213.1.1.5.533",
  "identifier": [
    {
      "system": "urn:ietf:rfc:3986",
      "value": "urn:oid:1.2.250.1.213.1.1.5.533"
    }
  ],
  "version": "20230404000000",
  "name": "JDV_ExamenMacroscopieLocalisationTumeur_CISIS",
  "title": "JDV_ExamenMacroscopieLocalisationTumeur_CISIS",
  "status": "retired",
  "experimental": false,
  "date": "2023-04-04T00:00:00+01:00",
  "publisher": "Agence du Numérique en Santé(ANS) -2 - 10 Rue d'Oradour-sur-Glane, 75015 Paris",
  "description": "JDV_ExamenMacroscopieLocalisationTumeur_CISIS",
  "compose": {
    "include": [
      {
        "system": "https://smt.esante.gouv.fr/terminologie-ncit",
        "concept": [
          {
            "code": "C103438",
            "display": "Colon rectosigmoïde"
          },
          {
            "code": "C12265",
            "display": "Côlon ascendant"
          },
          {
            "code": "C12266",
            "display": "Angle colique droit"
          },
          {
            "code": "C12267",
            "display": "Angle colique gauche"
          },
          {
            "code": "C12268",
            "display": "Côlon descendant"
          },
          {
            "code": "C12381",
            "display": "Caecum"
          },
          {
            "code": "C12384",
            "display": "Côlon sigmoïde"
          },
          {
            "code": "C12385",
            "display": "Côlon transverse"
          },
          {
            "code": "C12390",
            "display": "Rectum"
          }
        ]
      },
      {
        "system": "https://smt.esante.gouv.fr/fhir/CodeSystem/1.2.250.1.213.1.1.4.322",
        "concept": [
          {
            "code": "GEN-021",
            "display": "Non déterminé"
          }
        ]
      }
    ]
  }
}