{
  "resourceType": "ValueSet",
  "id": "1.2.250.1.213.1.1.5.711",
  "meta": {
    "profile": [
      "http://hl7.org/fhir/StructureDefinition/shareablevalueset"
    ]
  },
  "extension": [
    {
      "url": "http://hl7.org/fhir/StructureDefinition/resource-effectivePeriod",
      "valuePeriod": {
        "start": "2021-03-15T00:00:00+01:00"
      }
    }
  ],
  "url": "https://smt.esante.gouv.fr/fhir/ValueSet/1.2.250.1.213.1.1.5.711",
  "identifier": [
    {
      "system": "urn:ietf:rfc:3986",
      "value": "urn:oid:1.2.250.1.213.1.1.5.711"
    }
  ],
  "version": "20231030000000",
  "name": "JDV_DeveloppementPsychomoteur_CS9_CISIS",
  "title": "JDV_DeveloppementPsychomoteur_CS9_CISIS",
  "status": "retired",
  "experimental": false,
  "date": "2023-10-30T00:00:00+01:00",
  "publisher": "Agence du Numérique en Santé(ANS) -2 - 10 Rue d'Oradour-sur-Glane, 75015 Paris",
  "description": "JDV_DeveloppementPsychomoteur_CS9_CISIS",
  "compose": {
    "include": [
      {
        "system": "https://smt.esante.gouv.fr/fhir/CodeSystem/1.2.250.1.213.1.1.4.322",
        "concept": [
          {
            "code": "GEN-082",
            "display": "Imite un geste simple (au revoir/bravo)"
          },
          {
            "code": "MED-190",
            "display": "Tient assis sans appui"
          },
          {
            "code": "MED-191",
            "display": "Réagit à son prénom"
          },
          {
            "code": "MED-192",
            "display": "Répète une syllabe"
          },
          {
            "code": "MED-193",
            "display": "Se déplace"
          },
          {
            "code": "MED-194",
            "display": "Saisit un objet avec participation du pouce"
          },
          {
            "code": "MED-195",
            "display": "Motricité symétrique des 4 membres"
          }
        ]
      }
    ]
  }
}