{
  "resourceType": "ValueSet",
  "id": "1.2.250.1.213.1.1.5.18",
  "meta": {
    "profile": [
      "http://hl7.org/fhir/StructureDefinition/shareablevalueset"
    ]
  },
  "extension": [
    {
      "url": "http://hl7.org/fhir/StructureDefinition/resource-effectivePeriod",
      "valuePeriod": {
        "start": "2021-03-15T00:00:00+01:00"
      }
    }
  ],
  "url": "https://smt.esante.gouv.fr/fhir/ValueSet/1.2.250.1.213.1.1.5.18",
  "identifier": [
    {
      "system": "urn:ietf:rfc:3986",
      "value": "urn:oid:1.2.250.1.213.1.1.5.18"
    }
  ],
  "version": "20240719000000",
  "name": "JDV_EncompassingEncounterCode_CISIS",
  "title": "JDV_EncompassingEncounterCode_CISIS",
  "status": "active",
  "experimental": false,
  "date": "2024-07-19T00:00:00+01:00",
  "publisher": "Agence du Numérique en Santé(ANS) -2 - 10 Rue d'Oradour-sur-Glane, 75015 Paris",
  "description": "JDV_EncompassingEncounterCode_CISIS",
  "compose": {
    "include": [
      {
        "system": "https://mos.esante.gouv.fr/NOS/TRE_R304-HL7v3ActCode/FHIR/TRE-R304-HL7v3ActCode",
        "concept": [
          {
            "code": "AMB",
            "display": "Ambulatoire (hors établissement)"
          },
          {
            "code": "EMER",
            "display": "Passage aux urgences (établissement)"
          },
          {
            "code": "FLD",
            "display": "Terrain (voie publique, hélicoptère, ambulance, etc.)"
          },
          {
            "code": "HH",
            "display": "Soins à domicile (hors établissement)"
          },
          {
            "code": "IMP",
            "display": "Hospitalisation (établissement, y compris HAD)"
          },
          {
            "code": "SS",
            "display": "Consultation en hôpital de jour ou court séjour"
          },
          {
            "code": "VR",
            "display": "Virtuelle (exemple : RCP en l'absence du patient)"
          }
        ]
      },
      {
        "system": "https://mos.esante.gouv.fr/NOS/TRE_R305-TypeRencontre/FHIR/TRE-R305-TypeRencontre",
        "concept": [
          {
            "code": "EXTERNE",
            "display": "Acte et consultation externe (établissement)"
          },
          {
            "code": "SEANCE",
            "display": "Séance (établissement ou libéral)"
          }
        ]
      }
    ]
  }
}