{
  "resourceType": "ValueSet",
  "id": "1.2.250.1.213.1.1.5.576",
  "meta": {
    "profile": [
      "http://hl7.org/fhir/StructureDefinition/shareablevalueset"
    ]
  },
  "extension": [
    {
      "url": "http://hl7.org/fhir/StructureDefinition/resource-effectivePeriod",
      "valuePeriod": {
        "start": "2021-03-15T00:00:00+01:00"
      }
    }
  ],
  "url": "https://smt.esante.gouv.fr/fhir/ValueSet/1.2.250.1.213.1.1.5.576",
  "identifier": [
    {
      "system": "urn:ietf:rfc:3986",
      "value": "urn:oid:1.2.250.1.213.1.1.5.576"
    }
  ],
  "version": "20230404000000",
  "name": "JDV_Examen_MetastaseADistance_Localisation_CISIS",
  "title": "JDV_Examen_MetastaseADistance_Localisation_CISIS",
  "status": "retired",
  "experimental": false,
  "date": "2023-04-04T00:00:00+01:00",
  "publisher": "Agence du Numérique en Santé(ANS) -2 - 10 Rue d'Oradour-sur-Glane, 75015 Paris",
  "description": "JDV_Examen_MetastaseADistance_Localisation_CISIS",
  "compose": {
    "include": [
      {
        "system": "https://smt.esante.gouv.fr/fhir/CodeSystem/1.2.250.1.213.1.1.4.322",
        "concept": [
          {
            "code": "GEN-092",
            "display": "Autre"
          },
          {
            "code": "MED-784",
            "display": "Péritoine"
          },
          {
            "code": "MED-785",
            "display": "Epiploon"
          },
          {
            "code": "MED-786",
            "display": "Foie"
          }
        ]
      }
    ]
  }
}