{
  "resourceType": "ValueSet",
  "id": "1.2.250.1.213.1.1.4.321.45",
  "meta": {
    "profile": [
      "http://hl7.org/fhir/StructureDefinition/shareablevalueset"
    ]
  },
  "extension": [
    {
      "url": "http://hl7.org/fhir/StructureDefinition/resource-effectivePeriod",
      "valuePeriod": {
        "start": "2021-03-15T00:00:00+01:00"
      }
    }
  ],
  "url": "https://smt.esante.gouv.fr/fhir/ValueSet/1.2.250.1.213.1.1.4.321.45",
  "identifier": [
    {
      "system": "urn:ietf:rfc:3986",
      "value": "urn:oid:1.2.250.1.213.1.1.4.321.45"
    }
  ],
  "version": "20241213000000",
  "name": "modeSortie",
  "title": "modeSortie",
  "status": "retired",
  "experimental": false,
  "date": "2024-12-13T00:00:00+01:00",
  "publisher": "Agence du Numérique en Santé(ANS) -2 - 10 Rue d'Oradour-sur-Glane, 75015 Paris",
  "description": "modeSortie",
  "compose": {
    "include": [
      {
        "system": "https://smt.esante.gouv.fr/fhir/CodeSystem/1.2.250.1.213.1.1.4.322",
        "concept": [
          {
            "code": "ORG-100",
            "display": "EHPAD"
          },
          {
            "code": "ORG-101",
            "display": "Retour au domicile"
          },
          {
            "code": "ORG-102",
            "display": "SSR spécialisé neuro"
          },
          {
            "code": "ORG-103",
            "display": "SSR spécialisé gériatrie"
          },
          {
            "code": "ORG-104",
            "display": "SSR polyvalent"
          },
          {
            "code": "ORG-162",
            "display": "MCO"
          }
        ]
      },
      {
        "system": "https://mos.esante.gouv.fr/NOS/TRE_R209-TypeActivite/FHIR/TRE-R209-TypeActivite",
        "concept": [
          {
            "code": "6",
            "display": "HAD"
          }
        ]
      },
      {
        "system": "1.2.250.1.213.2.12",
        "concept": [
          {
            "code": "P0-20300",
            "display": "mutation (->Transfert d'un patient dans un autre ES)"
          },
          {
            "code": "R99",
            "display": "décès"
          }
        ]
      }
    ]
  }
}