{
  "resourceType": "ValueSet",
  "id": "1.2.250.1.213.1.1.4.321.26",
  "meta": {
    "profile": [
      "http://hl7.org/fhir/StructureDefinition/shareablevalueset"
    ]
  },
  "extension": [
    {
      "url": "http://hl7.org/fhir/StructureDefinition/resource-effectivePeriod",
      "valuePeriod": {
        "start": "2021-03-15T00:00:00+01:00"
      }
    }
  ],
  "url": "https://smt.esante.gouv.fr/fhir/ValueSet/1.2.250.1.213.1.1.4.321.26",
  "identifier": [
    {
      "system": "urn:ietf:rfc:3986",
      "value": "urn:oid:1.2.250.1.213.1.1.4.321.26"
    }
  ],
  "version": "20241213000000",
  "name": "AVC_NIHSSOculInt",
  "title": "AVC_NIHSSOculInt",
  "status": "retired",
  "experimental": false,
  "date": "2024-12-13T00:00:00+01:00",
  "publisher": "Agence du Numérique en Santé(ANS) -2 - 10 Rue d'Oradour-sur-Glane, 75015 Paris",
  "description": "AVC_NIHSSOculInt",
  "compose": {
    "include": [
      {
        "system": "https://smt.esante.gouv.fr/fhir/CodeSystem/1.2.250.1.213.1.1.4.322",
        "concept": [
          {
            "code": "GEN-103",
            "display": "normal"
          }
        ]
      },
      {
        "system": "1.2.250.1.213.1.1.4.321",
        "concept": [
          {
            "code": "AVC-021",
            "display": "paralysie partielle (ce score est attribué quand l'oculomotricité est anormale pour 1 ou 2 yeux, mais sans déviation forcée, ni paralysie complète)."
          },
          {
            "code": "AVC-022",
            "display": "déviation forcée ou paralysie complète non vaincue par les manœuvres oculo céphaliques."
          }
        ]
      }
    ]
  }
}