{
  "resourceType": "ValueSet",
  "id": "1.2.250.1.213.1.1.5.538",
  "meta": {
    "profile": [
      "http://hl7.org/fhir/StructureDefinition/shareablevalueset"
    ]
  },
  "extension": [
    {
      "url": "http://hl7.org/fhir/StructureDefinition/resource-effectivePeriod",
      "valuePeriod": {
        "start": "2021-03-15T00:00:00+01:00"
      }
    }
  ],
  "url": "https://smt.esante.gouv.fr/fhir/ValueSet/1.2.250.1.213.1.1.5.538",
  "identifier": [
    {
      "system": "urn:ietf:rfc:3986",
      "value": "urn:oid:1.2.250.1.213.1.1.5.538"
    }
  ],
  "version": "20230404000000",
  "name": "JDV_ExamenMacroscopiePeritoine_CISIS",
  "title": "JDV_ExamenMacroscopiePeritoine_CISIS",
  "status": "retired",
  "experimental": false,
  "date": "2023-04-04T00:00:00+01:00",
  "publisher": "Agence du Numérique en Santé(ANS) -2 - 10 Rue d'Oradour-sur-Glane, 75015 Paris",
  "description": "JDV_ExamenMacroscopiePeritoine_CISIS",
  "compose": {
    "include": [
      {
        "system": "https://smt.esante.gouv.fr/fhir/CodeSystem/1.2.250.1.213.1.1.4.322",
        "concept": [
          {
            "code": "MED-701",
            "display": "Pas d’aspect macroscopique d’invasion"
          },
          {
            "code": "MED-702",
            "display": "Invasion de la surface péritonéale en \r\nregard de la tumeur"
          },
          {
            "code": "MED-703",
            "display": "Présence de nodules péritonéaux \r\nà distance de la tumeur"
          }
        ]
      }
    ]
  }
}