{
  "resourceType": "ValueSet",
  "id": "1.2.250.1.213.1.1.5.705",
  "meta": {
    "profile": [
      "http://hl7.org/fhir/StructureDefinition/shareablevalueset"
    ]
  },
  "extension": [
    {
      "url": "http://hl7.org/fhir/StructureDefinition/resource-effectivePeriod",
      "valuePeriod": {
        "start": "2021-03-15T00:00:00+01:00"
      }
    }
  ],
  "url": "https://smt.esante.gouv.fr/fhir/ValueSet/1.2.250.1.213.1.1.5.705",
  "identifier": [
    {
      "system": "urn:ietf:rfc:3986",
      "value": "urn:oid:1.2.250.1.213.1.1.5.705"
    }
  ],
  "version": "20241126000000",
  "name": "JDV_Actes_CS8_CISIS",
  "title": "JDV_Actes_CS8_CISIS",
  "status": "active",
  "experimental": false,
  "date": "2024-11-26T00:00:00+01:00",
  "publisher": "Agence du Numérique en Santé(ANS) -2 - 10 Rue d'Oradour-sur-Glane, 75015 Paris",
  "description": "JDV_Actes_CS8_CISIS",
  "compose": {
    "include": [
      {
        "system": "https://smt.esante.gouv.fr/fhir/CodeSystem/1.2.250.1.213.1.1.4.322",
        "concept": [
          {
            "code": "MED-174",
            "display": "Gestes techniques spécialisés"
          },
          {
            "code": "MED-1304",
            "display": "Dépistage de la surdité"
          }
        ]
      }
    ]
  }
}