{
  "resourceType": "ValueSet",
  "id": "1.2.250.1.213.1.1.5.521",
  "meta": {
    "profile": [
      "http://hl7.org/fhir/StructureDefinition/shareablevalueset"
    ]
  },
  "extension": [
    {
      "url": "http://hl7.org/fhir/StructureDefinition/resource-effectivePeriod",
      "valuePeriod": {
        "start": "2021-03-15T00:00:00+01:00"
      }
    }
  ],
  "url": "https://smt.esante.gouv.fr/fhir/ValueSet/1.2.250.1.213.1.1.5.521",
  "identifier": [
    {
      "system": "urn:ietf:rfc:3986",
      "value": "urn:oid:1.2.250.1.213.1.1.5.521"
    }
  ],
  "version": "20210101000000",
  "name": "JDV_TNM_pTNM_pT_2_CISIS",
  "title": "JDV_TNM_pTNM_pT_2_CISIS",
  "status": "active",
  "experimental": false,
  "date": "2021-01-01T00:00:00+01:00",
  "publisher": "Agence du Numérique en Santé(ANS) -2 - 10 Rue d'Oradour-sur-Glane, 75015 Paris",
  "description": "JDV_TNM_pTNM_pT_2_CISIS",
  "compose": {
    "include": [
      {
        "system": "https://smt.esante.gouv.fr/fhir/CodeSystem/1.2.250.1.213.1.1.4.322",
        "concept": [
          {
            "code": "MED-787",
            "display": "Évaluation impossible"
          },
          {
            "code": "MED-788",
            "display": "Pas de tumeur retrouvée"
          },
          {
            "code": "MED-811",
            "display": "Tumeur envahissant la muqueuse ou la sous-muqueuse, < 1 cm"
          },
          {
            "code": "MED-812",
            "display": "Tumeur envahissant la muqueuse ou la sous-muqueuse,  >= 1 cm et <= 2 cm"
          },
          {
            "code": "MED-813",
            "display": "Tumeur envahissant la musculeuse ou > 2 cm"
          },
          {
            "code": "MED-814",
            "display": "Tumeur envahissant la sous-séreuse  ou  la graisse périrectale"
          },
          {
            "code": "MED-815",
            "display": "Tumeur perforant le péritoine viscéral ou envahissant d'autres organes"
          }
        ]
      }
    ]
  }
}