{
  "resourceType": "ValueSet",
  "id": "1.2.250.1.213.1.1.5.550",
  "meta": {
    "profile": [
      "http://hl7.org/fhir/StructureDefinition/shareablevalueset"
    ]
  },
  "extension": [
    {
      "url": "http://hl7.org/fhir/StructureDefinition/resource-effectivePeriod",
      "valuePeriod": {
        "start": "2021-03-15T00:00:00+01:00"
      }
    }
  ],
  "url": "https://smt.esante.gouv.fr/fhir/ValueSet/1.2.250.1.213.1.1.5.550",
  "identifier": [
    {
      "system": "urn:ietf:rfc:3986",
      "value": "urn:oid:1.2.250.1.213.1.1.5.550"
    }
  ],
  "version": "20230404000000",
  "name": "JDV_ExamenMicroscopiqueTumeurReponseTraitementPreOperatoire_CISIS",
  "title": "JDV_ExamenMicroscopiqueTumeurReponseTraitementPreOperatoire_CISIS",
  "status": "retired",
  "experimental": false,
  "date": "2023-04-04T00:00:00+01:00",
  "publisher": "Agence du Numérique en Santé(ANS) -2 - 10 Rue d'Oradour-sur-Glane, 75015 Paris",
  "description": "JDV_ExamenMicroscopiqueTumeurReponseTraitementPreOperatoire_CISIS",
  "compose": {
    "include": [
      {
        "system": "https://smt.esante.gouv.fr/fhir/CodeSystem/1.2.250.1.213.1.1.4.322",
        "concept": [
          {
            "code": "MED-739",
            "display": "TRG0 : réponse complète - absence de cellules tumorale viables"
          },
          {
            "code": "MED-740",
            "display": "TRG1 : réponse modérée - cellules tumorales isolées ou rares \r\npetits amas de cellules tumorales"
          },
          {
            "code": "MED-741",
            "display": "TRG2 : réponse minime - cancer avec régression tumorale \r\névidente, mais persistance de plus que des cellules tumorales isolées ou de rares petits amas de cellules tumorales"
          },
          {
            "code": "MED-742",
            "display": "TRG3 : absence de réponse - pas d’aspect de régression tumorale"
          }
        ]
      }
    ]
  }
}