{
  "resourceType": "ValueSet",
  "id": "1.2.250.1.213.1.1.4.2.289.42",
  "meta": {
    "profile": [
      "http://hl7.org/fhir/StructureDefinition/shareablevalueset"
    ]
  },
  "extension": [
    {
      "url": "http://hl7.org/fhir/StructureDefinition/resource-effectivePeriod",
      "valuePeriod": {
        "start": "2021-03-15T00:00:00+01:00"
      }
    }
  ],
  "url": "https://smt.esante.gouv.fr/fhir/ValueSet/1.2.250.1.213.1.1.4.2.289.42",
  "identifier": [
    {
      "system": "urn:ietf:rfc:3986",
      "value": "urn:oid:1.2.250.1.213.1.1.4.2.289.42"
    }
  ],
  "version": "20231205000000",
  "name": "JDV_OBP_TypeAllaitementNN_CISIS",
  "title": "JDV_OBP_TypeAllaitementNN_CISIS",
  "status": "retired",
  "experimental": false,
  "date": "2023-12-05T00:00:00+01:00",
  "publisher": "Agence du Numérique en Santé(ANS) -2 - 10 Rue d'Oradour-sur-Glane, 75015 Paris",
  "description": "JDV_OBP_TypeAllaitementNN_CISIS",
  "compose": {
    "include": [
      {
        "system": "https://smt.esante.gouv.fr/fhir/CodeSystem/1.2.250.1.213.1.1.4.322",
        "concept": [
          {
            "code": "MED-1256",
            "display": "Allaitement maternel exclusif"
          },
          {
            "code": "MED-1257",
            "display": "Allaitement maternel mixte"
          },
          {
            "code": "MED-1258",
            "display": "Allaitement artificiel"
          }
        ]
      },
      {
        "system": "1.2.250.1.213.1.1.4.2.289",
        "concept": [
          {
            "code": "OBS_229",
            "display": "Allaitement maternel exclusif"
          },
          {
            "code": "OBS_230",
            "display": "Allaitement maternel mixte"
          },
          {
            "code": "OBS_231",
            "display": "Allaitement artificiel"
          }
        ]
      }
    ]
  }
}