{
  "resourceType": "ValueSet",
  "id": "1.2.250.1.213.1.1.4.2.289.47",
  "meta": {
    "profile": [
      "http://hl7.org/fhir/StructureDefinition/shareablevalueset"
    ]
  },
  "extension": [
    {
      "url": "http://hl7.org/fhir/StructureDefinition/resource-effectivePeriod",
      "valuePeriod": {
        "start": "2021-03-15T00:00:00+01:00"
      }
    }
  ],
  "url": "https://smt.esante.gouv.fr/fhir/ValueSet/1.2.250.1.213.1.1.4.2.289.47",
  "identifier": [
    {
      "system": "urn:ietf:rfc:3986",
      "value": "urn:oid:1.2.250.1.213.1.1.4.2.289.47"
    }
  ],
  "version": "20231205000000",
  "name": "JDV_OBP_StaticSCEprocedures_CISIS",
  "title": "JDV_OBP_StaticSCEprocedures_CISIS",
  "status": "retired",
  "experimental": false,
  "date": "2023-12-05T00:00:00+01:00",
  "publisher": "Agence du Numérique en Santé(ANS) -2 - 10 Rue d'Oradour-sur-Glane, 75015 Paris",
  "description": "JDV_OBP_StaticSCEprocedures_CISIS",
  "compose": {
    "include": [
      {
        "system": "1.2.250.1.213.2.5",
        "concept": [
          {
            "code": "JQQP003",
            "display": "Autopsie médicale d'un fœtus ou d'un nouveau-né de moins de 4 jours de vie, avec examen de l'encéphale"
          }
        ]
      },
      {
        "system": "https://smt.esante.gouv.fr/fhir/CodeSystem/1.2.250.1.213.1.1.4.322",
        "concept": [
          {
            "code": "GEN-092.04.01",
            "display": "Autre dépistage"
          },
          {
            "code": "GEN-092.04.13",
            "display": "Autre acte"
          }
        ]
      },
      {
        "system": "1.2.250.1.213.1.1.4.2.289",
        "concept": [
          {
            "code": "OBS_251",
            "display": "Dépistage hyperphénylalaninémie"
          },
          {
            "code": "OBS_252",
            "display": "Dépistage hypothyroïdie"
          },
          {
            "code": "OBS_253",
            "display": "Dépistage hyperplasie congénitale des surrénales"
          },
          {
            "code": "OBS_254",
            "display": "Dépistage drépanocytose"
          },
          {
            "code": "OBS_255",
            "display": "Dépistage mucoviscidose"
          },
          {
            "code": "OBS_256",
            "display": "Dépistage MCAD"
          },
          {
            "code": "OBS_257",
            "display": "Test audition"
          },
          {
            "code": "OBS_269",
            "display": "Autre dépistage"
          }
        ]
      },
      {
        "system": "1.2.250.1.213.2.12",
        "concept": [
          {
            "code": "P2-45012",
            "display": "Administration d'antibiotiques"
          },
          {
            "code": "P2-47020",
            "display": "Vaccination par le BCG"
          },
          {
            "code": "P2-47430",
            "display": "Vaccination Hépatite B"
          }
        ]
      },
      {
        "system": "http://snomed.info/sct",
        "concept": [
          {
            "code": "68322007",
            "display": "administration d'un antibiotique"
          },
          {
            "code": "275977009",
            "display": "test néonatal de 14 maladies congénitales"
          },
          {
            "code": "398171003",
            "display": "examen auditif"
          }
        ]
      },
      {
        "system": "https://smt.esante.gouv.fr/terminologie-atc",
        "concept": [
          {
            "code": "J07AN",
            "display": "Vaccin antituberculeux"
          },
          {
            "code": "J07BC01",
            "display": "Vaccin contre l'hépatite B"
          }
        ]
      }
    ]
  }
}