{
  "resourceType": "ValueSet",
  "id": "1.2.250.1.213.1.1.4.2.281.1",
  "meta": {
    "profile": [
      "http://hl7.org/fhir/StructureDefinition/shareablevalueset"
    ]
  },
  "extension": [
    {
      "url": "http://hl7.org/fhir/StructureDefinition/resource-effectivePeriod",
      "valuePeriod": {
        "start": "2021-03-15T00:00:00+01:00"
      }
    }
  ],
  "url": "https://smt.esante.gouv.fr/fhir/ValueSet/1.2.250.1.213.1.1.4.2.281.1",
  "identifier": [
    {
      "system": "urn:ietf:rfc:3986",
      "value": "urn:oid:1.2.250.1.213.1.1.4.2.281.1"
    }
  ],
  "version": "20240718000000",
  "name": "JDV_OMSEchPerf_CISIS",
  "title": "JDV_OMSEchPerf_CISIS",
  "status": "active",
  "experimental": false,
  "date": "2024-07-18T00:00:00+01:00",
  "publisher": "Agence du Numérique en Santé(ANS) -2 - 10 Rue d'Oradour-sur-Glane, 75015 Paris",
  "description": "JDV_OMSEchPerf_CISIS",
  "compose": {
    "include": [
      {
        "system": "https://smt.esante.gouv.fr/fhir/CodeSystem/1.2.250.1.213.1.1.4.322",
        "concept": [
          {
            "code": "MED-240",
            "display": "Echelle de performance OMS Stade 0"
          },
          {
            "code": "MED-264",
            "display": "Echelle de performance OMS Stade 1"
          },
          {
            "code": "MED-265",
            "display": "Echelle de performance OMS Stade 2"
          },
          {
            "code": "MED-266",
            "display": "Echelle de performance OMS Stade 3"
          },
          {
            "code": "MED-267",
            "display": "Echelle de performance OMS Stade 4"
          }
        ]
      }
    ]
  }
}