{
  "resourceType": "ValueSet",
  "id": "1.2.250.1.213.1.1.5.519",
  "meta": {
    "profile": [
      "http://hl7.org/fhir/StructureDefinition/shareablevalueset"
    ]
  },
  "extension": [
    {
      "url": "http://hl7.org/fhir/StructureDefinition/resource-effectivePeriod",
      "valuePeriod": {
        "start": "2021-03-15T00:00:00+01:00"
      }
    }
  ],
  "url": "https://smt.esante.gouv.fr/fhir/ValueSet/1.2.250.1.213.1.1.5.519",
  "identifier": [
    {
      "system": "urn:ietf:rfc:3986",
      "value": "urn:oid:1.2.250.1.213.1.1.5.519"
    }
  ],
  "version": "20210101000000",
  "name": "JDV_TNM_pTNM_pT_1_CISIS",
  "title": "JDV_TNM_pTNM_pT_1_CISIS",
  "status": "active",
  "experimental": false,
  "date": "2021-01-01T00:00:00+01:00",
  "publisher": "Agence du Numérique en Santé(ANS) -2 - 10 Rue d'Oradour-sur-Glane, 75015 Paris",
  "description": "JDV_TNM_pTNM_pT_1_CISIS",
  "compose": {
    "include": [
      {
        "system": "https://smt.esante.gouv.fr/fhir/CodeSystem/1.2.250.1.213.1.1.4.322",
        "concept": [
          {
            "code": "MED-787",
            "display": "Évaluation impossible"
          },
          {
            "code": "MED-788",
            "display": "Pas de tumeur retrouvée"
          },
          {
            "code": "MED-805",
            "display": "Tumeur <= 2 cm"
          },
          {
            "code": "MED-806",
            "display": "Tumeur > 2 cm et <= 5 cm"
          },
          {
            "code": "MED-807",
            "display": "Tumeur > 5 cm et <= 10 cm"
          },
          {
            "code": "MED-808",
            "display": "Tumeur > 10 cm"
          }
        ]
      }
    ]
  }
}