{
  "resourceType": "ValueSet",
  "id": "1.2.250.1.213.1.1.5.76",
  "meta": {
    "profile": [
      "http://hl7.org/fhir/StructureDefinition/shareablevalueset"
    ]
  },
  "extension": [
    {
      "url": "http://hl7.org/fhir/StructureDefinition/resource-effectivePeriod",
      "valuePeriod": {
        "start": "2021-03-15T00:00:00+01:00"
      }
    }
  ],
  "url": "https://smt.esante.gouv.fr/fhir/ValueSet/1.2.250.1.213.1.1.5.76",
  "identifier": [
    {
      "system": "urn:ietf:rfc:3986",
      "value": "urn:oid:1.2.250.1.213.1.1.5.76"
    }
  ],
  "version": "20240718000000",
  "name": "JDV_TypeDeSuivi_CISIS",
  "title": "JDV_TypeDeSuivi_CISIS",
  "status": "active",
  "experimental": false,
  "date": "2024-07-18T00:00:00+01:00",
  "publisher": "Agence du Numérique en Santé(ANS) -2 - 10 Rue d'Oradour-sur-Glane, 75015 Paris",
  "description": "JDV_TypeDeSuivi_CISIS",
  "compose": {
    "include": [
      {
        "system": "https://smt.esante.gouv.fr/fhir/CodeSystem/1.2.250.1.213.1.1.4.322",
        "concept": [
          {
            "code": "MED-091",
            "display": "Examen de biologie"
          },
          {
            "code": "MED-092",
            "display": "Examen d’imagerie médicale"
          },
          {
            "code": "GEN-092.04.06",
            "display": "Autre type de suivi"
          }
        ]
      },
      {
        "system": "http://snomed.info/sct",
        "concept": [
          {
            "code": "11429006",
            "display": "consultation"
          }
        ]
      }
    ]
  }
}