{
  "resourceType": "ValueSet",
  "id": "1.2.250.1.213.1.1.5.577",
  "meta": {
    "profile": [
      "http://hl7.org/fhir/StructureDefinition/shareablevalueset"
    ]
  },
  "extension": [
    {
      "url": "http://hl7.org/fhir/StructureDefinition/resource-effectivePeriod",
      "valuePeriod": {
        "start": "2021-03-15T00:00:00+01:00"
      }
    }
  ],
  "url": "https://smt.esante.gouv.fr/fhir/ValueSet/1.2.250.1.213.1.1.5.577",
  "identifier": [
    {
      "system": "urn:ietf:rfc:3986",
      "value": "urn:oid:1.2.250.1.213.1.1.5.577"
    }
  ],
  "version": "20230404000000",
  "name": "JDV_Examen_StatutR_CISIS",
  "title": "JDV_Examen_StatutR_CISIS",
  "status": "retired",
  "experimental": false,
  "date": "2023-04-04T00:00:00+01:00",
  "publisher": "Agence du Numérique en Santé(ANS) -2 - 10 Rue d'Oradour-sur-Glane, 75015 Paris",
  "description": "JDV_Examen_StatutR_CISIS",
  "compose": {
    "include": [
      {
        "system": "https://smt.esante.gouv.fr/fhir/CodeSystem/1.2.250.1.213.1.1.4.322",
        "concept": [
          {
            "code": "MED-826",
            "display": "R0 (toute section chirurgicale passe à distance de la tumeur en laissant une marge plus ou moins épaisse"
          },
          {
            "code": "MED-827",
            "display": "R1 (la marge de tissu sain entre l’extension microscopique du cancer et la section chirurgicale est nulle"
          },
          {
            "code": "MED-828",
            "display": "R2 (la résection macroscopique est incomplète)"
          },
          {
            "code": "MED-829",
            "display": "Rx (l'information ne peut être précisée)"
          }
        ]
      }
    ]
  }
}