{
  "resourceType": "ValueSet",
  "id": "1.2.250.1.213.1.1.5.48",
  "meta": {
    "profile": [
      "http://hl7.org/fhir/StructureDefinition/shareablevalueset"
    ]
  },
  "extension": [
    {
      "url": "http://hl7.org/fhir/StructureDefinition/resource-effectivePeriod",
      "valuePeriod": {
        "start": "2021-03-15T00:00:00+01:00"
      }
    }
  ],
  "url": "https://smt.esante.gouv.fr/fhir/ValueSet/1.2.250.1.213.1.1.5.48",
  "identifier": [
    {
      "system": "urn:ietf:rfc:3986",
      "value": "urn:oid:1.2.250.1.213.1.1.5.48"
    }
  ],
  "version": "20240719000000",
  "name": "JDV_TechniquesDiagnostic_CISIS",
  "title": "JDV_TechniquesDiagnostic_CISIS",
  "status": "active",
  "experimental": false,
  "date": "2024-07-19T00:00:00+01:00",
  "publisher": "Agence du Numérique en Santé(ANS) -2 - 10 Rue d'Oradour-sur-Glane, 75015 Paris",
  "description": "JDV_TechniquesDiagnostic_CISIS",
  "compose": {
    "include": [
      {
        "system": "https://smt.esante.gouv.fr/fhir/CodeSystem/1.2.250.1.213.1.1.4.322",
        "concept": [
          {
            "code": "MED-081",
            "display": "Chromosomique (caryotype, FISH)"
          },
          {
            "code": "MED-082",
            "display": "ACPA"
          },
          {
            "code": "MED-083",
            "display": "Analyse moléculaire ciblée (1 ou plusieurs gènes)"
          },
          {
            "code": "MED-084",
            "display": "Analyse pangénomique"
          },
          {
            "code": "GEN-092.04.17",
            "display": "Autre technique"
          }
        ]
      }
    ]
  }
}