{
  "resourceType": "ValueSet",
  "id": "1.2.250.1.213.1.1.4.2.12",
  "meta": {
    "profile": [
      "http://hl7.org/fhir/StructureDefinition/shareablevalueset"
    ]
  },
  "extension": [
    {
      "url": "http://hl7.org/fhir/StructureDefinition/resource-effectivePeriod",
      "valuePeriod": {
        "start": "2021-03-15T00:00:00+01:00"
      }
    }
  ],
  "url": "https://smt.esante.gouv.fr/fhir/ValueSet/1.2.250.1.213.1.1.4.2.12",
  "identifier": [
    {
      "system": "urn:ietf:rfc:3986",
      "value": "urn:oid:1.2.250.1.213.1.1.4.2.12"
    }
  ],
  "version": "20100101000000",
  "name": "JDV_UFCV_MotImplEndoC_CISIS",
  "title": "JDV_UFCV_MotImplEndoC_CISIS",
  "status": "active",
  "experimental": false,
  "date": "2010-01-01T00:00:00+01:00",
  "publisher": "Agence du Numérique en Santé(ANS) -2 - 10 Rue d'Oradour-sur-Glane, 75015 Paris",
  "description": "JDV_UFCV_MotImplEndoC_CISIS",
  "compose": {
    "include": [
      {
        "system": "https://smt.esante.gouv.fr/fhir/CodeSystem/1.2.250.1.213.1.1.4.322",
        "concept": [
          {
            "code": "D0014-1",
            "display": "S+T+ (Segment ST sus-décalé avec augmentation des troponines)"
          },
          {
            "code": "D0014-2",
            "display": "S+T- (Segment ST sus-décalé sans augmentation des troponines)"
          },
          {
            "code": "D0014-3",
            "display": "S-T- (Segment ST non sus-décalé sans augmentation des troponines)"
          },
          {
            "code": "D0014-4",
            "display": "IMS (Ischémie Myocardique Silencieuse)"
          }
        ]
      }
    ]
  }
}