{
  "resourceType": "ValueSet",
  "id": "1.2.250.1.213.1.1.5.726",
  "meta": {
    "profile": [
      "http://hl7.org/fhir/StructureDefinition/shareablevalueset"
    ]
  },
  "extension": [
    {
      "url": "http://hl7.org/fhir/StructureDefinition/resource-effectivePeriod",
      "valuePeriod": {
        "start": "2021-03-15T00:00:00+01:00"
      }
    }
  ],
  "url": "https://smt.esante.gouv.fr/fhir/ValueSet/1.2.250.1.213.1.1.5.726",
  "identifier": [
    {
      "system": "urn:ietf:rfc:3986",
      "value": "urn:oid:1.2.250.1.213.1.1.5.726"
    }
  ],
  "version": "20230623000000",
  "name": "JDV_ConclusionSimplifieeCCU_CISIS",
  "title": "JDV_ConclusionSimplifieeCCU_CISIS",
  "status": "active",
  "experimental": false,
  "date": "2023-06-23T00:00:00+01:00",
  "publisher": "Agence du Numérique en Santé(ANS) -2 - 10 Rue d'Oradour-sur-Glane, 75015 Paris",
  "description": "JDV_ConclusionSimplifieeCCU_CISIS",
  "compose": {
    "include": [
      {
        "system": "https://smt.esante.gouv.fr/fhir/CodeSystem/1.2.250.1.213.1.1.4.322",
        "concept": [
          {
            "code": "MED-1188",
            "display": "Vous avez effectué un test de dépistage dans le cadre du programme de dépistage du cancer du col de l’utérus. \r\nCelui-ci est non interprétable. Cela signifie que l’analyse de votre prélèvement est non concluante ou n’a pas pu être effectuée. \r\n\r\nNous vous recommandons vivement de consulter votre médecin ou votre sage-femme afin qu’un nouveau prélèvement puisse être refait dans un délai de 3 mois. \r\n\r\nPour une bonne coordination, vos résultats sont envoyés aux professionnels de santé concernés par votre dépistage. Ils sont également transmis au médecin coordonnateur du centre de coordination des dépistages des cancers de votre région."
          },
          {
            "code": "MED-1189",
            "display": "Vous avez effectué un test de dépistage dans le cadre du programme de dépistage du cancer du col de l’utérus. \r\nCelui-ci n’a pas révélé d’anomalie. \r\n\r\nN’oubliez pas de refaire un test de dépistage dans 5 ans. \r\n\r\nD'ici là, nous vous invitons à consulter votre médecin ou votre sage-femme en cas de troubles ou symptômes (saignements vaginaux anormaux inhabituelles, pertes vaginales anormales, douleurs, etc.).\r\n\r\nPour une bonne coordination, vos résultats sont envoyés aux professionnels de santé concernés par votre dépistage. Ils sont également transmis au médecin coordonnateur du centre de coordination des dépistages des cancers de votre région."
          },
          {
            "code": "MED-1190",
            "display": "Vous avez effectué un test de dépistage dans le cadre du programme de dépistage du cancer du col de l’utérus.\r\nCelui-ci a révélé une anomalie. Cela ne signifie pas que vous avez un cancer mais que des examens complémentaires ou un suivi spécifique peuvent être nécessaires. \r\n\r\nNous vous recommandons vivement de contacter votre médecin ou votre sage-femme qui vous expliquera les résultats et vous indiquera le suivi à mettre en place ou les éventuels examens complémentaires à réaliser. Il ou elle vous orientera, si besoin, vers un professionnel de santé spécialisé. \r\n\r\nPour une bonne coordination, vos résultats sont envoyés aux professionnels de santé concernés par votre dépistage. Ils sont également transmis au médecin coordonnateur du centre de coordination des dépistages des cancers de votre région."
          },
          {
            "code": "MED-1191",
            "display": "Vous avez effectué un test de dépistage dans le cadre du programme de dépistage du cancer du col de l’utérus.\r\nCelui-ci n’a pas révélé d’anomalie. \r\n\r\nN’oubliez pas de refaire un test de dépistage dans 3 ans ou dans 1 an si c’est votre premier dépistage. \r\n\r\nD'ici là, nous vous invitons à consulter votre médecin ou votre sage-femme en cas de troubles ou symptômes (saignements vaginaux anormaux inhabituelles, pertes vaginales anormales, douleurs, etc.). \r\n\r\nPour une bonne coordination, vos résultats sont envoyés aux professionnels de santé concernés par votre dépistage. Ils sont également transmis au médecin coordonnateur du centre de coordination des dépistages des cancers de votre région."
          }
        ]
      }
    ]
  }
}