{
  "resourceType": "ValueSet",
  "id": "1.2.250.1.213.1.1.5.62",
  "meta": {
    "profile": [
      "http://hl7.org/fhir/StructureDefinition/shareablevalueset"
    ]
  },
  "extension": [
    {
      "url": "http://hl7.org/fhir/StructureDefinition/resource-effectivePeriod",
      "valuePeriod": {
        "start": "2021-03-15T00:00:00+01:00"
      }
    }
  ],
  "url": "https://smt.esante.gouv.fr/fhir/ValueSet/1.2.250.1.213.1.1.5.62",
  "identifier": [
    {
      "system": "urn:ietf:rfc:3986",
      "value": "urn:oid:1.2.250.1.213.1.1.5.62"
    }
  ],
  "version": "20231114000000",
  "name": "JDV_DeficiencePhysique_CISIS",
  "title": "JDV_DeficiencePhysique_CISIS",
  "status": "active",
  "experimental": false,
  "date": "2023-11-14T00:00:00+01:00",
  "publisher": "Agence du Numérique en Santé(ANS) -2 - 10 Rue d'Oradour-sur-Glane, 75015 Paris",
  "description": "JDV_DeficiencePhysique_CISIS",
  "compose": {
    "include": [
      {
        "system": "http://terminology.hl7.org/CodeSystem/icd10",
        "concept": [
          {
            "code": "R47.02",
            "display": "Aphasie, autre et sans précision"
          }
        ]
      },
      {
        "system": "https://smt.esante.gouv.fr/fhir/CodeSystem/1.2.250.1.213.1.1.4.322",
        "concept": [
          {
            "code": "MED-329",
            "display": "Spasticité gênante"
          },
          {
            "code": "MED-330",
            "display": "Négligence visuospatiale"
          },
          {
            "code": "MED-331",
            "display": "HLH – QLH"
          },
          {
            "code": "MED-332",
            "display": "Trouble de la déglutition"
          },
          {
            "code": "MED-333",
            "display": "Trouble de l’élimination urinaire"
          },
          {
            "code": "MED-334",
            "display": "Trouble de l’élimination fécale"
          },
          {
            "code": "MED-335",
            "display": "Trouble de la sexualité"
          }
        ]
      },
      {
        "system": "http://snomed.info/sct",
        "concept": [
          {
            "code": "44695005",
            "display": "paralysie"
          },
          {
            "code": "33653009",
            "display": "absence de sensation"
          }
        ]
      }
    ]
  }
}