{
  "resourceType": "ValueSet",
  "id": "1.2.250.1.213.1.1.5.27",
  "meta": {
    "profile": [
      "http://hl7.org/fhir/StructureDefinition/shareablevalueset"
    ]
  },
  "extension": [
    {
      "url": "http://hl7.org/fhir/StructureDefinition/resource-effectivePeriod",
      "valuePeriod": {
        "start": "2021-03-15T00:00:00+01:00"
      }
    }
  ],
  "url": "https://smt.esante.gouv.fr/fhir/ValueSet/1.2.250.1.213.1.1.5.27",
  "identifier": [
    {
      "system": "urn:ietf:rfc:3986",
      "value": "urn:oid:1.2.250.1.213.1.1.5.27"
    }
  ],
  "version": "20240719000000",
  "name": "JDV_ExamenClinique_CISIS",
  "title": "JDV_ExamenClinique_CISIS",
  "status": "active",
  "experimental": false,
  "date": "2024-07-19T00:00:00+01:00",
  "publisher": "Agence du Numérique en Santé(ANS) -2 - 10 Rue d'Oradour-sur-Glane, 75015 Paris",
  "description": "JDV_ExamenClinique_CISIS",
  "compose": {
    "include": [
      {
        "system": "https://smt.esante.gouv.fr/fhir/CodeSystem/1.2.250.1.213.1.1.4.322",
        "concept": [
          {
            "code": "GEN-038",
            "display": "Bénin"
          },
          {
            "code": "GEN-103",
            "display": "Normal"
          },
          {
            "code": "GEN-011",
            "display": "Refus"
          },
          {
            "code": "GEN-039",
            "display": "Suspect"
          },
          {
            "code": "MED-117",
            "display": "Asymétrie Mammaire"
          }
        ]
      }
    ]
  }
}