{
  "resourceType": "ValueSet",
  "id": "1.2.250.1.213.1.1.5.108",
  "meta": {
    "profile": [
      "http://hl7.org/fhir/StructureDefinition/shareablevalueset"
    ]
  },
  "extension": [
    {
      "url": "http://hl7.org/fhir/StructureDefinition/resource-effectivePeriod",
      "valuePeriod": {
        "start": "2021-03-15T00:00:00+01:00"
      }
    }
  ],
  "url": "https://smt.esante.gouv.fr/fhir/ValueSet/1.2.250.1.213.1.1.5.108",
  "identifier": [
    {
      "system": "urn:ietf:rfc:3986",
      "value": "urn:oid:1.2.250.1.213.1.1.5.108"
    }
  ],
  "version": "20100101000000",
  "name": "JDV_NiveauEtude_CISIS",
  "title": "JDV_NiveauEtude_CISIS",
  "status": "active",
  "experimental": false,
  "date": "2010-01-01T00:00:00+01:00",
  "publisher": "Agence du Numérique en Santé(ANS) -2 - 10 Rue d'Oradour-sur-Glane, 75015 Paris",
  "description": "JDV_NiveauEtude_CISIS",
  "compose": {
    "include": [
      {
        "system": "https://smt.esante.gouv.fr/fhir/CodeSystem/1.2.250.1.213.1.1.4.322",
        "concept": [
          {
            "code": "PAT-035",
            "display": "Ecole primaire"
          },
          {
            "code": "PAT-036",
            "display": "Collège"
          },
          {
            "code": "PAT-037",
            "display": "Lycée"
          },
          {
            "code": "PAT-038",
            "display": "Bac +1 ou +2"
          },
          {
            "code": "PAT-039",
            "display": "Bac +3 et +"
          }
        ]
      }
    ]
  }
}