{
  "resourceType": "ValueSet",
  "id": "1.2.250.1.213.1.1.5.690",
  "meta": {
    "profile": [
      "http://hl7.org/fhir/StructureDefinition/shareablevalueset"
    ]
  },
  "extension": [
    {
      "url": "http://hl7.org/fhir/StructureDefinition/resource-effectivePeriod",
      "valuePeriod": {
        "start": "2021-03-15T00:00:00+01:00"
      }
    }
  ],
  "url": "https://smt.esante.gouv.fr/fhir/ValueSet/1.2.250.1.213.1.1.5.690",
  "identifier": [
    {
      "system": "urn:ietf:rfc:3986",
      "value": "urn:oid:1.2.250.1.213.1.1.5.690"
    }
  ],
  "version": "20240109000000",
  "name": "JDV_Radiopharmaceutique_CISIS",
  "title": "JDV_Radiopharmaceutique_CISIS",
  "status": "retired",
  "experimental": false,
  "date": "2024-01-09T00:00:00+01:00",
  "publisher": "Agence du Numérique en Santé(ANS) -2 - 10 Rue d'Oradour-sur-Glane, 75015 Paris",
  "description": "JDV_Radiopharmaceutique_CISIS",
  "compose": {
    "include": [
      {
        "system": "http://snomed.info/sct",
        "concept": [
          {
            "code": "2942001",
            "display": "Carbon (14-C) xylose"
          },
          {
            "code": "42417005",
            "display": "Carbon (14-C) triolein"
          },
          {
            "code": "70086001",
            "display": "Cholyl-carbon^14^ glycine"
          },
          {
            "code": "17069007",
            "display": "Chromic phosphate (32-P)"
          },
          {
            "code": "4693006",
            "display": "Chromium (51-Cr) albumin"
          },
          {
            "code": "6973004",
            "display": "Chromium (51-Cr) chloride"
          },
          {
            "code": "37947008",
            "display": "Colloidal gold Au^198^"
          },
          {
            "code": "24301009",
            "display": "Gold-198"
          },
          {
            "code": "30825005",
            "display": "Colloidal Indium^111^"
          },
          {
            "code": "56609000",
            "display": "Indium-111"
          },
          {
            "code": "78686003",
            "display": "Copper (64-Cu) acetate"
          },
          {
            "code": "88166005",
            "display": "Copper (64-Cu) versenate"
          },
          {
            "code": "29460005",
            "display": "Copper (67-Cu) caeruloplasmin"
          },
          {
            "code": "187006",
            "display": "Cyanocobalamin (57-Co)"
          },
          {
            "code": "5692007",
            "display": "Cyanocobalamin (58-Co)"
          },
          {
            "code": "72159005",
            "display": "Cyanocobalamin (60-Co)"
          },
          {
            "code": "17600005",
            "display": "Diagnostic radioisotope"
          },
          {
            "code": "53207004",
            "display": "Diiodofluorecein I^131^"
          },
          {
            "code": "56475001",
            "display": "Disodium indium^111^"
          },
          {
            "code": "31192007",
            "display": "Ferrous (59-Fe) chloride"
          },
          {
            "code": "87958003",
            "display": "Ferrous (59-Fe) citrate"
          },
          {
            "code": "125001",
            "display": "Ferrous (59-Fe) sulfate"
          },
          {
            "code": "71636003",
            "display": "Fibrinogen (123-I)"
          },
          {
            "code": "35321007",
            "display": "Fluorodeoxyglucose (18-F)"
          },
          {
            "code": "73065000",
            "display": "Gallium (67-Ga) citrate"
          },
          {
            "code": "446871009",
            "display": "Indium (111-In) capromab pendetide"
          },
          {
            "code": "395742005",
            "display": "Indium (111-In) chloride"
          },
          {
            "code": "446800006",
            "display": "Indium (111-In) pentetreotide"
          },
          {
            "code": "29218008",
            "display": "Indium (111-In) pentetate"
          },
          {
            "code": "81621007",
            "display": "Indium (111-In) labeled erythrocyte"
          },
          {
            "code": "78570003",
            "display": "Indium (111-In) transferrin"
          },
          {
            "code": "6516008",
            "display": "Indium (111-In) ferric hydroxide"
          },
          {
            "code": "424570009",
            "display": "Indium (111-In) oxine-containing product"
          },
          {
            "code": "90617008",
            "display": "Indium (113-In) bleomycin"
          },
          {
            "code": "21451004",
            "display": "Indium^113m^ chloride"
          },
          {
            "code": "56006008",
            "display": "Indium^113m^ oxoquinoline platelet label"
          },
          {
            "code": "56867003",
            "display": "Indium^113m^ oxoquinoline RBC label"
          },
          {
            "code": "77510008",
            "display": "Indium^113m^ oxoquinoline WBC label"
          },
          {
            "code": "42728008",
            "display": "Indium (113-In) pentetate"
          },
          {
            "code": "72015003",
            "display": "Iodinated (125-I) albumin"
          },
          {
            "code": "64488003",
            "display": "Iodinated (125-I) human serum albumin"
          },
          {
            "code": "80260008",
            "display": "Iodinated I^125^ levothyroxine"
          },
          {
            "code": "73745003",
            "display": "Iodinated I^125^ oleic acid and triolein"
          },
          {
            "code": "69839009",
            "display": "Povidone iodine (125-I)"
          },
          {
            "code": "21378001",
            "display": "Iodinated I^125^ Rose Bengal"
          },
          {
            "code": "37437001",
            "display": "Iodinated I^125^ sealed source"
          },
          {
            "code": "70154008",
            "display": "Sodium iodide (125-I)"
          },
          {
            "code": "55814006",
            "display": "Iodinated (131-I) aggregated albumin"
          },
          {
            "code": "39200002",
            "display": "Iodinated (131-I) albumin"
          },
          {
            "code": "52408003",
            "display": "Iodinated (131-I) gamma globulin"
          },
          {
            "code": "447134003",
            "display": "Iodofiltic acid (123-I)"
          },
          {
            "code": "395787009",
            "display": "Iobenguane (123-I)"
          },
          {
            "code": "395789007",
            "display": "Iobenguane (131-I)"
          },
          {
            "code": "446531006",
            "display": "Iodine^131 Methylnorcholestenol"
          },
          {
            "code": "35884005",
            "display": "Povidone iodine (131-I)"
          },
          {
            "code": "68967007",
            "display": "Iodocholesterol (131-I)"
          },
          {
            "code": "33785000",
            "display": "Iodine (125-I) liothyronine"
          },
          {
            "code": "36900006",
            "display": "Sodium Iodohippurate (125-I)"
          },
          {
            "code": "33271006",
            "display": "Iodohippurate (131-I) sodium"
          },
          {
            "code": "78481003",
            "display": "Iofetamine (123-I) hydrochloride"
          },
          {
            "code": "55673009",
            "display": "Sodium iothalamate (125-I)-containing product"
          },
          {
            "code": "60459006",
            "display": "Iron (59-Fe) dextran"
          },
          {
            "code": "61716009",
            "display": "Krypton-81m"
          },
          {
            "code": "22979004",
            "display": "Oleic acid (125-I)"
          },
          {
            "code": "29348008",
            "display": "Ytterbium (169-Yb) pentetate calcium trisodium"
          },
          {
            "code": "29348008",
            "display": "Yb^169^-DTPA - pentetate"
          },
          {
            "code": "111161000",
            "display": "Potassium (K-42) carbonate"
          },
          {
            "code": "36641004",
            "display": "Potassium (K-42) chloride"
          },
          {
            "code": "47729008",
            "display": "Potassium (K-43) chloride"
          },
          {
            "code": "111159009",
            "display": "Rose bengal (131-I) sodium"
          },
          {
            "code": "13626001",
            "display": "Selenium^75^ HCAT"
          },
          {
            "code": "395894004",
            "display": "Tauroselcholic acid (75-Se)"
          },
          {
            "code": "88473009",
            "display": "Selenomethionine (75-Se)"
          },
          {
            "code": "6257000",
            "display": "Sodium (22-Na) chloride"
          },
          {
            "code": "31527000",
            "display": "Sodium (24-Na) chloride"
          },
          {
            "code": "62517004",
            "display": "Sodium chromate (51-Cr)"
          },
          {
            "code": "129501009",
            "display": "Sodium fluoride (18-F)"
          },
          {
            "code": "67690002",
            "display": "Sodium iodide (123-I)"
          },
          {
            "code": "111160004",
            "display": "Sodium iodide (131-I)"
          },
          {
            "code": "19495007",
            "display": "Technetium (99m-Tc) sodium pertechnetate"
          },
          {
            "code": "10781003",
            "display": "Sodium phosphate (32-P)"
          },
          {
            "code": "69076006",
            "display": "Strontium (85-Sr) chloride"
          },
          {
            "code": "38424001",
            "display": "Strontium (87-Sr) chloride"
          },
          {
            "code": "8858006",
            "display": "Strontium (85-Sr) nitrate"
          },
          {
            "code": "31953001",
            "display": "Strontium (87-Sr) nitrate"
          },
          {
            "code": "55494003",
            "display": "Technetium (99m-Tc) albumin microspheres"
          },
          {
            "code": "85693008",
            "display": "Technetium (99m-Tc) aggregated albumin"
          },
          {
            "code": "16011006",
            "display": "Technetium Tc^99m^ albumin colloid"
          },
          {
            "code": "415704007",
            "display": "Technetium (99m-Tc) depreotide"
          },
          {
            "code": "3040004",
            "display": "Technetium (99m-Tc) disofenin"
          },
          {
            "code": "77313009",
            "display": "Technetium (99m-Tc) exametazime"
          },
          {
            "code": "87853006",
            "display": "Technetium (99m-Tc) iron ascorbate"
          },
          {
            "code": "7281000",
            "display": "Technetium (99m-Tc) lidofenin"
          },
          {
            "code": "4832001",
            "display": "Technetium (99m-Tc) mebrofenin"
          },
          {
            "code": "43178005",
            "display": "Technetium Tc^99m^ medronate"
          },
          {
            "code": "96390006",
            "display": "Technetium (99m-Tc) medronate"
          },
          {
            "code": "81761004",
            "display": "Technetium (99m-Tc) microaggregated albumin"
          },
          {
            "code": "87410002",
            "display": "Technetium (99-Tc) lidofenin"
          },
          {
            "code": "53951001",
            "display": "Technetium (99m-Tc) oxidronate"
          },
          {
            "code": "446535002",
            "display": "Technetium^99m Hydroxymethylene diphosphonate HMDP"
          },
          {
            "code": "32098007",
            "display": "Technetium Tc^99m^ pentetate"
          },
          {
            "code": "430276001",
            "display": "Technetium (99m-Tc) pentetate"
          },
          {
            "code": "65156006",
            "display": "Technetium Tc^99m^ pyro and polyphosphates"
          },
          {
            "code": "79610008",
            "display": "Technetium (99m-Tc) albumin"
          },
          {
            "code": "424299003",
            "display": "Technetium (99m-Tc) sestamibi"
          },
          {
            "code": "45849009",
            "display": "Technetium (99m-Tc) sodium glucoheptonate"
          },
          {
            "code": "111162007",
            "display": "Technetium (99m-Tc) stannous etidronate"
          },
          {
            "code": "24511001",
            "display": "Technetium (99m-Tc) succimer"
          },
          {
            "code": "447201007",
            "display": "Technetium^99m Dimercaptosuccinic Acid DMSA"
          },
          {
            "code": "5931004",
            "display": "Technetium (99m-Tc) sulfur colloid"
          },
          {
            "code": "89818005",
            "display": "Technetium (99-Tc) labeled red blood cells"
          },
          {
            "code": "424318009",
            "display": "Technetium (99m-Tc) teboroxime"
          },
          {
            "code": "424118002",
            "display": "Technetium (99m-Tc) tetrofosmin"
          },
          {
            "code": "446534003",
            "display": "Technetium (99m-Tc) galactosyl human serum albumin diethylenetriamine pentaacetic acid"
          },
          {
            "code": "447125008",
            "display": "Technetium (99m-Tc) labeled carbon"
          },
          {
            "code": "446536001",
            "display": "Technetium (99m-Tc) tiatide"
          },
          {
            "code": "447126009",
            "display": "Technetium (99m-Tc) N-pyridoxyl-5-methyltryptophan"
          },
          {
            "code": "447127000",
            "display": "Technetium (99m-Tc) phytate"
          },
          {
            "code": "447128005",
            "display": "Technetium (99m-Tc) stannous colloid"
          },
          {
            "code": "73685002",
            "display": "Thallous (201-Ti) chloride"
          },
          {
            "code": "439007",
            "display": "Therapeutic radioisotope"
          }
        ]
      },
      {
        "system": "https://smt.esante.gouv.fr/terminologie-atc",
        "concept": [
          {
            "code": "V09A",
            "display": "système nerveux central"
          },
          {
            "code": "V09AA",
            "display": "composés à base de technétium (99mTc)"
          },
          {
            "code": "V09AA01",
            "display": "examétazime-technétium (99mTc)"
          },
          {
            "code": "V09AA02",
            "display": "bicisate-technétium (99mTc)"
          },
          {
            "code": "V09AB",
            "display": "composés à base d'iode (123I)"
          },
          {
            "code": "V09AB01",
            "display": "iofétamine (123I)"
          },
          {
            "code": "V09AB02",
            "display": "iolopride (123I)"
          },
          {
            "code": "V09AB03",
            "display": "ioflupane (123I)"
          },
          {
            "code": "V09AX",
            "display": "autres produits radiopharmaceutiques à usage diagnostique pour le système nerveux central"
          },
          {
            "code": "V09AX01",
            "display": "pentétate d'indium (111I)"
          },
          {
            "code": "V09AX03",
            "display": "bêta 2-carbométhoxy-3 bêta-(4 iodophényl)-tropane (124I)"
          },
          {
            "code": "V09AX04",
            "display": "flutémétamol (18F)"
          },
          {
            "code": "V09AX05",
            "display": "florbétapir (18F)"
          },
          {
            "code": "V09AX06",
            "display": "florbétabène (18F)"
          },
          {
            "code": "V09B",
            "display": "squelette"
          },
          {
            "code": "V09BA",
            "display": "composés à base de technétium (99mTc)"
          },
          {
            "code": "V09BA01",
            "display": "oxidronate-technétium (99mTc)"
          },
          {
            "code": "V09BA02",
            "display": "médronate-technétium (99mTc)"
          },
          {
            "code": "V09BA03",
            "display": "pyrophosphate-technétium (99mTc)"
          },
          {
            "code": "V09BA04",
            "display": "butédronate-technétium (99mTc)"
          },
          {
            "code": "V09C",
            "display": "système rénal"
          },
          {
            "code": "V09CA",
            "display": "composés à base de technétium (99mTc)"
          },
          {
            "code": "V09CA01",
            "display": "pentétate-technétium (99mTc)"
          },
          {
            "code": "V09CA02",
            "display": "succimère-technétium (99mTc)"
          },
          {
            "code": "V09CA03",
            "display": "mertiatide-technétium (99mTc)"
          },
          {
            "code": "V09CA04",
            "display": "glucoheptonate-technétium (99mTc)"
          },
          {
            "code": "V09CA05",
            "display": "gluconate-technétium (99mTc)"
          },
          {
            "code": "V09CA06",
            "display": "éthylènedicystéine-technétium (99mTc)"
          },
          {
            "code": "V09CX",
            "display": "autres produits radiopharmaceutiques à usage diagnostique pour le système rénal"
          },
          {
            "code": "V09CX01",
            "display": "iodohippurate (123I) de sodium"
          },
          {
            "code": "V09CX02",
            "display": "iodohippurate (131I) de sodium"
          },
          {
            "code": "V09CX03",
            "display": "iotalamate (125I) de sodium"
          },
          {
            "code": "V09CX04",
            "display": "édétate de chrome (51Cr)"
          },
          {
            "code": "V09D",
            "display": "système hépatique et système réticulo-endothélial"
          },
          {
            "code": "V09DA",
            "display": "composés à base de technétium (99mTc)"
          },
          {
            "code": "V09DA01",
            "display": "disofénine-technétium (99mTc)"
          },
          {
            "code": "V09DA02",
            "display": "étifénine-technétium (99mTc)"
          },
          {
            "code": "V09DA03",
            "display": "lidofénine-technétium (99mTc)"
          },
          {
            "code": "V09DA04",
            "display": "mébrofénine-technétium (99mTc)"
          },
          {
            "code": "V09DA05",
            "display": "galtifénine-technétium (99mTc)"
          },
          {
            "code": "V09DB",
            "display": "particules et colloïdes de technétium (99mTc)"
          },
          {
            "code": "V09DB01",
            "display": "nanocolloïdes-technétium (99mTc)"
          },
          {
            "code": "V09DB02",
            "display": "microcolloïdes-technétium (99mTc)"
          },
          {
            "code": "V09DB03",
            "display": "millimicrosphères-technétium (99mTc)"
          },
          {
            "code": "V09DB04",
            "display": "étain colloïdal-technétium (99mTc)"
          },
          {
            "code": "V09DB05",
            "display": "colloïdes soufrés-technétium (99mTc)"
          },
          {
            "code": "V09DB06",
            "display": "sulfure de rhénium colloïdal-technétium (99mTc)"
          },
          {
            "code": "V09DB07",
            "display": "phytate-technétium (99mTc)"
          },
          {
            "code": "V09DX",
            "display": "autres produits radiopharmaceutiques à usage diagnostique pour le système hépatique et le système réticulo-endothélial"
          },
          {
            "code": "V09DX01",
            "display": "acide tauroselcholique (75Se)"
          },
          {
            "code": "V09E",
            "display": "système respiratoire"
          },
          {
            "code": "V09EA",
            "display": "technétium (99mTc) pour inhalation"
          },
          {
            "code": "V09EA01",
            "display": "pentétate-technétium (99mTc)"
          },
          {
            "code": "V09EA02",
            "display": "Technegas-technétium (99mTc)"
          },
          {
            "code": "V09EA03",
            "display": "nanocolloïdes-technétium (99mTc)"
          },
          {
            "code": "V09EB",
            "display": "technétium (99mTc) particules pour injection"
          },
          {
            "code": "V09EB01",
            "display": "macrosalb-technétium (99mTc)"
          },
          {
            "code": "V09EB02",
            "display": "microsphères-technétium (99mTc)"
          },
          {
            "code": "V09EX",
            "display": "autres produits radiopharmaceutiques à usage diagnostique pour le système respiratoire"
          },
          {
            "code": "V09EX01",
            "display": "krypton (81mKr) (gaz)"
          },
          {
            "code": "V09EX02",
            "display": "xénon (127Xe) (gaz)"
          },
          {
            "code": "V09EX03",
            "display": "xénon (133Xe) (gaz)"
          },
          {
            "code": "V09F",
            "display": "thyroïde"
          },
          {
            "code": "V09FX",
            "display": "divers produits radiopharmaceutiques à usage diagnostique pour la thyroïde"
          },
          {
            "code": "V09FX01",
            "display": "pertechnétate-technétium (99mTc)"
          },
          {
            "code": "V09FX02",
            "display": "iodure (123I) de sodium"
          },
          {
            "code": "V09FX03",
            "display": "iodure (131I) de sodium"
          },
          {
            "code": "V09FX04",
            "display": "iodure (124I) de sodium"
          },
          {
            "code": "V09G",
            "display": "Système cardiovasculaire"
          },
          {
            "code": "V09GA",
            "display": "composés à base de technétium (99mTc)"
          },
          {
            "code": "V09GA01",
            "display": "sestamibi-technétium (99mTc)"
          },
          {
            "code": "V09GA02",
            "display": "tétrofosmine-technétium (99mTc)"
          },
          {
            "code": "V09GA03",
            "display": "téboroxime-technétium (99mTc)"
          },
          {
            "code": "V09GA04",
            "display": "albumine humaine-technétium (99mTc)"
          },
          {
            "code": "V09GA05",
            "display": "technétium (99mTc) furifosmin"
          },
          {
            "code": "V09GA06",
            "display": "cellules marquées au technétium (99 mTc) par un agent stanneux"
          },
          {
            "code": "V09GA07",
            "display": "apcitide-technétium (99mTc)"
          },
          {
            "code": "V09GB",
            "display": "composés à base d'iode (125I)"
          },
          {
            "code": "V09GB01",
            "display": "fibrinogène (125I)"
          },
          {
            "code": "V09GB02",
            "display": "albumine humaine iodée (125I)"
          },
          {
            "code": "V09GX",
            "display": "autres produits radiopharmaceutiques à usage diagnostique pour le système cardiovasculaire"
          },
          {
            "code": "V09GX01",
            "display": "chlorure de thallium (201Tl)"
          },
          {
            "code": "V09GX02",
            "display": "imciromab (111In)"
          },
          {
            "code": "V09GX03",
            "display": "cellules marquées au chrome (51Cr)"
          },
          {
            "code": "V09GX04",
            "display": "chlorure de rubidium (82Rb)"
          },
          {
            "code": "V09GX05",
            "display": "ammoniaque (13N)"
          },
          {
            "code": "V09H",
            "display": "détection d'une inflammation et d'une infection"
          },
          {
            "code": "V09HA",
            "display": "composés à base de technétium (99mTc)"
          },
          {
            "code": "V09HA01",
            "display": "immunoglobuline humaine-technétium (99mTc)"
          },
          {
            "code": "V09HA02",
            "display": "cellules marquées à l'examétazime-technétium (99mTc)"
          },
          {
            "code": "V09HA03",
            "display": "anticorps antigranulocytes-technétium (99mTc)"
          },
          {
            "code": "V09HA04",
            "display": "sulésomab--technétium (99mTc)"
          },
          {
            "code": "V09HB",
            "display": "composés à base d'indium (111In)"
          },
          {
            "code": "V09HB01",
            "display": "cellules marquées à l'oxinate d'indium (111In)"
          },
          {
            "code": "V09HB02",
            "display": "cellules marquées au tropolonate d'indium (111In)"
          },
          {
            "code": "V09HX",
            "display": "autres produits radiopharmaceutiques à usage diagnostique pour la détection d'une inflammation et d'une infection"
          },
          {
            "code": "V09HX01",
            "display": "citrate de gallium (67Ga)"
          },
          {
            "code": "V09I",
            "display": "détection d'une tumeur"
          },
          {
            "code": "V09IA",
            "display": "composés à base de technétium (99mTc)"
          },
          {
            "code": "V09IA01",
            "display": "anticorps anti-antigène carcinoembryonnaire-technétium (99mTc)"
          },
          {
            "code": "V09IA02",
            "display": "anticorps antimélanome-technétium (99mTc)"
          },
          {
            "code": "V09IA03",
            "display": "succimère pentavalent-technétium (99mTc)"
          },
          {
            "code": "V09IA04",
            "display": "votumumab-technétium (99mTc)"
          },
          {
            "code": "V09IA05",
            "display": "dépréotide-technétium (99mTc)"
          },
          {
            "code": "V09IA06",
            "display": "arcitumomab-technétium (99mTc)"
          },
          {
            "code": "V09IA07",
            "display": "HYNIC-octréotide-technétium (99mTc)"
          },
          {
            "code": "V09IA08",
            "display": "étarfolatide-technétium (99mTc)"
          },
          {
            "code": "V09IA09",
            "display": "tilmanocept-technétium (99mTc)"
          },
          {
            "code": "V09IB",
            "display": "composés à base d'indium (111In)"
          },
          {
            "code": "V09IB01",
            "display": "pentétréotide-indium (111In)"
          },
          {
            "code": "V09IB02",
            "display": "satumomab pendétide-indium (111In)"
          },
          {
            "code": "V09IB03",
            "display": "anticorps anticarcinome ovarien-indium (111In)"
          },
          {
            "code": "V09IB04",
            "display": "capromab pendétide-indium (111In)"
          },
          {
            "code": "V09IX",
            "display": "autres produits radiopharmaceutiques à usage diagnostique pour détection d'une tumeur"
          },
          {
            "code": "V09IX01",
            "display": "iobenguane (123I)"
          },
          {
            "code": "V09IX02",
            "display": "iobenguane (131I)"
          },
          {
            "code": "V09IX03",
            "display": "anticorps monoclonal CC49 (125I)"
          },
          {
            "code": "V09IX04",
            "display": "fludésoxyglucose (18F)"
          },
          {
            "code": "V09IX05",
            "display": "fluorodopa (18F)"
          },
          {
            "code": "V09IX06",
            "display": "fluorure (18F) de sodium"
          },
          {
            "code": "V09IX07",
            "display": "fluorocholine (18F)"
          },
          {
            "code": "V09IX08",
            "display": "fluoroéthylcholine (18F)"
          },
          {
            "code": "V09IX09",
            "display": "gallium édotréotide (68Ga)"
          },
          {
            "code": "V09IX10",
            "display": "fluoroéthyl-L-tyrosine (18F)"
          },
          {
            "code": "V09IX11",
            "display": "fluoroestradiol (18F)"
          },
          {
            "code": "V09IX12",
            "display": "fluciclovine (18F)"
          },
          {
            "code": "V09IX13",
            "display": "méthionine (11C)"
          },
          {
            "code": "V09IX14",
            "display": "gallium (68Ga) gozétotide"
          },
          {
            "code": "V09X",
            "display": "autres produits radiopharmaceutiques à usage diagnostique"
          },
          {
            "code": "V09XA",
            "display": "composés à base d'iode (131I)"
          },
          {
            "code": "V09XA01",
            "display": "noriodocholestérol (131I)"
          },
          {
            "code": "V09XA02",
            "display": "iodocholestérol (131I)"
          },
          {
            "code": "V09XA03",
            "display": "albumine humaine iodée (131I)"
          },
          {
            "code": "V09XX",
            "display": "divers produits radiopharmaceutiques à usage diagnostique"
          },
          {
            "code": "V09XX01",
            "display": "cyanocobalamine (57Co)"
          },
          {
            "code": "V09XX02",
            "display": "cyanocobalamine (58Co)"
          },
          {
            "code": "V09XX03",
            "display": "norcholestérol (75Se)"
          },
          {
            "code": "V09XX04",
            "display": "citrate ferrique (59Fe)"
          },
          {
            "code": "V10A",
            "display": "produits anti-inflammatoires"
          },
          {
            "code": "V10AA",
            "display": "composés à base d'yttrium (90Y)"
          },
          {
            "code": "V10AA01",
            "display": "citrate d'yttrium (90Y) colloïdal"
          },
          {
            "code": "V10AA02",
            "display": "ferrihydroxyde d'yttrium (90Y) colloïdal"
          },
          {
            "code": "V10AA03",
            "display": "silicate d'yttrium (90Y) colloïdal"
          },
          {
            "code": "V10AX",
            "display": "autres produits radiopharmaceutiques anti-inflammatoires"
          },
          {
            "code": "V10AX01",
            "display": "phosphore (32P) phosphate chromique colloïdal"
          },
          {
            "code": "V10AX02",
            "display": "samarium (153S) hydroxyapatite colloïdal"
          },
          {
            "code": "V10AX03",
            "display": "dysprosium (165Dy) colloïdal"
          },
          {
            "code": "V10AX04",
            "display": "citrate d'erbium (169Er) colloïdal"
          },
          {
            "code": "V10AX05",
            "display": "sulfure de rhénium (186Re) colloïdal"
          },
          {
            "code": "V10AX06",
            "display": "or (198Au) colloïdal"
          },
          {
            "code": "V10B",
            "display": "palliation de la douleur (agents à tropisme osseux)"
          },
          {
            "code": "V10BX",
            "display": "divers produits radiopharmaceutiques pour la palliation de la douleur"
          },
          {
            "code": "V10BX01",
            "display": "chlorure de strontium (89Sr)"
          },
          {
            "code": "V10BX02",
            "display": "samarium (153Sm) lexidronam"
          },
          {
            "code": "V10BX03",
            "display": "étidronate de rhénium (186R)"
          },
          {
            "code": "V10X",
            "display": "autres produits radiopharmaceutiques à usage thérapeutique"
          },
          {
            "code": "V10XA",
            "display": "composés à base d'iode (131I)"
          },
          {
            "code": "V10XA01",
            "display": "iodure (131I) de sodium"
          },
          {
            "code": "V10XA02",
            "display": "iobenguane (131I)"
          },
          {
            "code": "V10XA03",
            "display": "omburtamab (131I)"
          },
          {
            "code": "V10XA53",
            "display": "tositumomab/tositumomab (131I)"
          },
          {
            "code": "V10XX",
            "display": "divers produits radiopharmaceutiques à usage thérapeutique"
          },
          {
            "code": "V10XX01",
            "display": "phosphate (32P) de sodium"
          },
          {
            "code": "V10XX02",
            "display": "ibritumomab tiuxétan (90Y)"
          },
          {
            "code": "V10XX03",
            "display": "dichlorure de radium (223Ra)"
          },
          {
            "code": "V10XX04",
            "display": "lutécium (177Lu) oxodotréotide"
          },
          {
            "code": "V09AX07",
            "display": "flortaucipir (18F)"
          },
          {
            "code": "V09IX15",
            "display": "cuivre (64Cu) dotatate"
          },
          {
            "code": "V09IX16",
            "display": "piflufolastat (18F)"
          },
          {
            "code": "V09IX17",
            "display": "(18F) PSMA-1007"
          },
          {
            "code": "V10XX05",
            "display": "lucécium (177Lu) vipivotide tétraxétan"
          }
        ]
      }
    ]
  }
}