{
  "resourceType": "ValueSet",
  "id": "1.2.250.1.213.1.1.5.636",
  "meta": {
    "profile": [
      "http://hl7.org/fhir/StructureDefinition/shareablevalueset"
    ]
  },
  "extension": [
    {
      "url": "http://hl7.org/fhir/StructureDefinition/resource-effectivePeriod",
      "valuePeriod": {
        "start": "2021-03-15T00:00:00+01:00"
      }
    }
  ],
  "url": "https://smt.esante.gouv.fr/fhir/ValueSet/1.2.250.1.213.1.1.5.636",
  "identifier": [
    {
      "system": "urn:ietf:rfc:3986",
      "value": "urn:oid:1.2.250.1.213.1.1.5.636"
    }
  ],
  "version": "20210511000000",
  "name": "JDV_PN_Melanome_CISIS",
  "title": "JDV_PN_Melanome_CISIS",
  "status": "active",
  "experimental": false,
  "date": "2021-05-11T00:00:00+01:00",
  "publisher": "Agence du Numérique en Santé(ANS) -2 - 10 Rue d'Oradour-sur-Glane, 75015 Paris",
  "description": "JDV_PN_Melanome_CISIS",
  "compose": {
    "include": [
      {
        "system": "https://smt.esante.gouv.fr/fhir/CodeSystem/1.2.250.1.213.1.1.4.322",
        "concept": [
          {
            "code": "MED-957",
            "display": "Ganglions non évaluables"
          },
          {
            "code": "MED-958",
            "display": "Pas de métastase ganglionnaire régionale"
          },
          {
            "code": "MED-959",
            "display": "Micrométastase dans 1 ganglion lymphatique"
          },
          {
            "code": "MED-960",
            "display": "Macrométastase dans 1 ganglion lymphatique"
          },
          {
            "code": "MED-961",
            "display": "Micrométastase dans 2 ou 3 ganglions lymphatiques"
          },
          {
            "code": "MED-962",
            "display": "Macrométastase dans 2 ou 3 ganglions lymphatiques"
          },
          {
            "code": "MED-963",
            "display": "Métastase(s) en transit / satellite(s) sans ganglion envahi"
          },
          {
            "code": "MED-964",
            "display": "Métastases dans 4 ganglions lymphatiques ou plus, ou agglomérat de N+ ou métastase en transit avec ganglion(s) envahi(s)"
          }
        ]
      }
    ]
  }
}