{
  "resourceType": "ValueSet",
  "id": "1.2.250.1.213.1.1.4.321.5",
  "meta": {
    "profile": [
      "http://hl7.org/fhir/StructureDefinition/shareablevalueset"
    ]
  },
  "extension": [
    {
      "url": "http://hl7.org/fhir/StructureDefinition/resource-effectivePeriod",
      "valuePeriod": {
        "start": "2021-03-15T00:00:00+01:00"
      }
    }
  ],
  "url": "https://smt.esante.gouv.fr/fhir/ValueSet/1.2.250.1.213.1.1.4.321.5",
  "identifier": [
    {
      "system": "urn:ietf:rfc:3986",
      "value": "urn:oid:1.2.250.1.213.1.1.4.321.5"
    }
  ],
  "version": "20241213000000",
  "name": "AVC_TypeTroubleVisuel",
  "title": "AVC_TypeTroubleVisuel",
  "status": "retired",
  "experimental": false,
  "date": "2024-12-13T00:00:00+01:00",
  "publisher": "Agence du Numérique en Santé(ANS) -2 - 10 Rue d'Oradour-sur-Glane, 75015 Paris",
  "description": "AVC_TypeTroubleVisuel",
  "compose": {
    "include": [
      {
        "system": "http://terminology.hl7.org/CodeSystem/icd10",
        "concept": [
          {
            "code": "H53.8",
            "display": "Autre trouble de la vision"
          },
          {
            "code": "H53.9",
            "display": "Trouble de la vision, sans précision"
          }
        ]
      },
      {
        "system": "1.2.250.1.213.1.1.4.321",
        "concept": [
          {
            "code": "AVC-125",
            "display": "Troubles visuels bilatéraux"
          }
        ]
      },
      {
        "system": "1.2.250.1.213.2.12",
        "concept": [
          {
            "code": "DA-74510",
            "display": "Diplopie"
          },
          {
            "code": "DA-74640",
            "display": "Hémianopsie"
          },
          {
            "code": "F-F3450",
            "display": "Vision monoculaire"
          }
        ]
      }
    ]
  }
}