{
  "resourceType": "ValueSet",
  "id": "1.2.250.1.213.1.1.4.321.9",
  "meta": {
    "profile": [
      "http://hl7.org/fhir/StructureDefinition/shareablevalueset"
    ]
  },
  "extension": [
    {
      "url": "http://hl7.org/fhir/StructureDefinition/resource-effectivePeriod",
      "valuePeriod": {
        "start": "2021-03-15T00:00:00+01:00"
      }
    }
  ],
  "url": "https://smt.esante.gouv.fr/fhir/ValueSet/1.2.250.1.213.1.1.4.321.9",
  "identifier": [
    {
      "system": "urn:ietf:rfc:3986",
      "value": "urn:oid:1.2.250.1.213.1.1.4.321.9"
    }
  ],
  "version": "20241213000000",
  "name": "AVC_siteIntervention",
  "title": "AVC_siteIntervention",
  "status": "retired",
  "experimental": false,
  "date": "2024-12-13T00:00:00+01:00",
  "publisher": "Agence du Numérique en Santé(ANS) -2 - 10 Rue d'Oradour-sur-Glane, 75015 Paris",
  "description": "AVC_siteIntervention",
  "compose": {
    "include": [
      {
        "system": "1.2.250.1.213.2.12",
        "concept": [
          {
            "code": "T-42000",
            "display": "aorte"
          },
          {
            "code": "T-43000",
            "display": "artère coronaire"
          },
          {
            "code": "T-45010",
            "display": "artère carotide"
          },
          {
            "code": "T-45700",
            "display": "artère vertébrale"
          },
          {
            "code": "T-46100",
            "display": "artère sous-clavière"
          },
          {
            "code": "T-46700",
            "display": "artère iliaque"
          },
          {
            "code": "T-D1400",
            "display": "intracrânien"
          },
          {
            "code": "T-D9000",
            "display": "membre inférieur"
          }
        ]
      }
    ]
  }
}