{
  "resourceType": "ValueSet",
  "id": "1.2.250.1.213.1.1.4.321.17",
  "meta": {
    "profile": [
      "http://hl7.org/fhir/StructureDefinition/shareablevalueset"
    ]
  },
  "extension": [
    {
      "url": "http://hl7.org/fhir/StructureDefinition/resource-effectivePeriod",
      "valuePeriod": {
        "start": "2021-03-15T00:00:00+01:00"
      }
    }
  ],
  "url": "https://smt.esante.gouv.fr/fhir/ValueSet/1.2.250.1.213.1.1.4.321.17",
  "identifier": [
    {
      "system": "urn:ietf:rfc:3986",
      "value": "urn:oid:1.2.250.1.213.1.1.4.321.17"
    }
  ],
  "version": "20241213000000",
  "name": "AVC_hemisphereProfond",
  "title": "AVC_hemisphereProfond",
  "status": "retired",
  "experimental": false,
  "date": "2024-12-13T00:00:00+01:00",
  "publisher": "Agence du Numérique en Santé(ANS) -2 - 10 Rue d'Oradour-sur-Glane, 75015 Paris",
  "description": "AVC_hemisphereProfond",
  "compose": {
    "include": [
      {
        "system": "1.2.250.1.213.1.1.4.321",
        "concept": [
          {
            "code": "AVC-131",
            "display": "Capsulo-thalamique"
          },
          {
            "code": "AVC-132",
            "display": "Capsulo-lenticulaire"
          },
          {
            "code": "AVC-162",
            "display": "Système ventriculaire"
          }
        ]
      },
      {
        "system": "1.2.250.1.213.2.12",
        "concept": [
          {
            "code": "T-A3200",
            "display": "noyau caudé"
          }
        ]
      }
    ]
  }
}