{
  "resourceType": "ValueSet",
  "id": "1.2.250.1.213.1.1.4.321.46",
  "meta": {
    "profile": [
      "http://hl7.org/fhir/StructureDefinition/shareablevalueset"
    ]
  },
  "extension": [
    {
      "url": "http://hl7.org/fhir/StructureDefinition/resource-effectivePeriod",
      "valuePeriod": {
        "start": "2021-03-15T00:00:00+01:00"
      }
    }
  ],
  "url": "https://smt.esante.gouv.fr/fhir/ValueSet/1.2.250.1.213.1.1.4.321.46",
  "identifier": [
    {
      "system": "urn:ietf:rfc:3986",
      "value": "urn:oid:1.2.250.1.213.1.1.4.321.46"
    }
  ],
  "version": "20241213000000",
  "name": "AVC_InterpretationScoreFisher",
  "title": "AVC_InterpretationScoreFisher",
  "status": "retired",
  "experimental": false,
  "date": "2024-12-13T00:00:00+01:00",
  "publisher": "Agence du Numérique en Santé(ANS) -2 - 10 Rue d'Oradour-sur-Glane, 75015 Paris",
  "description": "AVC_InterpretationScoreFisher",
  "compose": {
    "include": [
      {
        "system": "1.2.250.1.213.1.1.4.321",
        "concept": [
          {
            "code": "AVC-166",
            "display": "Absence de sang"
          },
          {
            "code": "AVC-167",
            "display": "Dépôts de moins de 1 mm d'épaisseur"
          },
          {
            "code": "AVC-168",
            "display": "Dépôts de plus de 1 mm d'épaisseur"
          },
          {
            "code": "AVC-169",
            "display": "Hématome parenchymateux ou hémorragie ventriculaire"
          }
        ]
      }
    ]
  }
}