{
  "resourceType": "ValueSet",
  "id": "1.2.250.1.213.1.1.4.321.30",
  "meta": {
    "profile": [
      "http://hl7.org/fhir/StructureDefinition/shareablevalueset"
    ]
  },
  "extension": [
    {
      "url": "http://hl7.org/fhir/StructureDefinition/resource-effectivePeriod",
      "valuePeriod": {
        "start": "2021-03-15T00:00:00+01:00"
      }
    }
  ],
  "url": "https://smt.esante.gouv.fr/fhir/ValueSet/1.2.250.1.213.1.1.4.321.30",
  "identifier": [
    {
      "system": "urn:ietf:rfc:3986",
      "value": "urn:oid:1.2.250.1.213.1.1.4.321.30"
    }
  ],
  "version": "20241213000000",
  "name": "AVC_NIHSSMiInt",
  "title": "AVC_NIHSSMiInt",
  "status": "retired",
  "experimental": false,
  "date": "2024-12-13T00:00:00+01:00",
  "publisher": "Agence du Numérique en Santé(ANS) -2 - 10 Rue d'Oradour-sur-Glane, 75015 Paris",
  "description": "AVC_NIHSSMiInt",
  "compose": {
    "include": [
      {
        "system": "1.2.250.1.213.1.1.4.321",
        "concept": [
          {
            "code": "AVC-037",
            "display": "absence de chute; maintien du membre inférieur à 30° pendant 5 secondes."
          },
          {
            "code": "AVC-038",
            "display": "chute; la position ne peut être maintenue pendant 5 secondes mais le membre inférieur ne retombe pas sur le lit."
          },
          {
            "code": "AVC-039",
            "display": "le membre inférieur retombe sur le lit dans les 5 secondes mais le membre inférieur peut faire un certain mouvement contre la pesanteur."
          },
          {
            "code": "AVC-040",
            "display": "absence de mouvement contre la pesanteur; le membre inférieur tombe instantanément."
          },
          {
            "code": "AVC-041",
            "display": "absence de mouvement."
          },
          {
            "code": "AVC-042",
            "display": "amputation, blocage articulaire (expliquer)"
          }
        ]
      }
    ]
  }
}