{
  "resourceType": "ValueSet",
  "id": "1.2.250.1.213.1.1.4.321.40",
  "meta": {
    "profile": [
      "http://hl7.org/fhir/StructureDefinition/shareablevalueset"
    ]
  },
  "extension": [
    {
      "url": "http://hl7.org/fhir/StructureDefinition/resource-effectivePeriod",
      "valuePeriod": {
        "start": "2021-03-15T00:00:00+01:00"
      }
    }
  ],
  "url": "https://smt.esante.gouv.fr/fhir/ValueSet/1.2.250.1.213.1.1.4.321.40",
  "identifier": [
    {
      "system": "urn:ietf:rfc:3986",
      "value": "urn:oid:1.2.250.1.213.1.1.4.321.40"
    }
  ],
  "version": "20241213000000",
  "name": "AVC_causesAggravationNeuro",
  "title": "AVC_causesAggravationNeuro",
  "status": "retired",
  "experimental": false,
  "date": "2024-12-13T00:00:00+01:00",
  "publisher": "Agence du Numérique en Santé(ANS) -2 - 10 Rue d'Oradour-sur-Glane, 75015 Paris",
  "description": "AVC_causesAggravationNeuro",
  "compose": {
    "include": [
      {
        "system": "http://terminology.hl7.org/CodeSystem/icd10",
        "concept": [
          {
            "code": "I22.9",
            "display": "Récidive d'infarctus"
          }
        ]
      },
      {
        "system": "1.2.250.1.213.1.1.4.321",
        "concept": [
          {
            "code": "AVC-137",
            "display": "Récidive d'hémorragie"
          },
          {
            "code": "AVC-138",
            "display": "Transformation hémorragique"
          }
        ]
      },
      {
        "system": "1.2.250.1.213.2.12",
        "concept": [
          {
            "code": "G-A609",
            "display": "Autre"
          },
          {
            "code": "M-36300",
            "display": "Œdème"
          }
        ]
      }
    ]
  }
}