{
  "resourceType": "ValueSet",
  "id": "1.2.250.1.213.1.1.4.321.28",
  "meta": {
    "profile": [
      "http://hl7.org/fhir/StructureDefinition/shareablevalueset"
    ]
  },
  "extension": [
    {
      "url": "http://hl7.org/fhir/StructureDefinition/resource-effectivePeriod",
      "valuePeriod": {
        "start": "2021-03-15T00:00:00+01:00"
      }
    }
  ],
  "url": "https://smt.esante.gouv.fr/fhir/ValueSet/1.2.250.1.213.1.1.4.321.28",
  "identifier": [
    {
      "system": "urn:ietf:rfc:3986",
      "value": "urn:oid:1.2.250.1.213.1.1.4.321.28"
    }
  ],
  "version": "20241213000000",
  "name": "AVC_NIHSSPfInt",
  "title": "AVC_NIHSSPfInt",
  "status": "retired",
  "experimental": false,
  "date": "2024-12-13T00:00:00+01:00",
  "publisher": "Agence du Numérique en Santé(ANS) -2 - 10 Rue d'Oradour-sur-Glane, 75015 Paris",
  "description": "AVC_NIHSSPfInt",
  "compose": {
    "include": [
      {
        "system": "1.2.250.1.213.1.1.4.321",
        "concept": [
          {
            "code": "AVC-027",
            "display": "mobilité normale, symétrique."
          },
          {
            "code": "AVC-028",
            "display": "paralysie mineure (effacement du sillon nasogénien, asymétrie du sourire)."
          },
          {
            "code": "AVC-029",
            "display": "paralysie partielle (paralysie de la partie inférieure de la face, totale ou subtotale)."
          },
          {
            "code": "AVC-030",
            "display": "paralysie complète (facial supérieur et inférieur)."
          }
        ]
      }
    ]
  }
}