{
  "resourceType": "ValueSet",
  "id": "1.2.250.1.213.1.1.4.321.15",
  "meta": {
    "profile": [
      "http://hl7.org/fhir/StructureDefinition/shareablevalueset"
    ]
  },
  "extension": [
    {
      "url": "http://hl7.org/fhir/StructureDefinition/resource-effectivePeriod",
      "valuePeriod": {
        "start": "2021-03-15T00:00:00+01:00"
      }
    }
  ],
  "url": "https://smt.esante.gouv.fr/fhir/ValueSet/1.2.250.1.213.1.1.4.321.15",
  "identifier": [
    {
      "system": "urn:ietf:rfc:3986",
      "value": "urn:oid:1.2.250.1.213.1.1.4.321.15"
    }
  ],
  "version": "20241213000000",
  "name": "AVC_arterePost",
  "title": "AVC_arterePost",
  "status": "retired",
  "experimental": false,
  "date": "2024-12-13T00:00:00+01:00",
  "publisher": "Agence du Numérique en Santé(ANS) -2 - 10 Rue d'Oradour-sur-Glane, 75015 Paris",
  "description": "AVC_arterePost",
  "compose": {
    "include": [
      {
        "system": "1.2.250.1.213.1.1.4.321",
        "concept": [
          {
            "code": "AVC-127",
            "display": "Artère Cérébrale Postérieure (ACP) territoire profond Branches thalamoperforées"
          },
          {
            "code": "AVC-128",
            "display": "Artère Cérébrale Postérieure (ACP) territoire profond Branches thalamogéniculées"
          },
          {
            "code": "AVC-158",
            "display": "artère cérébrale postérieure territoire superficiel"
          },
          {
            "code": "AVC-159",
            "display": "artère cérébrale postérieure territoires complets"
          }
        ]
      },
      {
        "system": "1.2.250.1.213.2.12",
        "concept": [
          {
            "code": "T-45320",
            "display": "artère communicante postérieure"
          },
          {
            "code": "T-45935",
            "display": "artères choroïdiennes postérieures"
          }
        ]
      }
    ]
  }
}