{
  "resourceType": "ValueSet",
  "id": "1.2.250.1.213.1.1.4.321.43",
  "meta": {
    "profile": [
      "http://hl7.org/fhir/StructureDefinition/shareablevalueset"
    ]
  },
  "extension": [
    {
      "url": "http://hl7.org/fhir/StructureDefinition/resource-effectivePeriod",
      "valuePeriod": {
        "start": "2021-03-15T00:00:00+01:00"
      }
    }
  ],
  "url": "https://smt.esante.gouv.fr/fhir/ValueSet/1.2.250.1.213.1.1.4.321.43",
  "identifier": [
    {
      "system": "urn:ietf:rfc:3986",
      "value": "urn:oid:1.2.250.1.213.1.1.4.321.43"
    }
  ],
  "version": "20241213000000",
  "name": "AVC_etiologieHemorragie",
  "title": "AVC_etiologieHemorragie",
  "status": "retired",
  "experimental": false,
  "date": "2024-12-13T00:00:00+01:00",
  "publisher": "Agence du Numérique en Santé(ANS) -2 - 10 Rue d'Oradour-sur-Glane, 75015 Paris",
  "description": "AVC_etiologieHemorragie",
  "compose": {
    "include": [
      {
        "system": "1.2.250.1.213.1.1.4.321",
        "concept": [
          {
            "code": "AVC-118",
            "display": "Maladie petites artères"
          },
          {
            "code": "AVC-120",
            "display": "Angiopathie amyloïde"
          },
          {
            "code": "AVC-120",
            "display": "Anticoagulant au long cours"
          }
        ]
      },
      {
        "system": "1.2.250.1.213.2.12",
        "concept": [
          {
            "code": "G-A609",
            "display": "autre"
          },
          {
            "code": "M-24600",
            "display": "Malformation vasculaire"
          }
        ]
      }
    ]
  }
}