{
  "resourceType": "ValueSet",
  "id": "1.2.250.1.213.1.1.4.321.21",
  "meta": {
    "profile": [
      "http://hl7.org/fhir/StructureDefinition/shareablevalueset"
    ]
  },
  "extension": [
    {
      "url": "http://hl7.org/fhir/StructureDefinition/resource-effectivePeriod",
      "valuePeriod": {
        "start": "2021-03-15T00:00:00+01:00"
      }
    }
  ],
  "url": "https://smt.esante.gouv.fr/fhir/ValueSet/1.2.250.1.213.1.1.4.321.21",
  "identifier": [
    {
      "system": "urn:ietf:rfc:3986",
      "value": "urn:oid:1.2.250.1.213.1.1.4.321.21"
    }
  ],
  "version": "20241213000000",
  "name": "AVC_locaThromboseVeineuse",
  "title": "AVC_locaThromboseVeineuse",
  "status": "retired",
  "experimental": false,
  "date": "2024-12-13T00:00:00+01:00",
  "publisher": "Agence du Numérique en Santé(ANS) -2 - 10 Rue d'Oradour-sur-Glane, 75015 Paris",
  "description": "AVC_locaThromboseVeineuse",
  "compose": {
    "include": [
      {
        "system": "1.2.250.1.213.1.1.4.321",
        "concept": [
          {
            "code": "AVC-143",
            "display": "Sinus longitudinal supérieur partiel"
          },
          {
            "code": "AVC-144",
            "display": "Sinus longitudinal supérieur total"
          },
          {
            "code": "AVC-145",
            "display": "Sinus Latéral droit"
          },
          {
            "code": "AVC-146",
            "display": "Sinus Latéral gauche"
          },
          {
            "code": "AVC-147",
            "display": "Sinus droit"
          },
          {
            "code": "AVC-148",
            "display": "veines corticales"
          },
          {
            "code": "AVC-149",
            "display": "veines jugulaires droite"
          },
          {
            "code": "AVC-150",
            "display": "veines jugulaires gauche"
          },
          {
            "code": "AVC-151",
            "display": "veines profondes"
          }
        ]
      },
      {
        "system": "1.2.250.1.213.2.12",
        "concept": [
          {
            "code": "T-49840",
            "display": "sinus caverneux"
          }
        ]
      }
    ]
  }
}