{
  "resourceType": "ValueSet",
  "id": "1.2.250.1.213.1.1.4.321.29",
  "meta": {
    "profile": [
      "http://hl7.org/fhir/StructureDefinition/shareablevalueset"
    ]
  },
  "extension": [
    {
      "url": "http://hl7.org/fhir/StructureDefinition/resource-effectivePeriod",
      "valuePeriod": {
        "start": "2021-03-15T00:00:00+01:00"
      }
    }
  ],
  "url": "https://smt.esante.gouv.fr/fhir/ValueSet/1.2.250.1.213.1.1.4.321.29",
  "identifier": [
    {
      "system": "urn:ietf:rfc:3986",
      "value": "urn:oid:1.2.250.1.213.1.1.4.321.29"
    }
  ],
  "version": "20241213000000",
  "name": "AVC_NIHSSMsInt",
  "title": "AVC_NIHSSMsInt",
  "status": "retired",
  "experimental": false,
  "date": "2024-12-13T00:00:00+01:00",
  "publisher": "Agence du Numérique en Santé(ANS) -2 - 10 Rue d'Oradour-sur-Glane, 75015 Paris",
  "description": "AVC_NIHSSMsInt",
  "compose": {
    "include": [
      {
        "system": "1.2.250.1.213.1.1.4.321",
        "concept": [
          {
            "code": "AVC-031",
            "display": "absence de chute; maintien du membre supérieur à 90° (ou 45°) pendant 10 secondes."
          },
          {
            "code": "AVC-032",
            "display": "chute; le membre supérieur chute en moins de 10 secondes mais sans atteindre le plan du lit ou un autre support."
          },
          {
            "code": "AVC-033",
            "display": "le membre supérieur ne peut pas atteindre ou maintenir 90° (ou 45°), tombe sur le lit mais peut faire un certain mouvement contre la pesanteur."
          },
          {
            "code": "AVC-034",
            "display": "aucun mouvement contre la pesanteur; le membre supérieur tombe."
          },
          {
            "code": "AVC-035",
            "display": "absence de mouvement."
          },
          {
            "code": "AVC-036",
            "display": "amputation, blocage articulaire (expliquer)"
          }
        ]
      }
    ]
  }
}