{
  "resourceType": "ValueSet",
  "id": "1.2.250.1.213.1.1.4.321.6",
  "meta": {
    "profile": [
      "http://hl7.org/fhir/StructureDefinition/shareablevalueset"
    ]
  },
  "extension": [
    {
      "url": "http://hl7.org/fhir/StructureDefinition/resource-effectivePeriod",
      "valuePeriod": {
        "start": "2021-03-15T00:00:00+01:00"
      }
    }
  ],
  "url": "https://smt.esante.gouv.fr/fhir/ValueSet/1.2.250.1.213.1.1.4.321.6",
  "identifier": [
    {
      "system": "urn:ietf:rfc:3986",
      "value": "urn:oid:1.2.250.1.213.1.1.4.321.6"
    }
  ],
  "version": "20241213000000",
  "name": "AVC_autreSymptomesNeuro",
  "title": "AVC_autreSymptomesNeuro",
  "status": "retired",
  "experimental": false,
  "date": "2024-12-13T00:00:00+01:00",
  "publisher": "Agence du Numérique en Santé(ANS) -2 - 10 Rue d'Oradour-sur-Glane, 75015 Paris",
  "description": "AVC_autreSymptomesNeuro",
  "compose": {
    "include": [
      {
        "system": "http://terminology.hl7.org/CodeSystem/icd10",
        "concept": [
          {
            "code": "F-F6006",
            "display": "vertige rotatoire"
          }
        ]
      },
      {
        "system": "1.2.250.1.213.2.12",
        "concept": [
          {
            "code": "DF-D1670",
            "display": "négligence"
          },
          {
            "code": "F-11306",
            "display": "drop attack"
          },
          {
            "code": "F-A2700",
            "display": "céphalée"
          },
          {
            "code": "F-A5560",
            "display": "trouble de la conscience"
          },
          {
            "code": "F-A5562",
            "display": "confusion"
          },
          {
            "code": "F-A6000",
            "display": "Aphasie"
          },
          {
            "code": "F-A6660",
            "display": "dysarthrie"
          },
          {
            "code": "F-F7030",
            "display": "mutisme"
          },
          {
            "code": "G90.9",
            "display": "Instabilité neuro-végétative"
          }
        ]
      }
    ]
  }
}