{
  "resourceType": "ValueSet",
  "id": "1.2.250.1.213.1.1.4.321.44",
  "meta": {
    "profile": [
      "http://hl7.org/fhir/StructureDefinition/shareablevalueset"
    ]
  },
  "extension": [
    {
      "url": "http://hl7.org/fhir/StructureDefinition/resource-effectivePeriod",
      "valuePeriod": {
        "start": "2021-03-15T00:00:00+01:00"
      }
    }
  ],
  "url": "https://smt.esante.gouv.fr/fhir/ValueSet/1.2.250.1.213.1.1.4.321.44",
  "identifier": [
    {
      "system": "urn:ietf:rfc:3986",
      "value": "urn:oid:1.2.250.1.213.1.1.4.321.44"
    }
  ],
  "version": "20241213000000",
  "name": "AVC_typLesionImagerie",
  "title": "AVC_typLesionImagerie",
  "status": "retired",
  "experimental": false,
  "date": "2024-12-13T00:00:00+01:00",
  "publisher": "Agence du Numérique en Santé(ANS) -2 - 10 Rue d'Oradour-sur-Glane, 75015 Paris",
  "description": "AVC_typLesionImagerie",
  "compose": {
    "include": [
      {
        "system": "1.2.250.1.213.1.1.4.321",
        "concept": [
          {
            "code": "AVC-140",
            "display": "Hémorragie ancienne"
          },
          {
            "code": "AVC-141",
            "display": "Microsaignments"
          }
        ]
      },
      {
        "system": "1.2.250.1.213.2.12",
        "concept": [
          {
            "code": "D3-89110",
            "display": "hémorragie sous-arachnoïdienne"
          },
          {
            "code": "D3-89200",
            "display": "hémorragie intracérébrale"
          },
          {
            "code": "D3-89400",
            "display": "Infarctus cérébral"
          },
          {
            "code": "D3-89424",
            "display": "thrombose veineuse cérébrale"
          }
        ]
      }
    ]
  }
}