{
  "resourceType": "ValueSet",
  "id": "1.2.250.1.213.1.1.4.321.35",
  "meta": {
    "profile": [
      "http://hl7.org/fhir/StructureDefinition/shareablevalueset"
    ]
  },
  "extension": [
    {
      "url": "http://hl7.org/fhir/StructureDefinition/resource-effectivePeriod",
      "valuePeriod": {
        "start": "2021-03-15T00:00:00+01:00"
      }
    }
  ],
  "url": "https://smt.esante.gouv.fr/fhir/ValueSet/1.2.250.1.213.1.1.4.321.35",
  "identifier": [
    {
      "system": "urn:ietf:rfc:3986",
      "value": "urn:oid:1.2.250.1.213.1.1.4.321.35"
    }
  ],
  "version": "20241213000000",
  "name": "AVC_NIHSSDysInt",
  "title": "AVC_NIHSSDysInt",
  "status": "retired",
  "experimental": false,
  "date": "2024-12-13T00:00:00+01:00",
  "publisher": "Agence du Numérique en Santé(ANS) -2 - 10 Rue d'Oradour-sur-Glane, 75015 Paris",
  "description": "AVC_NIHSSDysInt",
  "compose": {
    "include": [
      {
        "system": "https://smt.esante.gouv.fr/fhir/CodeSystem/1.2.250.1.213.1.1.4.322",
        "concept": [
          {
            "code": "GEN-103",
            "display": "Normal"
          }
        ]
      },
      {
        "system": "1.2.250.1.213.1.1.4.321",
        "concept": [
          {
            "code": "AVC-058",
            "display": "discrète à modérée; le patient n’articule pas bien au moins quelques mots et, au pire, peut être compris avec quelques difficultés."
          },
          {
            "code": "AVC-059",
            "display": "sévère: le discours du patient est tellement mal articulé qu'il devient inintelligible en l'absence ou hors de proportion avec toute éventuelle aphasie ou est mutique, anarthrique."
          },
          {
            "code": "AVC-060",
            "display": "intubation, autre obstacle mécanique (expliquer)"
          }
        ]
      }
    ]
  }
}