{
  "resourceType": "ValueSet",
  "id": "1.2.250.1.213.1.1.4.321.13",
  "meta": {
    "profile": [
      "http://hl7.org/fhir/StructureDefinition/shareablevalueset"
    ]
  },
  "extension": [
    {
      "url": "http://hl7.org/fhir/StructureDefinition/resource-effectivePeriod",
      "valuePeriod": {
        "start": "2021-03-15T00:00:00+01:00"
      }
    }
  ],
  "url": "https://smt.esante.gouv.fr/fhir/ValueSet/1.2.250.1.213.1.1.4.321.13",
  "identifier": [
    {
      "system": "urn:ietf:rfc:3986",
      "value": "urn:oid:1.2.250.1.213.1.1.4.321.13"
    }
  ],
  "version": "20241213000000",
  "name": "AVC_artereAnt",
  "title": "AVC_artereAnt",
  "status": "retired",
  "experimental": false,
  "date": "2024-12-13T00:00:00+01:00",
  "publisher": "Agence du Numérique en Santé(ANS) -2 - 10 Rue d'Oradour-sur-Glane, 75015 Paris",
  "description": "AVC_artereAnt",
  "compose": {
    "include": [
      {
        "system": "1.2.250.1.213.1.1.4.321",
        "concept": [
          {
            "code": "AVC-139",
            "display": "Perforantes Directes de la Carotide"
          },
          {
            "code": "AVC-152",
            "display": "artère cérébrale antérieure territoire superficiel"
          },
          {
            "code": "AVC-153",
            "display": "artère cérébrale antérieure territoire profond"
          },
          {
            "code": "AVC-154",
            "display": "artère cérébrale antérieure territoires complets"
          },
          {
            "code": "AVC-155",
            "display": "artère cérébrale moyenne territoire superficiel"
          },
          {
            "code": "AVC-156",
            "display": "artère cérébrale moyenne territoire profond"
          },
          {
            "code": "AVC-157",
            "display": "artère cérébrale moyenne territoires complets"
          }
        ]
      },
      {
        "system": "1.2.250.1.213.2.12",
        "concept": [
          {
            "code": "T-45340",
            "display": "artère choroïdienne antérieure"
          }
        ]
      }
    ]
  }
}