{
  "resourceType": "ValueSet",
  "id": "1.2.250.1.213.1.1.4.321.27",
  "meta": {
    "profile": [
      "http://hl7.org/fhir/StructureDefinition/shareablevalueset"
    ]
  },
  "extension": [
    {
      "url": "http://hl7.org/fhir/StructureDefinition/resource-effectivePeriod",
      "valuePeriod": {
        "start": "2021-03-15T00:00:00+01:00"
      }
    }
  ],
  "url": "https://smt.esante.gouv.fr/fhir/ValueSet/1.2.250.1.213.1.1.4.321.27",
  "identifier": [
    {
      "system": "urn:ietf:rfc:3986",
      "value": "urn:oid:1.2.250.1.213.1.1.4.321.27"
    }
  ],
  "version": "20241213000000",
  "name": "AVC_NIHSSCvInt",
  "title": "AVC_NIHSSCvInt",
  "status": "retired",
  "experimental": false,
  "date": "2024-12-13T00:00:00+01:00",
  "publisher": "Agence du Numérique en Santé(ANS) -2 - 10 Rue d'Oradour-sur-Glane, 75015 Paris",
  "description": "AVC_NIHSSCvInt",
  "compose": {
    "include": [
      {
        "system": "1.2.250.1.213.1.1.4.321",
        "concept": [
          {
            "code": "AVC-023",
            "display": "aucun trouble du champ visuel."
          },
          {
            "code": "AVC-024",
            "display": "hémianopsie partielle (ou extinction visuelle)."
          },
          {
            "code": "AVC-025",
            "display": "hémianopsie complète."
          },
          {
            "code": "AVC-026",
            "display": "hémianopsie bilatérale (incluant cécité corticale)."
          }
        ]
      }
    ]
  }
}