{
  "resourceType": "ValueSet",
  "id": "1.2.250.1.213.1.1.4.321.33",
  "meta": {
    "profile": [
      "http://hl7.org/fhir/StructureDefinition/shareablevalueset"
    ]
  },
  "extension": [
    {
      "url": "http://hl7.org/fhir/StructureDefinition/resource-effectivePeriod",
      "valuePeriod": {
        "start": "2021-03-15T00:00:00+01:00"
      }
    }
  ],
  "url": "https://smt.esante.gouv.fr/fhir/ValueSet/1.2.250.1.213.1.1.4.321.33",
  "identifier": [
    {
      "system": "urn:ietf:rfc:3986",
      "value": "urn:oid:1.2.250.1.213.1.1.4.321.33"
    }
  ],
  "version": "20241213000000",
  "name": "AVC_NIHSSNeglInt",
  "title": "AVC_NIHSSNeglInt",
  "status": "retired",
  "experimental": false,
  "date": "2024-12-13T00:00:00+01:00",
  "publisher": "Agence du Numérique en Santé(ANS) -2 - 10 Rue d'Oradour-sur-Glane, 75015 Paris",
  "description": "AVC_NIHSSNeglInt",
  "compose": {
    "include": [
      {
        "system": "https://smt.esante.gouv.fr/fhir/CodeSystem/1.2.250.1.213.1.1.4.322",
        "concept": [
          {
            "code": "GEN-103",
            "display": "Normal"
          }
        ]
      },
      {
        "system": "1.2.250.1.213.1.1.4.321",
        "concept": [
          {
            "code": "AVC-052",
            "display": "extinction ou négligence visuelle, tactile, auditive, spatiale ou personnelle à la stimulation bilatérale simultanée dans une des modalités."
          },
          {
            "code": "AVC-053",
            "display": "héminégligence sévère ou portant sur plus d’une modalité sensorielle. Ne reconnaît pas sa propre main ou ne s’oriente que vers un côté de l’espace."
          }
        ]
      }
    ]
  }
}