{
  "resourceType": "ValueSet",
  "id": "1.2.250.1.213.1.1.4.321.23",
  "meta": {
    "profile": [
      "http://hl7.org/fhir/StructureDefinition/shareablevalueset"
    ]
  },
  "extension": [
    {
      "url": "http://hl7.org/fhir/StructureDefinition/resource-effectivePeriod",
      "valuePeriod": {
        "start": "2021-03-15T00:00:00+01:00"
      }
    }
  ],
  "url": "https://smt.esante.gouv.fr/fhir/ValueSet/1.2.250.1.213.1.1.4.321.23",
  "identifier": [
    {
      "system": "urn:ietf:rfc:3986",
      "value": "urn:oid:1.2.250.1.213.1.1.4.321.23"
    }
  ],
  "version": "20241213000000",
  "name": "AVC_NIHSSConsInt",
  "title": "AVC_NIHSSConsInt",
  "status": "retired",
  "experimental": false,
  "date": "2024-12-13T00:00:00+01:00",
  "publisher": "Agence du Numérique en Santé(ANS) -2 - 10 Rue d'Oradour-sur-Glane, 75015 Paris",
  "description": "AVC_NIHSSConsInt",
  "compose": {
    "include": [
      {
        "system": "1.2.250.1.213.1.1.4.321",
        "concept": [
          {
            "code": "AVC-010",
            "display": "vigilant, réagit vivement."
          },
          {
            "code": "AVC-011",
            "display": "non vigilant (somnolent), mais réagit ou répond s'il est éveillé par une stimulation mineure."
          },
          {
            "code": "AVC-012",
            "display": "non vigilant; ne réagit qu'à des stimulations répétées, ou est inconscient et une stimulation intense ou douloureuse est nécessaire pour obtenir des mouvements autres que stéréotypés."
          },
          {
            "code": "AVC-013",
            "display": "on obtient uniquement des réponses réflexes motrices ou végétatives ou le patient est totalement aréactif et flasque."
          }
        ]
      }
    ]
  }
}