{
  "resourceType": "ValueSet",
  "id": "1.2.250.1.213.1.1.4.321.34",
  "meta": {
    "profile": [
      "http://hl7.org/fhir/StructureDefinition/shareablevalueset"
    ]
  },
  "extension": [
    {
      "url": "http://hl7.org/fhir/StructureDefinition/resource-effectivePeriod",
      "valuePeriod": {
        "start": "2021-03-15T00:00:00+01:00"
      }
    }
  ],
  "url": "https://smt.esante.gouv.fr/fhir/ValueSet/1.2.250.1.213.1.1.4.321.34",
  "identifier": [
    {
      "system": "urn:ietf:rfc:3986",
      "value": "urn:oid:1.2.250.1.213.1.1.4.321.34"
    }
  ],
  "version": "20241213000000",
  "name": "AVC_NIHSSSensInt",
  "title": "AVC_NIHSSSensInt",
  "status": "retired",
  "experimental": false,
  "date": "2024-12-13T00:00:00+01:00",
  "publisher": "Agence du Numérique en Santé(ANS) -2 - 10 Rue d'Oradour-sur-Glane, 75015 Paris",
  "description": "AVC_NIHSSSensInt",
  "compose": {
    "include": [
      {
        "system": "https://smt.esante.gouv.fr/fhir/CodeSystem/1.2.250.1.213.1.1.4.322",
        "concept": [
          {
            "code": "GEN-103",
            "display": "Normal"
          }
        ]
      },
      {
        "system": "1.2.250.1.213.1.1.4.321",
        "concept": [
          {
            "code": "AVC-055",
            "display": "déficit sensitif discret à modéré ; du côté atteint, la piqûre est moins bien perçue ou non perçue mais le patient est conscient d’être touché."
          },
          {
            "code": "AVC-056",
            "display": "déficit sévère à total; le patient n’a pas conscience d’être touché au niveau de la face, du bras et de la jambe."
          }
        ]
      }
    ]
  }
}