{
  "resourceType": "ValueSet",
  "id": "1.2.250.1.213.1.1.4.321.11",
  "meta": {
    "profile": [
      "http://hl7.org/fhir/StructureDefinition/shareablevalueset"
    ]
  },
  "extension": [
    {
      "url": "http://hl7.org/fhir/StructureDefinition/resource-effectivePeriod",
      "valuePeriod": {
        "start": "2021-03-15T00:00:00+01:00"
      }
    }
  ],
  "url": "https://smt.esante.gouv.fr/fhir/ValueSet/1.2.250.1.213.1.1.4.321.11",
  "identifier": [
    {
      "system": "urn:ietf:rfc:3986",
      "value": "urn:oid:1.2.250.1.213.1.1.4.321.11"
    }
  ],
  "version": "20241213000000",
  "name": "AVC_autreSymptomeExNeuro",
  "title": "AVC_autreSymptomeExNeuro",
  "status": "retired",
  "experimental": false,
  "date": "2024-12-13T00:00:00+01:00",
  "publisher": "Agence du Numérique en Santé(ANS) -2 - 10 Rue d'Oradour-sur-Glane, 75015 Paris",
  "description": "AVC_autreSymptomeExNeuro",
  "compose": {
    "include": [
      {
        "system": "http://terminology.hl7.org/CodeSystem/icd10",
        "concept": [
          {
            "code": "G98",
            "display": "Autres affections du système nerveux"
          },
          {
            "code": "J39.2",
            "display": "Paralysie du Pharynx"
          },
          {
            "code": "K13.7",
            "display": "Paralysie du voile du Palais"
          }
        ]
      },
      {
        "system": "1.2.250.1.213.1.1.4.321",
        "concept": [
          {
            "code": "AVC-126",
            "display": "Latéropulsion"
          }
        ]
      },
      {
        "system": "1.2.250.1.213.2.12",
        "concept": [
          {
            "code": "DA-41070",
            "display": "affection du douxième nerf crânien"
          },
          {
            "code": "DA-48034",
            "display": "syndrome de Claude Bernard-Horner"
          },
          {
            "code": "DA-74510",
            "display": "Diplopie"
          },
          {
            "code": "DA-74940",
            "display": "cécité d'un oeil"
          },
          {
            "code": "DA-78500",
            "display": "nystagmus"
          },
          {
            "code": "DF-D1670",
            "display": "négligence"
          },
          {
            "code": "F-51702",
            "display": "déglutition anormale"
          },
          {
            "code": "F-A5560",
            "display": "trouble de la conscience"
          },
          {
            "code": "F-A5562",
            "display": "confusion"
          },
          {
            "code": "F-A6000",
            "display": "Aphasie"
          },
          {
            "code": "F-A6660",
            "display": "dysarthrie"
          },
          {
            "code": "F-F2020",
            "display": "mydriase"
          },
          {
            "code": "F-F2030",
            "display": "myosis"
          }
        ]
      }
    ]
  }
}