{
  "resourceType": "ValueSet",
  "id": "1.2.250.1.213.1.1.4.2.285.1",
  "meta": {
    "profile": [
      "http://hl7.org/fhir/StructureDefinition/shareablevalueset"
    ]
  },
  "extension": [
    {
      "url": "http://hl7.org/fhir/StructureDefinition/resource-effectivePeriod",
      "valuePeriod": {
        "start": "2021-03-15T00:00:00+01:00"
      }
    }
  ],
  "url": "https://smt.esante.gouv.fr/fhir/ValueSet/1.2.250.1.213.1.1.4.2.285.1",
  "identifier": [
    {
      "system": "urn:ietf:rfc:3986",
      "value": "urn:oid:1.2.250.1.213.1.1.4.2.285.1"
    }
  ],
  "version": "20241213000000",
  "name": "EDAPTypeCodes",
  "title": "EDAPTypeCodes",
  "status": "retired",
  "experimental": false,
  "date": "2024-12-13T00:00:00+01:00",
  "publisher": "Agence du Numérique en Santé(ANS) -2 - 10 Rue d'Oradour-sur-Glane, 75015 Paris",
  "description": "EDAPTypeCodes",
  "compose": {
    "include": [
      {
        "system": "1.2.250.1.213.1.1.4.2.285",
        "concept": [
          {
            "code": "EDAP_001",
            "display": "Réanimation"
          },
          {
            "code": "EDAP_002",
            "display": "Intubation"
          },
          {
            "code": "EDAP_003",
            "display": "Perfusions"
          },
          {
            "code": "EDAP_004",
            "display": "Réanimation Cardiopulmonaire"
          },
          {
            "code": "EDAP_005",
            "display": "Antibiothérapie"
          },
          {
            "code": "EDAP_006",
            "display": "Maintien en vie"
          },
          {
            "code": "EDAP_007",
            "display": "Alimentation parentérale"
          },
          {
            "code": "EDAP_008",
            "display": "Transfusion"
          },
          {
            "code": "EDAP_009",
            "display": "Donneur d'organes"
          }
        ]
      }
    ]
  }
}