{
  "resourceType": "ValueSet",
  "id": "1.2.250.1.213.1.1.4.2.285.2",
  "meta": {
    "profile": [
      "http://hl7.org/fhir/StructureDefinition/shareablevalueset"
    ]
  },
  "extension": [
    {
      "url": "http://hl7.org/fhir/StructureDefinition/resource-effectivePeriod",
      "valuePeriod": {
        "start": "2021-03-15T00:00:00+01:00"
      }
    }
  ],
  "url": "https://smt.esante.gouv.fr/fhir/ValueSet/1.2.250.1.213.1.1.4.2.285.2",
  "identifier": [
    {
      "system": "urn:ietf:rfc:3986",
      "value": "urn:oid:1.2.250.1.213.1.1.4.2.285.2"
    }
  ],
  "version": "20241213000000",
  "name": "EDAPTypeProc",
  "title": "EDAPTypeProc",
  "status": "retired",
  "experimental": false,
  "date": "2024-12-13T00:00:00+01:00",
  "publisher": "Agence du Numérique en Santé(ANS) -2 - 10 Rue d'Oradour-sur-Glane, 75015 Paris",
  "description": "EDAPTypeProc",
  "compose": {
    "include": [
      {
        "system": "1.2.250.1.213.1.1.4.2.285",
        "concept": [
          {
            "code": "EDAP_010",
            "display": "Don d'organes"
          }
        ]
      }
    ]
  }
}