{
  "resourceType": "ValueSet",
  "id": "1.2.250.1.213.1.1.4.321.47",
  "meta": {
    "profile": [
      "http://hl7.org/fhir/StructureDefinition/shareablevalueset"
    ]
  },
  "extension": [
    {
      "url": "http://hl7.org/fhir/StructureDefinition/resource-effectivePeriod",
      "valuePeriod": {
        "start": "2021-03-15T00:00:00+01:00"
      }
    }
  ],
  "url": "https://smt.esante.gouv.fr/fhir/ValueSet/1.2.250.1.213.1.1.4.321.47",
  "identifier": [
    {
      "system": "urn:ietf:rfc:3986",
      "value": "urn:oid:1.2.250.1.213.1.1.4.321.47"
    }
  ],
  "version": "20241213000000",
  "name": "interpretationScoreRankin",
  "title": "interpretationScoreRankin",
  "status": "retired",
  "experimental": false,
  "date": "2024-12-13T00:00:00+01:00",
  "publisher": "Agence du Numérique en Santé(ANS) -2 - 10 Rue d'Oradour-sur-Glane, 75015 Paris",
  "description": "interpretationScoreRankin",
  "compose": {
    "include": [
      {
        "system": "1.2.250.1.213.1.1.4.321",
        "concept": [
          {
            "code": "AVC-171",
            "display": "Absence de symptômes"
          },
          {
            "code": "AVC-172",
            "display": "Symptômes mineurs sans retentissement sur la vie quotidienne"
          },
          {
            "code": "AVC-173",
            "display": "Symptôme ou handicap mineur qui conduit à certaines restrictions dans le mode de vie, mais qui n’interfère pas avec la capacité du patient à se prendre en charge"
          },
          {
            "code": "AVC-174",
            "display": "Handicap modéré qui restreint significativement le mode de vie et/ou empêche une existence totalement indépendante"
          },
          {
            "code": "AVC-175",
            "display": "Handicap modérément sévère qui empêche clairement une existence indépendante bien que nécessitant pas une attention constante"
          },
          {
            "code": "AVC-176",
            "display": "Handicap sévère entraînant une dépendance totale et nécessitant une attention jour et nuit"
          }
        ]
      }
    ]
  }
}