{
  "resourceType": "ValueSet",
  "id": "1.2.250.1.213.1.1.5.290",
  "meta": {
    "profile": [
      "http://hl7.org/fhir/StructureDefinition/shareablevalueset"
    ]
  },
  "extension": [
    {
      "url": "http://hl7.org/fhir/StructureDefinition/resource-effectivePeriod",
      "valuePeriod": {
        "start": "2021-03-15T00:00:00+01:00"
      }
    }
  ],
  "url": "https://smt.esante.gouv.fr/fhir/ValueSet/1.2.250.1.213.1.1.5.290",
  "identifier": [
    {
      "system": "urn:ietf:rfc:3986",
      "value": "urn:oid:1.2.250.1.213.1.1.5.290"
    }
  ],
  "version": "20241213000000",
  "name": "JDV_Generique_Grade_histologique_2_classes_CISIS",
  "title": "JDV_Generique_Grade_histologique_2_classes_CISIS",
  "status": "retired",
  "experimental": false,
  "date": "2024-12-13T00:00:00+01:00",
  "publisher": "Agence du Numérique en Santé(ANS) -2 - 10 Rue d'Oradour-sur-Glane, 75015 Paris",
  "description": "JDV_Generique_Grade_histologique_2_classes_CISIS",
  "compose": {
    "include": [
      {
        "system": "https://smt.esante.gouv.fr/terminologie-ncit",
        "concept": [
          {
            "code": "C14158",
            "display": "haut grade"
          },
          {
            "code": "C14161",
            "display": "bas grade"
          }
        ]
      },
      {
        "system": "1.3.6.1.4.1.19376.1.8.2.1",
        "concept": [
          {
            "code": "623",
            "display": "Haut grade"
          },
          {
            "code": "624",
            "display": "Bas grade"
          }
        ]
      }
    ]
  }
}