{
  "resourceType": "ValueSet",
  "id": "1.2.250.1.213.1.1.5.34",
  "meta": {
    "profile": [
      "http://hl7.org/fhir/StructureDefinition/shareablevalueset"
    ]
  },
  "extension": [
    {
      "url": "http://hl7.org/fhir/StructureDefinition/resource-effectivePeriod",
      "valuePeriod": {
        "start": "2021-03-15T00:00:00+01:00"
      }
    }
  ],
  "url": "https://smt.esante.gouv.fr/fhir/ValueSet/1.2.250.1.213.1.1.5.34",
  "identifier": [
    {
      "system": "urn:ietf:rfc:3986",
      "value": "urn:oid:1.2.250.1.213.1.1.5.34"
    }
  ],
  "version": "20230428000000",
  "name": "JDV_AntecedentsPersonnels_CISIS",
  "title": "JDV_AntecedentsPersonnels_CISIS",
  "status": "active",
  "experimental": false,
  "date": "2023-04-28T00:00:00+01:00",
  "publisher": "Agence du Numérique en Santé(ANS) -2 - 10 Rue d'Oradour-sur-Glane, 75015 Paris",
  "description": "JDV_AntecedentsPersonnels_CISIS",
  "compose": {
    "include": [
      {
        "system": "http://terminology.hl7.org/CodeSystem/icd10",
        "concept": [
          {
            "code": "C81",
            "display": "Lymphome de Hodgkin"
          },
          {
            "code": "D48.6",
            "display": "Tumeur à évolution imprévisible et inconnue du sein"
          }
        ]
      },
      {
        "system": "http://snomed.info/sct",
        "concept": [
          {
            "code": "443508001",
            "display": "Pas d'antécédent personnel"
          },
          {
            "code": "118445002",
            "display": "ablation d'un néoplasme bénin"
          },
          {
            "code": "370611004",
            "display": "excision d'un néoplasme maligne"
          },
          {
            "code": "56306000",
            "display": "chirurgie esthétique"
          }
        ]
      }
    ]
  }
}