{
  "resourceType": "ValueSet",
  "id": "1.2.250.1.213.1.1.5.174",
  "meta": {
    "profile": [
      "http://hl7.org/fhir/StructureDefinition/shareablevalueset"
    ]
  },
  "extension": [
    {
      "url": "http://hl7.org/fhir/StructureDefinition/resource-effectivePeriod",
      "valuePeriod": {
        "start": "2021-03-15T00:00:00+01:00"
      }
    }
  ],
  "url": "https://smt.esante.gouv.fr/fhir/ValueSet/1.2.250.1.213.1.1.5.174",
  "identifier": [
    {
      "system": "urn:ietf:rfc:3986",
      "value": "urn:oid:1.2.250.1.213.1.1.5.174"
    }
  ],
  "version": "20231114000000",
  "name": "JDV_AutreSymptomeExNeuro_CISIS",
  "title": "JDV_AutreSymptomeExNeuro_CISIS",
  "status": "active",
  "experimental": false,
  "date": "2023-11-14T00:00:00+01:00",
  "publisher": "Agence du Numérique en Santé(ANS) -2 - 10 Rue d'Oradour-sur-Glane, 75015 Paris",
  "description": "JDV_AutreSymptomeExNeuro_CISIS",
  "compose": {
    "include": [
      {
        "system": "http://terminology.hl7.org/CodeSystem/icd10",
        "concept": [
          {
            "code": "G52.3",
            "display": "Affections du nerf grand hypoglosse"
          },
          {
            "code": "G90.2",
            "display": "Syndrome de Claude Bernard–Horner"
          },
          {
            "code": "H53.2",
            "display": "Diplopie"
          },
          {
            "code": "H54.4",
            "display": "Cécité monoculaire"
          },
          {
            "code": "H55",
            "display": "Nystagmus et autres anomalies des mouvements oculaires"
          },
          {
            "code": "Y06.9",
            "display": "Délaissement et abandon par une personne non précisée"
          },
          {
            "code": "R13",
            "display": "Dysphagie"
          },
          {
            "code": "R41.8",
            "display": "Symptômes et signes relatifs aux fonctions cognitives et à la conscience, autres et non précisés"
          },
          {
            "code": "R41.0",
            "display": "Désorientation, sans précision"
          },
          {
            "code": "R47.02",
            "display": "Aphasie, autre et sans précision"
          },
          {
            "code": "R47.1",
            "display": "Dysarthrie et anarthrie"
          },
          {
            "code": "H57.04",
            "display": "Mydriase"
          },
          {
            "code": "H57.03",
            "display": "Myosis"
          },
          {
            "code": "G98",
            "display": "Autres affections du système nerveux, non classées ailleurs"
          },
          {
            "code": "J39.2",
            "display": "Paralysie du pharynx"
          },
          {
            "code": "K13.7",
            "display": "Paralysie du voile du palais"
          }
        ]
      },
      {
        "system": "https://smt.esante.gouv.fr/fhir/CodeSystem/1.2.250.1.213.1.1.4.322",
        "concept": [
          {
            "code": "MED-380",
            "display": "Déficit moteur de la main"
          },
          {
            "code": "MED-484",
            "display": "Latéropulsion"
          }
        ]
      }
    ]
  }
}