{
  "resourceType": "ValueSet",
  "id": "1.2.250.1.213.1.1.5.209",
  "meta": {
    "profile": [
      "http://hl7.org/fhir/StructureDefinition/shareablevalueset"
    ]
  },
  "extension": [
    {
      "url": "http://hl7.org/fhir/StructureDefinition/resource-effectivePeriod",
      "valuePeriod": {
        "start": "2021-03-15T00:00:00+01:00"
      }
    }
  ],
  "url": "https://smt.esante.gouv.fr/fhir/ValueSet/1.2.250.1.213.1.1.5.209",
  "identifier": [
    {
      "system": "urn:ietf:rfc:3986",
      "value": "urn:oid:1.2.250.1.213.1.1.5.209"
    }
  ],
  "version": "20240718000000",
  "name": "JDV_ArterePost_CISIS",
  "title": "JDV_ArterePost_CISIS",
  "status": "active",
  "experimental": false,
  "date": "2024-07-18T00:00:00+01:00",
  "publisher": "Agence du Numérique en Santé(ANS) -2 - 10 Rue d'Oradour-sur-Glane, 75015 Paris",
  "description": "JDV_ArterePost_CISIS",
  "compose": {
    "include": [
      {
        "system": "https://smt.esante.gouv.fr/fhir/CodeSystem/1.2.250.1.213.1.1.4.322",
        "concept": [
          {
            "code": "MED-486",
            "display": "Artère cérébrale postérieure (ACP) territoire profond branches thalamoperforées"
          },
          {
            "code": "MED-487",
            "display": "Artère cérébrale postérieure (ACP) territoire profond branches thalamogéniculées"
          },
          {
            "code": "MED-465",
            "display": "Artère cérébrale postérieure territoire superficiel"
          }
        ]
      },
      {
        "system": "http://snomed.info/sct",
        "concept": [
          {
            "code": "70382005",
            "display": "Artère cérébrale postérieure"
          },
          {
            "code": "43119007",
            "display": "Artère communicante postérieure"
          },
          {
            "code": "7736000",
            "display": "Artère choroïdienne postérieure"
          }
        ]
      }
    ]
  }
}