{
  "resourceType": "ValueSet",
  "id": "1.2.250.1.213.1.1.5.489",
  "meta": {
    "profile": [
      "http://hl7.org/fhir/StructureDefinition/shareablevalueset"
    ]
  },
  "extension": [
    {
      "url": "http://hl7.org/fhir/StructureDefinition/resource-effectivePeriod",
      "valuePeriod": {
        "start": "2021-03-15T00:00:00+01:00"
      }
    }
  ],
  "url": "https://smt.esante.gouv.fr/fhir/ValueSet/1.2.250.1.213.1.1.5.489",
  "identifier": [
    {
      "system": "urn:ietf:rfc:3986",
      "value": "urn:oid:1.2.250.1.213.1.1.5.489"
    }
  ],
  "version": "20231114000000",
  "name": "JDV_AideAuDeplacement_CISIS",
  "title": "JDV_AideAuDeplacement_CISIS",
  "status": "active",
  "experimental": false,
  "date": "2023-11-14T00:00:00+01:00",
  "publisher": "Agence du Numérique en Santé(ANS) -2 - 10 Rue d'Oradour-sur-Glane, 75015 Paris",
  "description": "JDV_AideAuDeplacement_CISIS",
  "compose": {
    "include": [
      {
        "system": "https://smt.esante.gouv.fr/fhir/CodeSystem/1.2.250.1.213.1.1.4.322",
        "concept": [
          {
            "code": "GEN-192",
            "display": "Marche normale"
          },
          {
            "code": "GEN-092.08.01",
            "display": "Autre aide au déplacement"
          }
        ]
      },
      {
        "system": "http://snomed.info/sct",
        "concept": [
          {
            "code": "895457008",
            "display": "se déplace avec canne"
          },
          {
            "code": "895488007",
            "display": "se déplace avec déambulateur"
          },
          {
            "code": "301578005",
            "display": "se déplace en fauteuil roulant"
          },
          {
            "code": "160685001",
            "display": "état grabataire"
          }
        ]
      }
    ]
  }
}