{
  "resourceType": "ValueSet",
  "id": "1.2.250.1.213.1.1.5.26",
  "meta": {
    "profile": [
      "http://hl7.org/fhir/StructureDefinition/shareablevalueset"
    ]
  },
  "extension": [
    {
      "url": "http://hl7.org/fhir/StructureDefinition/resource-effectivePeriod",
      "valuePeriod": {
        "start": "2021-03-15T00:00:00+01:00"
      }
    }
  ],
  "url": "https://smt.esante.gouv.fr/fhir/ValueSet/1.2.250.1.213.1.1.5.26",
  "identifier": [
    {
      "system": "urn:ietf:rfc:3986",
      "value": "urn:oid:1.2.250.1.213.1.1.5.26"
    }
  ],
  "version": "20100101000000",
  "name": "JDV_FamilleFemmes_CISIS",
  "title": "JDV_FamilleFemmes_CISIS",
  "status": "active",
  "experimental": false,
  "date": "2010-01-01T00:00:00+01:00",
  "publisher": "Agence du Numérique en Santé(ANS) -2 - 10 Rue d'Oradour-sur-Glane, 75015 Paris",
  "description": "JDV_FamilleFemmes_CISIS",
  "compose": {
    "include": [
      {
        "system": "http://terminology.hl7.org/CodeSystem/v3-RoleCode",
        "concept": [
          {
            "code": "DAU",
            "display": "Fille biologique"
          },
          {
            "code": "MTH",
            "display": "Mère"
          },
          {
            "code": "SIS",
            "display": "Sœur"
          }
        ]
      }
    ]
  }
}