{
  "resourceType": "ValueSet",
  "id": "1.2.250.1.213.1.1.5.285",
  "meta": {
    "profile": [
      "http://hl7.org/fhir/StructureDefinition/shareablevalueset"
    ]
  },
  "extension": [
    {
      "url": "http://hl7.org/fhir/StructureDefinition/resource-effectivePeriod",
      "valuePeriod": {
        "start": "2021-03-15T00:00:00+01:00"
      }
    }
  ],
  "url": "https://smt.esante.gouv.fr/fhir/ValueSet/1.2.250.1.213.1.1.5.285",
  "identifier": [
    {
      "system": "urn:ietf:rfc:3986",
      "value": "urn:oid:1.2.250.1.213.1.1.5.285"
    }
  ],
  "version": "20230404000000",
  "name": "JDV_Foie_pT_CISIS",
  "title": "JDV_Foie_pT_CISIS",
  "status": "retired",
  "experimental": false,
  "date": "2023-04-04T00:00:00+01:00",
  "publisher": "Agence du Numérique en Santé(ANS) -2 - 10 Rue d'Oradour-sur-Glane, 75015 Paris",
  "description": "JDV_Foie_pT_CISIS",
  "compose": {
    "include": [
      {
        "system": "1.3.6.1.4.1.19376.1.8.2.1",
        "concept": [
          {
            "code": "906",
            "display": "pT0: No evidence of primary tumor"
          },
          {
            "code": "907",
            "display": "pT1: Solitary tumor without vascular invasion"
          },
          {
            "code": "908",
            "display": "pT2: Solitary tumor with vascular invasion or multiple tumors none more than 5 cm"
          },
          {
            "code": "909",
            "display": "pT3a: Multiple tumors more than 5 cm"
          },
          {
            "code": "910",
            "display": "pT3b: Single tumor or multiple tumors of any size involving a major branch of the portal vein or hepatic veins"
          },
          {
            "code": "911",
            "display": "pT4: Tumor(s) with direct invasion of adjacent organs other than the gallbladder or with perforation of visceral peritoneum"
          }
        ]
      }
    ]
  }
}