{
  "resourceType": "ValueSet",
  "id": "1.2.250.1.213.1.1.5.217",
  "meta": {
    "profile": [
      "http://hl7.org/fhir/StructureDefinition/shareablevalueset"
    ]
  },
  "extension": [
    {
      "url": "http://hl7.org/fhir/StructureDefinition/resource-effectivePeriod",
      "valuePeriod": {
        "start": "2021-03-15T00:00:00+01:00"
      }
    }
  ],
  "url": "https://smt.esante.gouv.fr/fhir/ValueSet/1.2.250.1.213.1.1.5.217",
  "identifier": [
    {
      "system": "urn:ietf:rfc:3986",
      "value": "urn:oid:1.2.250.1.213.1.1.5.217"
    }
  ],
  "version": "20231114000000",
  "name": "JDV_Complication_CISIS",
  "title": "JDV_Complication_CISIS",
  "status": "active",
  "experimental": false,
  "date": "2023-11-14T00:00:00+01:00",
  "publisher": "Agence du Numérique en Santé(ANS) -2 - 10 Rue d'Oradour-sur-Glane, 75015 Paris",
  "description": "JDV_Complication_CISIS",
  "compose": {
    "include": [
      {
        "system": "http://terminology.hl7.org/CodeSystem/icd10",
        "concept": [
          {
            "code": "R56.8",
            "display": "Convulsions, autres et non précisées"
          },
          {
            "code": "I50.9",
            "display": "Insuffisance cardiaque, sans précision"
          },
          {
            "code": "B99",
            "display": "Maladies infectieuses, autres et non précisées"
          }
        ]
      },
      {
        "system": "https://smt.esante.gouv.fr/fhir/CodeSystem/1.2.250.1.213.1.1.4.322",
        "concept": [
          {
            "code": "MED-503",
            "display": "Aggravation neurologique"
          },
          {
            "code": "MED-504",
            "display": "Troubles de la déglution justifiant une gastrostomie"
          },
          {
            "code": "MED-518",
            "display": "Complication pulmonaire"
          },
          {
            "code": "MED-519",
            "display": "Complication thromboembolique"
          },
          {
            "code": "MED-520",
            "display": "Complication urinaire"
          },
          {
            "code": "MED-521",
            "display": "Complication digestive"
          },
          {
            "code": "MED-522",
            "display": "Complication neuropsychiatrique"
          },
          {
            "code": "GEN-092.01.01",
            "display": "Autre problème"
          }
        ]
      }
    ]
  }
}