{
  "resourceType": "ValueSet",
  "id": "1.2.250.1.213.1.1.5.163",
  "meta": {
    "profile": [
      "http://hl7.org/fhir/StructureDefinition/shareablevalueset"
    ]
  },
  "extension": [
    {
      "url": "http://hl7.org/fhir/StructureDefinition/resource-effectivePeriod",
      "valuePeriod": {
        "start": "2021-03-15T00:00:00+01:00"
      }
    }
  ],
  "url": "https://smt.esante.gouv.fr/fhir/ValueSet/1.2.250.1.213.1.1.5.163",
  "identifier": [
    {
      "system": "urn:ietf:rfc:3986",
      "value": "urn:oid:1.2.250.1.213.1.1.5.163"
    }
  ],
  "version": "20231114000000",
  "name": "JDV_AntecedantsMedicaux_CISIS",
  "title": "JDV_AntecedantsMedicaux_CISIS",
  "status": "active",
  "experimental": false,
  "date": "2023-11-14T00:00:00+01:00",
  "publisher": "Agence du Numérique en Santé(ANS) -2 - 10 Rue d'Oradour-sur-Glane, 75015 Paris",
  "description": "JDV_AntecedantsMedicaux_CISIS",
  "compose": {
    "include": [
      {
        "system": "http://terminology.hl7.org/CodeSystem/icd10",
        "concept": [
          {
            "code": "I63.9",
            "display": "Infarctus cérébral, sans précision"
          },
          {
            "code": "G45.9",
            "display": "Accident ischémique cérébral transitoire, sans précision"
          },
          {
            "code": "G93.2",
            "display": "Hypertension intracrânienne bénigne"
          },
          {
            "code": "I64",
            "display": "Accident vasculaire cérébral, non précisé comme étant hémorragique ou par infarctus"
          },
          {
            "code": "I60.9",
            "display": "Hémorragie sousarachnoïdienne, sans précision"
          },
          {
            "code": "I21.9",
            "display": "Infarctus du myocarde sans précision, prise en charge non précisée"
          },
          {
            "code": "I20.0",
            "display": "Angine de poitrine instable"
          },
          {
            "code": "I74.3",
            "display": "Embolie et thrombose des artères des membres inférieurs"
          },
          {
            "code": "I20.9",
            "display": "Angine de poitrine, sans précision"
          },
          {
            "code": "I48",
            "display": "Fibrillation et flutter auriculaires"
          },
          {
            "code": "F03",
            "display": "Démence, sans précision"
          },
          {
            "code": "C80",
            "display": "Tumeur maligne de siège non précisé"
          }
        ]
      },
      {
        "system": "https://smt.esante.gouv.fr/fhir/CodeSystem/1.2.250.1.213.1.1.4.322",
        "concept": [
          {
            "code": "MED-533",
            "display": "Comorbidité"
          }
        ]
      }
    ]
  }
}