{
  "resourceType": "ValueSet",
  "id": "1.2.250.1.213.1.1.5.220",
  "meta": {
    "profile": [
      "http://hl7.org/fhir/StructureDefinition/shareablevalueset"
    ]
  },
  "extension": [
    {
      "url": "http://hl7.org/fhir/StructureDefinition/resource-effectivePeriod",
      "valuePeriod": {
        "start": "2021-03-15T00:00:00+01:00"
      }
    }
  ],
  "url": "https://smt.esante.gouv.fr/fhir/ValueSet/1.2.250.1.213.1.1.5.220",
  "identifier": [
    {
      "system": "urn:ietf:rfc:3986",
      "value": "urn:oid:1.2.250.1.213.1.1.5.220"
    }
  ],
  "version": "20231114000000",
  "name": "JDV_ComplicationThromboembolique_CISIS",
  "title": "JDV_ComplicationThromboembolique_CISIS",
  "status": "active",
  "experimental": false,
  "date": "2023-11-14T00:00:00+01:00",
  "publisher": "Agence du Numérique en Santé(ANS) -2 - 10 Rue d'Oradour-sur-Glane, 75015 Paris",
  "description": "JDV_ComplicationThromboembolique_CISIS",
  "compose": {
    "include": [
      {
        "system": "http://terminology.hl7.org/CodeSystem/icd10",
        "concept": [
          {
            "code": "I26",
            "display": "Embolie pulmonaire"
          },
          {
            "code": "I80.2",
            "display": "Thrombose veineuse profonde"
          },
          {
            "code": "I82.9",
            "display": "Embolie et thrombose d'une veine non précisée"
          }
        ]
      }
    ]
  }
}