{
  "resourceType": "ValueSet",
  "id": "1.2.250.1.213.1.1.5.159",
  "meta": {
    "profile": [
      "http://hl7.org/fhir/StructureDefinition/shareablevalueset"
    ]
  },
  "extension": [
    {
      "url": "http://hl7.org/fhir/StructureDefinition/resource-effectivePeriod",
      "valuePeriod": {
        "start": "2021-03-15T00:00:00+01:00"
      }
    }
  ],
  "url": "https://smt.esante.gouv.fr/fhir/ValueSet/1.2.250.1.213.1.1.5.159",
  "identifier": [
    {
      "system": "urn:ietf:rfc:3986",
      "value": "urn:oid:1.2.250.1.213.1.1.5.159"
    }
  ],
  "version": "20231114000000",
  "name": "JDV_AutresSymptomesAVC_CISIS",
  "title": "JDV_AutresSymptomesAVC_CISIS",
  "status": "active",
  "experimental": false,
  "date": "2023-11-14T00:00:00+01:00",
  "publisher": "Agence du Numérique en Santé(ANS) -2 - 10 Rue d'Oradour-sur-Glane, 75015 Paris",
  "description": "JDV_AutresSymptomesAVC_CISIS",
  "compose": {
    "include": [
      {
        "system": "http://terminology.hl7.org/CodeSystem/icd10",
        "concept": [
          {
            "code": "Y06.9",
            "display": "Délaissement et abandon par une personne non précisée"
          },
          {
            "code": "G44",
            "display": "Autres syndromes d'algies céphaliques"
          },
          {
            "code": "R41.8",
            "display": "Symptômes et signes relatifs aux fonctions cognitives et à la conscience, autres et non précisés"
          },
          {
            "code": "R41.0",
            "display": "Désorientation, sans précision"
          },
          {
            "code": "R47.02",
            "display": "Aphasie, autre et sans précision"
          },
          {
            "code": "R47.1",
            "display": "Dysarthrie et anarthrie"
          },
          {
            "code": "G90.9",
            "display": "Affection du système nerveux autonome, sans précision"
          }
        ]
      },
      {
        "system": "http://snomed.info/sct",
        "concept": [
          {
            "code": "61683000",
            "display": "drop attack"
          },
          {
            "code": "399090003",
            "display": "vertige subjectif"
          },
          {
            "code": "88052002",
            "display": "mutisme"
          }
        ]
      }
    ]
  }
}