{
  "resourceType": "ValueSet",
  "id": "1.2.250.1.213.1.1.5.40",
  "meta": {
    "profile": [
      "http://hl7.org/fhir/StructureDefinition/shareablevalueset"
    ]
  },
  "extension": [
    {
      "url": "http://hl7.org/fhir/StructureDefinition/resource-effectivePeriod",
      "valuePeriod": {
        "start": "2021-03-15T00:00:00+01:00"
      }
    }
  ],
  "url": "https://smt.esante.gouv.fr/fhir/ValueSet/1.2.250.1.213.1.1.5.40",
  "identifier": [
    {
      "system": "urn:ietf:rfc:3986",
      "value": "urn:oid:1.2.250.1.213.1.1.5.40"
    }
  ],
  "version": "20241011000000",
  "name": "JDV_ContexteActivite_CISIS",
  "title": "JDV_ContexteActivite_CISIS",
  "status": "active",
  "experimental": false,
  "date": "2024-10-11T00:00:00+01:00",
  "publisher": "Agence du Numérique en Santé(ANS) -2 - 10 Rue d'Oradour-sur-Glane, 75015 Paris",
  "description": "JDV_ContexteActivite_CISIS",
  "compose": {
    "include": [
      {
        "system": "https://smt.esante.gouv.fr/fhir/CodeSystem/1.2.250.1.213.1.1.4.322",
        "concept": [
          {
            "code": "GEN-092.05.04",
            "display": "Autre contexte"
          },
          {
            "code": "MED-095",
            "display": "Avis d'expertise sur un dossier"
          },
          {
            "code": "MED-096",
            "display": "Téléconsultation"
          },
          {
            "code": "ORG-045",
            "display": "Hospitalisation traditionnelle"
          },
          {
            "code": "ORG-028",
            "display": "Consultation pluridisciplinaire"
          },
          {
            "code": "ORG-029",
            "display": "Avis sur dossier en consultation"
          },
          {
            "code": "ORG-030",
            "display": "Avis en salle"
          },
          {
            "code": "ORG-198",
            "display": "RCP régionale ou locale - centre organisateur"
          },
          {
            "code": "ORG-199",
            "display": "RCP nationale ou européenne - centre participatif"
          }
        ]
      },
      {
        "system": "https://mos.esante.gouv.fr/NOS/TRE_R213-ModePriseEnCharge/FHIR/TRE-R213-ModePriseEnCharge",
        "concept": [
          {
            "code": "29",
            "display": "Hospitalisation de jour (HJ)"
          }
        ]
      },
      {
        "system": "http://snomed.info/sct",
        "concept": [
          {
            "code": "11429006",
            "display": "Consultation"
          }
        ]
      }
    ]
  }
}