{
  "resourceType": "ValueSet",
  "id": "1.2.250.1.213.1.1.5.804",
  "meta": {
    "profile": [
      "http://hl7.org/fhir/StructureDefinition/shareablevalueset"
    ]
  },
  "extension": [
    {
      "url": "http://hl7.org/fhir/StructureDefinition/resource-effectivePeriod",
      "valuePeriod": {
        "start": "2021-03-15T00:00:00+01:00"
      }
    }
  ],
  "url": "https://smt.esante.gouv.fr/fhir/ValueSet/1.2.250.1.213.1.1.5.804",
  "identifier": [
    {
      "system": "urn:ietf:rfc:3986",
      "value": "urn:oid:1.2.250.1.213.1.1.5.804"
    }
  ],
  "version": "20240906000000",
  "name": "JDV_EvaluationSSIAD_CISIS",
  "title": "JDV_EvaluationSSIAD_CISIS",
  "status": "active",
  "experimental": false,
  "date": "2024-09-06T00:00:00+01:00",
  "publisher": "Agence du Numérique en Santé(ANS) -2 - 10 Rue d'Oradour-sur-Glane, 75015 Paris",
  "description": "JDV_EvaluationSSIAD_CISIS",
  "compose": {
    "include": [
      {
        "system": "http://terminology.hl7.org/CodeSystem/icd10",
        "concept": [
          {
            "code": "R32",
            "display": "Incontinence urinaire, sans précision"
          },
          {
            "code": "R15",
            "display": "Incontinence des matières fécales"
          },
          {
            "code": "E66.9",
            "display": "Obésité, sans précision"
          },
          {
            "code": "F06.7",
            "display": "Trouble cognitif léger"
          },
          {
            "code": "F69",
            "display": "Trouble de la personnalité et du comportement chez l'adulte, sans précision"
          }
        ]
      },
      {
        "system": "https://smt.esante.gouv.fr/fhir/CodeSystem/1.2.250.1.213.1.1.4.322",
        "concept": [
          {
            "code": "MED-1294",
            "display": "Soins IDE pour escarres et autres plaies chroniques"
          },
          {
            "code": "MED-1295",
            "display": "Prise en charge IDE du diabète insulinotraité"
          },
          {
            "code": "GEN-365",
            "display": "Aucun de ces motifs"
          }
        ]
      }
    ]
  }
}