{
  "resourceType": "ValueSet",
  "id": "1.2.250.1.213.1.1.5.245",
  "meta": {
    "profile": [
      "http://hl7.org/fhir/StructureDefinition/shareablevalueset"
    ]
  },
  "extension": [
    {
      "url": "http://hl7.org/fhir/StructureDefinition/resource-effectivePeriod",
      "valuePeriod": {
        "start": "2021-03-15T00:00:00+01:00"
      }
    }
  ],
  "url": "https://smt.esante.gouv.fr/fhir/ValueSet/1.2.250.1.213.1.1.5.245",
  "identifier": [
    {
      "system": "urn:ietf:rfc:3986",
      "value": "urn:oid:1.2.250.1.213.1.1.5.245"
    }
  ],
  "version": "20230404000000",
  "name": "JDV_Col_Uterus_Type_histologique_lesion_CISIS",
  "title": "JDV_Col_Uterus_Type_histologique_lesion_CISIS",
  "status": "retired",
  "experimental": false,
  "date": "2023-04-04T00:00:00+01:00",
  "publisher": "Agence du Numérique en Santé(ANS) -2 - 10 Rue d'Oradour-sur-Glane, 75015 Paris",
  "description": "JDV_Col_Uterus_Type_histologique_lesion_CISIS",
  "compose": {
    "include": [
      {
        "system": "1.3.6.1.4.1.19376.1.8.2.1",
        "concept": [
          {
            "code": "1455",
            "display": "Inflammation"
          },
          {
            "code": "1456",
            "display": "Modification réactionnelle en relation avec trichomonas vaginalis"
          },
          {
            "code": "1457",
            "display": "Modification réactionnelle en relation avec des éléments mycéliens, par exemple évoquant le Candida"
          },
          {
            "code": "1458",
            "display": "Anomalies de la flore vaginale évoquant une vaginose bactérienne"
          },
          {
            "code": "1459",
            "display": "Modification réactionnelle en relation avec des bactéries de type Actinomyces"
          },
          {
            "code": "1460",
            "display": "Modification réactionnelle en relation avec Herpes simplex"
          },
          {
            "code": "1461",
            "display": "Modification réactionnelle en relation avec une irradiation"
          },
          {
            "code": "1462",
            "display": "Modification réactionnelle en relation avec la présence d’un dispositif intra-utérin"
          },
          {
            "code": "1463",
            "display": "Présence de cellules glandulaires bénignes post-hystérectomie"
          },
          {
            "code": "1464",
            "display": "Atrophie"
          }
        ]
      }
    ]
  }
}