{
  "resourceType": "ValueSet",
  "id": "1.2.250.1.213.1.1.5.210",
  "meta": {
    "profile": [
      "http://hl7.org/fhir/StructureDefinition/shareablevalueset"
    ]
  },
  "extension": [
    {
      "url": "http://hl7.org/fhir/StructureDefinition/resource-effectivePeriod",
      "valuePeriod": {
        "start": "2021-03-15T00:00:00+01:00"
      }
    }
  ],
  "url": "https://smt.esante.gouv.fr/fhir/ValueSet/1.2.250.1.213.1.1.5.210",
  "identifier": [
    {
      "system": "urn:ietf:rfc:3986",
      "value": "urn:oid:1.2.250.1.213.1.1.5.210"
    }
  ],
  "version": "20240716000000",
  "name": "JDV_ArtereCervelet_CISIS",
  "title": "JDV_ArtereCervelet_CISIS",
  "status": "active",
  "experimental": false,
  "date": "2024-07-16T00:00:00+01:00",
  "publisher": "Agence du Numérique en Santé(ANS) -2 - 10 Rue d'Oradour-sur-Glane, 75015 Paris",
  "description": "JDV_ArtereCervelet_CISIS",
  "compose": {
    "include": [
      {
        "system": "https://smt.esante.gouv.fr/fhir/CodeSystem/1.2.250.1.213.1.1.4.322",
        "concept": [
          {
            "code": "MED-489",
            "display": "Artère cérébelleuse inférieure (ACI)"
          }
        ]
      },
      {
        "system": "http://snomed.info/sct",
        "concept": [
          {
            "code": "17232002",
            "display": "artère cérébrale moyenne"
          },
          {
            "code": "51691006",
            "display": "artère cérébelleuse supérieure"
          },
          {
            "code": "38608005",
            "display": "artère cérébelleuse"
          }
        ]
      }
    ]
  }
}