{
  "resourceType": "ValueSet",
  "id": "1.2.250.1.213.1.1.5.543",
  "meta": {
    "profile": [
      "http://hl7.org/fhir/StructureDefinition/shareablevalueset"
    ]
  },
  "extension": [
    {
      "url": "http://hl7.org/fhir/StructureDefinition/resource-effectivePeriod",
      "valuePeriod": {
        "start": "2021-03-15T00:00:00+01:00"
      }
    }
  ],
  "url": "https://smt.esante.gouv.fr/fhir/ValueSet/1.2.250.1.213.1.1.5.543",
  "identifier": [
    {
      "system": "urn:ietf:rfc:3986",
      "value": "urn:oid:1.2.250.1.213.1.1.5.543"
    }
  ],
  "version": "20230404000000",
  "name": "JDV_ExamenMicroscopiqueTumeurNiveauInfiltration_CISIS",
  "title": "JDV_ExamenMicroscopiqueTumeurNiveauInfiltration_CISIS",
  "status": "retired",
  "experimental": false,
  "date": "2023-04-04T00:00:00+01:00",
  "publisher": "Agence du Numérique en Santé(ANS) -2 - 10 Rue d'Oradour-sur-Glane, 75015 Paris",
  "description": "JDV_ExamenMicroscopiqueTumeurNiveauInfiltration_CISIS",
  "compose": {
    "include": [
      {
        "system": "https://smt.esante.gouv.fr/terminologie-ncit",
        "concept": [
          {
            "code": "C13056",
            "display": "Musculeuse"
          },
          {
            "code": "C13166",
            "display": "Muqueuse"
          },
          {
            "code": "C13167",
            "display": "Sous-muqueuse"
          },
          {
            "code": "C13807",
            "display": "Intra-épithéliale"
          },
          {
            "code": "C33880",
            "display": "Surface du péritoine viscéral"
          },
          {
            "code": "C94494",
            "display": "Sous-séreuse"
          }
        ]
      },
      {
        "system": "https://smt.esante.gouv.fr/fhir/CodeSystem/1.2.250.1.213.1.1.4.322",
        "concept": [
          {
            "code": "MED-725",
            "display": "Graisse péri-rectale"
          },
          {
            "code": "MED-727",
            "display": "Organe(s) adjacent(s)"
          }
        ]
      }
    ]
  }
}