{
  "resourceType": "ValueSet",
  "id": "1.2.250.1.213.1.1.5.31",
  "meta": {
    "profile": [
      "http://hl7.org/fhir/StructureDefinition/shareablevalueset"
    ]
  },
  "extension": [
    {
      "url": "http://hl7.org/fhir/StructureDefinition/resource-effectivePeriod",
      "valuePeriod": {
        "start": "2021-03-15T00:00:00+01:00"
      }
    }
  ],
  "url": "https://smt.esante.gouv.fr/fhir/ValueSet/1.2.250.1.213.1.1.5.31",
  "identifier": [
    {
      "system": "urn:ietf:rfc:3986",
      "value": "urn:oid:1.2.250.1.213.1.1.5.31"
    }
  ],
  "version": "20230803000000",
  "name": "JDV_ExamensRealises_CISIS",
  "title": "JDV_ExamensRealises_CISIS",
  "status": "active",
  "experimental": false,
  "date": "2023-08-03T00:00:00+01:00",
  "publisher": "Agence du Numérique en Santé(ANS) -2 - 10 Rue d'Oradour-sur-Glane, 75015 Paris",
  "description": "JDV_ExamensRealises_CISIS",
  "compose": {
    "include": [
      {
        "system": "https://smt.esante.gouv.fr/fhir/CodeSystem/1.2.250.1.213.1.1.4.322",
        "concept": [
          {
            "code": "MED-034",
            "display": "Agrandissement"
          }
        ]
      },
      {
        "system": "http://snomed.info/sct",
        "concept": [
          {
            "code": "387736007",
            "display": "ponction à l'aiguille fine du sein"
          },
          {
            "code": "16310003",
            "display": "échographie"
          }
        ]
      }
    ]
  }
}