{
  "resourceType": "ValueSet",
  "id": "1.2.250.1.213.1.1.5.281",
  "meta": {
    "profile": [
      "http://hl7.org/fhir/StructureDefinition/shareablevalueset"
    ]
  },
  "extension": [
    {
      "url": "http://hl7.org/fhir/StructureDefinition/resource-effectivePeriod",
      "valuePeriod": {
        "start": "2021-03-15T00:00:00+01:00"
      }
    }
  ],
  "url": "https://smt.esante.gouv.fr/fhir/ValueSet/1.2.250.1.213.1.1.5.281",
  "identifier": [
    {
      "system": "urn:ietf:rfc:3986",
      "value": "urn:oid:1.2.250.1.213.1.1.5.281"
    }
  ],
  "version": "20230404000000",
  "name": "JDV_Foie_Observation_anatomie_pathologique_CISIS",
  "title": "JDV_Foie_Observation_anatomie_pathologique_CISIS",
  "status": "retired",
  "experimental": false,
  "date": "2023-04-04T00:00:00+01:00",
  "publisher": "Agence du Numérique en Santé(ANS) -2 - 10 Rue d'Oradour-sur-Glane, 75015 Paris",
  "description": "JDV_Foie_Observation_anatomie_pathologique_CISIS",
  "compose": {
    "include": [
      {
        "system": "1.3.6.1.4.1.19376.1.8.2.1",
        "concept": [
          {
            "code": "194",
            "display": "Foie - Atteinte des limites de résection par la tumeur maligne invasive"
          },
          {
            "code": "195",
            "display": "Foie - Distance tumeur maligne invasive/plus proche limite de résection"
          },
          {
            "code": "196",
            "display": "Foie - Emboles vasculaires"
          },
          {
            "code": "197",
            "display": "Foie - Extension microscopique et macroscopique de la tumeur"
          },
          {
            "code": "198",
            "display": "Foie - Infiltration péri-nerveuse"
          },
          {
            "code": "199",
            "display": "Foie - Localisation de la tumeur dans l'organe"
          },
          {
            "code": "200",
            "display": "Foie - Localisation de(s) limite(s) de résection"
          },
          {
            "code": "201",
            "display": "Foie - Nombre de ganglion(s) envahi(s)"
          },
          {
            "code": "202",
            "display": "Foie - Nombre de ganglion(s) examiné(s)"
          },
          {
            "code": "203",
            "display": "Foie - Organe-region-prelevement-CISIS"
          },
          {
            "code": "204",
            "display": "Foie - pN"
          },
          {
            "code": "205",
            "display": "Foie - Procédure de prélèvement"
          },
          {
            "code": "206",
            "display": "Foie - pT"
          },
          {
            "code": "207",
            "display": "Foie - Taille de tumeur maligne invasive (plus grande dimension)"
          },
          {
            "code": "208",
            "display": "Foie - Type-histologique-lesion-neoplasique-maligne-invasive-CISIS"
          }
        ]
      }
    ]
  }
}