{
  "resourceType": "ValueSet",
  "id": "1.2.250.1.213.1.1.5.111",
  "meta": {
    "profile": [
      "http://hl7.org/fhir/StructureDefinition/shareablevalueset"
    ]
  },
  "extension": [
    {
      "url": "http://hl7.org/fhir/StructureDefinition/resource-effectivePeriod",
      "valuePeriod": {
        "start": "2021-03-15T00:00:00+01:00"
      }
    }
  ],
  "url": "https://smt.esante.gouv.fr/fhir/ValueSet/1.2.250.1.213.1.1.5.111",
  "identifier": [
    {
      "system": "urn:ietf:rfc:3986",
      "value": "urn:oid:1.2.250.1.213.1.1.5.111"
    }
  ],
  "version": "20230206000000",
  "name": "JDV_DateCons_CISIS",
  "title": "JDV_DateCons_CISIS",
  "status": "active",
  "experimental": false,
  "date": "2023-02-06T00:00:00+01:00",
  "publisher": "Agence du Numérique en Santé(ANS) -2 - 10 Rue d'Oradour-sur-Glane, 75015 Paris",
  "description": "JDV_DateCons_CISIS",
  "compose": {
    "include": [
      {
        "system": "https://smt.esante.gouv.fr/fhir/CodeSystem/1.2.250.1.213.1.1.4.322",
        "concept": [
          {
            "code": "GEN-109",
            "display": "Non suivie"
          }
        ]
      },
      {
        "system": "http://snomed.info/sct",
        "concept": [
          {
            "code": "57630001",
            "display": "premier trimestre de la grossesse"
          },
          {
            "code": "59466002",
            "display": "deuxième trimestre de la grossesse"
          },
          {
            "code": "41587001",
            "display": "troisième trimestre de la grossesse"
          }
        ]
      }
    ]
  }
}