{
  "resourceType": "ValueSet",
  "id": "1.2.250.1.213.1.1.5.276",
  "meta": {
    "profile": [
      "http://hl7.org/fhir/StructureDefinition/shareablevalueset"
    ]
  },
  "extension": [
    {
      "url": "http://hl7.org/fhir/StructureDefinition/resource-effectivePeriod",
      "valuePeriod": {
        "start": "2021-03-15T00:00:00+01:00"
      }
    }
  ],
  "url": "https://smt.esante.gouv.fr/fhir/ValueSet/1.2.250.1.213.1.1.5.276",
  "identifier": [
    {
      "system": "urn:ietf:rfc:3986",
      "value": "urn:oid:1.2.250.1.213.1.1.5.276"
    }
  ],
  "version": "20230404000000",
  "name": "JDV_Estomac_pT_CISIS",
  "title": "JDV_Estomac_pT_CISIS",
  "status": "retired",
  "experimental": false,
  "date": "2023-04-04T00:00:00+01:00",
  "publisher": "Agence du Numérique en Santé(ANS) -2 - 10 Rue d'Oradour-sur-Glane, 75015 Paris",
  "description": "JDV_Estomac_pT_CISIS",
  "compose": {
    "include": [
      {
        "system": "1.3.6.1.4.1.19376.1.8.2.1",
        "concept": [
          {
            "code": "827",
            "display": "pT0: No evidence of primary tumor"
          },
          {
            "code": "828",
            "display": "pTis: Carcinoma in situ"
          },
          {
            "code": "829",
            "display": "pT1: Tumor invades lamina propria, muscularis mucosae, or submucosa"
          },
          {
            "code": "830",
            "display": "pT1a: Tumor invades lamina propria or muscularis mucosae"
          },
          {
            "code": "831",
            "display": "pT1b: Tumor invades submucosa"
          },
          {
            "code": "832",
            "display": "pT2: Tumor invades muscularis propria"
          },
          {
            "code": "833",
            "display": "pT3: Tumor invades subserosal connective tissue, without involvement of visceral peritoneum or adjacent structures"
          },
          {
            "code": "834",
            "display": "pT4: Tumor involves serosa (visceral peritoneum) or adjacent structures"
          },
          {
            "code": "835",
            "display": "pT4a: Tumor invades serosa (visceral peritoneum)"
          },
          {
            "code": "836",
            "display": "pT4b: Tumor invades adjacent structures"
          }
        ]
      }
    ]
  }
}