{
  "resourceType": "ValueSet",
  "id": "1.2.250.1.213.1.1.5.678",
  "meta": {
    "profile": [
      "http://hl7.org/fhir/StructureDefinition/shareablevalueset"
    ]
  },
  "extension": [
    {
      "url": "http://hl7.org/fhir/StructureDefinition/resource-effectivePeriod",
      "valuePeriod": {
        "start": "2021-03-15T00:00:00+01:00"
      }
    }
  ],
  "url": "https://smt.esante.gouv.fr/fhir/ValueSet/1.2.250.1.213.1.1.5.678",
  "identifier": [
    {
      "system": "urn:ietf:rfc:3986",
      "value": "urn:oid:1.2.250.1.213.1.1.5.678"
    }
  ],
  "version": "20240513000000",
  "name": "JDV_FacteursDeRiquesAVC_CISIS",
  "title": "JDV_FacteursDeRiquesAVC_CISIS",
  "status": "active",
  "experimental": false,
  "date": "2024-05-13T00:00:00+01:00",
  "publisher": "Agence du Numérique en Santé(ANS) -2 - 10 Rue d'Oradour-sur-Glane, 75015 Paris",
  "description": "JDV_FacteursDeRiquesAVC_CISIS",
  "compose": {
    "include": [
      {
        "system": "http://terminology.hl7.org/CodeSystem/icd10",
        "concept": [
          {
            "code": "I10",
            "display": "Hypertension essentielle (primitive)"
          },
          {
            "code": "E14",
            "display": "Diabète sucré, sans précision"
          },
          {
            "code": "E66.9",
            "display": "Obésité, sans précision"
          },
          {
            "code": "F17",
            "display": "Troubles mentaux et du comportement liés à l'utilisation de tabac"
          },
          {
            "code": "E78",
            "display": "Anomalies du métabolisme des lipoprotéines et autres lipidémies"
          }
        ]
      },
      {
        "system": "https://smt.esante.gouv.fr/fhir/CodeSystem/1.2.250.1.213.1.1.4.322",
        "concept": [
          {
            "code": "MED-325",
            "display": "Risque de récidive"
          }
        ]
      }
    ]
  }
}