{
  "resourceType": "ValueSet",
  "id": "1.2.250.1.213.1.1.5.119",
  "meta": {
    "profile": [
      "http://hl7.org/fhir/StructureDefinition/shareablevalueset"
    ]
  },
  "extension": [
    {
      "url": "http://hl7.org/fhir/StructureDefinition/resource-effectivePeriod",
      "valuePeriod": {
        "start": "2021-03-15T00:00:00+01:00"
      }
    }
  ],
  "url": "https://smt.esante.gouv.fr/fhir/ValueSet/1.2.250.1.213.1.1.5.119",
  "identifier": [
    {
      "system": "urn:ietf:rfc:3986",
      "value": "urn:oid:1.2.250.1.213.1.1.5.119"
    }
  ],
  "version": "20231231000000",
  "name": "JDV_CertitudeDiagnostic_CISIS",
  "title": "JDV_CertitudeDiagnostic_CISIS",
  "status": "retired",
  "experimental": false,
  "date": "2023-12-31T00:00:00+01:00",
  "publisher": "Agence du Numérique en Santé(ANS) -2 - 10 Rue d'Oradour-sur-Glane, 75015 Paris",
  "description": "JDV_CertitudeDiagnostic_CISIS",
  "compose": {
    "include": [
      {
        "system": "1.2.250.1.213.2.12",
        "concept": [
          {
            "code": "G-2001",
            "display": "Suspectée"
          },
          {
            "code": "G-2002",
            "display": "Probable"
          },
          {
            "code": "G-A204",
            "display": "Absente"
          },
          {
            "code": "G-A647",
            "display": "Certaine"
          }
        ]
      }
    ]
  }
}