{
  "resourceType": "ValueSet",
  "id": "1.2.250.1.213.1.1.5.742",
  "meta": {
    "profile": [
      "http://hl7.org/fhir/StructureDefinition/shareablevalueset"
    ]
  },
  "extension": [
    {
      "url": "http://hl7.org/fhir/StructureDefinition/resource-effectivePeriod",
      "valuePeriod": {
        "start": "2021-03-15T00:00:00+01:00"
      }
    }
  ],
  "url": "https://smt.esante.gouv.fr/fhir/ValueSet/1.2.250.1.213.1.1.5.742",
  "identifier": [
    {
      "system": "urn:ietf:rfc:3986",
      "value": "urn:oid:1.2.250.1.213.1.1.5.742"
    }
  ],
  "version": "20231127000000",
  "name": "JDV_ComplicationsAnesthesie_CISIS",
  "title": "JDV_ComplicationsAnesthesie_CISIS",
  "status": "retired",
  "experimental": false,
  "date": "2023-11-27T00:00:00+01:00",
  "publisher": "Agence du Numérique en Santé(ANS) -2 - 10 Rue d'Oradour-sur-Glane, 75015 Paris",
  "description": "JDV_ComplicationsAnesthesie_CISIS",
  "compose": {
    "include": [
      {
        "system": "http://terminology.hl7.org/CodeSystem/icd10",
        "concept": [
          {
            "code": "I95.9",
            "display": "Hypotension, sans précision"
          },
          {
            "code": "O74.0",
            "display": "Syndrome de Mendelson dû à anesthésie au cours du travail et de l'accouchement"
          },
          {
            "code": "O74.1",
            "display": "Autres complications pulmonaires de l'anesthésie au cours du travail et de l'accouchement"
          },
          {
            "code": "O74.2",
            "display": "Complications cardiaques de l'anesthésie au cours du travail et de l'accouchement"
          },
          {
            "code": "O74.3",
            "display": "Complications intéressant le système nerveux central dues à l'anesthésie au cours du travail et de l'accouchement"
          },
          {
            "code": "O74.4",
            "display": "Réaction toxique à une anesthésie locale au cours du travail et de l'accouchement"
          },
          {
            "code": "O74.5",
            "display": "Céphalée provoquée par une rachianesthésie et une anesthésie épidurale au cours du travail et de l'accouchement"
          },
          {
            "code": "O74.6",
            "display": "Autres complications d'une rachianesthésie et d'une anesthésie épidurale au cours du travail et de l'accouchement"
          },
          {
            "code": "O74.7",
            "display": "Échec ou difficulté d'intubation au cours du travail et de l'accouchement"
          },
          {
            "code": "O74.8",
            "display": "Autres complications de l'anesthésie au cours du travail et de l'accouchement"
          }
        ]
      },
      {
        "system": "1.2.250.1.213.2.12",
        "concept": [
          {
            "code": "D3-04000",
            "display": "Lésion"
          }
        ]
      }
    ]
  }
}