{
  "resourceType": "ValueSet",
  "id": "1.2.250.1.213.1.1.5.237",
  "meta": {
    "profile": [
      "http://hl7.org/fhir/StructureDefinition/shareablevalueset"
    ]
  },
  "extension": [
    {
      "url": "http://hl7.org/fhir/StructureDefinition/resource-effectivePeriod",
      "valuePeriod": {
        "start": "2021-03-15T00:00:00+01:00"
      }
    }
  ],
  "url": "https://smt.esante.gouv.fr/fhir/ValueSet/1.2.250.1.213.1.1.5.237",
  "identifier": [
    {
      "system": "urn:ietf:rfc:3986",
      "value": "urn:oid:1.2.250.1.213.1.1.5.237"
    }
  ],
  "version": "20230404000000",
  "name": "JDV_Col_Uterus_Localisation_ganglions_CISIS",
  "title": "JDV_Col_Uterus_Localisation_ganglions_CISIS",
  "status": "retired",
  "experimental": false,
  "date": "2023-04-04T00:00:00+01:00",
  "publisher": "Agence du Numérique en Santé(ANS) -2 - 10 Rue d'Oradour-sur-Glane, 75015 Paris",
  "description": "JDV_Col_Uterus_Localisation_ganglions_CISIS",
  "compose": {
    "include": [
      {
        "system": "1.3.6.1.4.1.19376.1.8.2.1",
        "concept": [
          {
            "code": "529",
            "display": "Sentinelle"
          },
          {
            "code": "530",
            "display": "Régionaux"
          },
          {
            "code": "531",
            "display": "Non régionaux"
          }
        ]
      }
    ]
  }
}