{
  "resourceType": "ValueSet",
  "id": "1.2.250.1.213.1.1.5.208",
  "meta": {
    "profile": [
      "http://hl7.org/fhir/StructureDefinition/shareablevalueset"
    ]
  },
  "extension": [
    {
      "url": "http://hl7.org/fhir/StructureDefinition/resource-effectivePeriod",
      "valuePeriod": {
        "start": "2021-03-15T00:00:00+01:00"
      }
    }
  ],
  "url": "https://smt.esante.gouv.fr/fhir/ValueSet/1.2.250.1.213.1.1.5.208",
  "identifier": [
    {
      "system": "urn:ietf:rfc:3986",
      "value": "urn:oid:1.2.250.1.213.1.1.5.208"
    }
  ],
  "version": "20230707000000",
  "name": "JDV_ArtereAnt_CISIS",
  "title": "JDV_ArtereAnt_CISIS",
  "status": "active",
  "experimental": false,
  "date": "2023-07-07T00:00:00+01:00",
  "publisher": "Agence du Numérique en Santé(ANS) -2 - 10 Rue d'Oradour-sur-Glane, 75015 Paris",
  "description": "JDV_ArtereAnt_CISIS",
  "compose": {
    "include": [
      {
        "system": "https://smt.esante.gouv.fr/fhir/CodeSystem/1.2.250.1.213.1.1.4.322",
        "concept": [
          {
            "code": "MED-459",
            "display": "Artère cérébrale antérieure territoire superficiel"
          },
          {
            "code": "MED-460",
            "display": "Artère cérébrale antérieure territoire profond"
          },
          {
            "code": "MED-462",
            "display": "Artère cérébrale moyenne territoire superficiel"
          },
          {
            "code": "MED-463",
            "display": "Artère cérébrale moyenne territoire profond"
          }
        ]
      },
      {
        "system": "http://snomed.info/sct",
        "concept": [
          {
            "code": "8752000",
            "display": "portion caverneuse de l'artère carotide interne"
          },
          {
            "code": "60176003",
            "display": "artère cérébrale antérieure"
          },
          {
            "code": "17232002",
            "display": "artère cérébrale moyenne"
          },
          {
            "code": "59920002",
            "display": "artère choroïdienne antérieure"
          }
        ]
      }
    ]
  }
}