{
  "resourceType": "ValueSet",
  "id": "1.2.250.1.213.1.1.5.238",
  "meta": {
    "profile": [
      "http://hl7.org/fhir/StructureDefinition/shareablevalueset"
    ]
  },
  "extension": [
    {
      "url": "http://hl7.org/fhir/StructureDefinition/resource-effectivePeriod",
      "valuePeriod": {
        "start": "2021-03-15T00:00:00+01:00"
      }
    }
  ],
  "url": "https://smt.esante.gouv.fr/fhir/ValueSet/1.2.250.1.213.1.1.5.238",
  "identifier": [
    {
      "system": "urn:ietf:rfc:3986",
      "value": "urn:oid:1.2.250.1.213.1.1.5.238"
    }
  ],
  "version": "20230404000000",
  "name": "JDV_Col_Uterus_Observation_anatomie_pathologique_CISIS",
  "title": "JDV_Col_Uterus_Observation_anatomie_pathologique_CISIS",
  "status": "retired",
  "experimental": false,
  "date": "2023-04-04T00:00:00+01:00",
  "publisher": "Agence du Numérique en Santé(ANS) -2 - 10 Rue d'Oradour-sur-Glane, 75015 Paris",
  "description": "JDV_Col_Uterus_Observation_anatomie_pathologique_CISIS",
  "compose": {
    "include": [
      {
        "system": "1.3.6.1.4.1.19376.1.8.2.1",
        "concept": [
          {
            "code": "44",
            "display": "Col utérus - Invasion de la capsule"
          },
          {
            "code": "73",
            "display": "Col utérus - Grade histologique (FIGO)"
          },
          {
            "code": "120",
            "display": "Col utérus - Atteinte des limites de résection par la tumeur in situ"
          },
          {
            "code": "121",
            "display": "Col utérus - Atteinte des limites de résection par la tumeur maligne invasive"
          },
          {
            "code": "122",
            "display": "Col utérus - Distance tumeur in situ (carcinome in situ)/plus proche limite de résection"
          },
          {
            "code": "123",
            "display": "Col utérus - Distance tumeur maligne invasive/plus proche limite de résection"
          },
          {
            "code": "124",
            "display": "Col utérus - Emboles vasculaires"
          },
          {
            "code": "125",
            "display": "Col utérus - Exerèse ganglionnaire"
          },
          {
            "code": "126",
            "display": "Col utérus - Extension microscopique et macroscopique de la tumeur"
          },
          {
            "code": "127",
            "display": "Col utérus - Identification de micro-organisme"
          },
          {
            "code": "128",
            "display": "Col utérus - Localisation de la tumeur dans l'organe"
          },
          {
            "code": "129",
            "display": "Col utérus - Localisation de(s) ganglion(s)"
          },
          {
            "code": "130",
            "display": "Col utérus - Nombre de ganglion(s) envahi(s)"
          },
          {
            "code": "131",
            "display": "Col utérus - Nombre de ganglion(s) examiné(s)"
          },
          {
            "code": "132",
            "display": "Col utérus - Organe-region-prelevement-CISIS"
          },
          {
            "code": "133",
            "display": "Col utérus - pN"
          },
          {
            "code": "134",
            "display": "Col utérus - Procédure de prélèvement"
          },
          {
            "code": "135",
            "display": "Col utérus - pT"
          },
          {
            "code": "136",
            "display": "Col utérus - Taille de tumeur maligne invasive (plus grande dimension)"
          },
          {
            "code": "137",
            "display": "Col utérus - Type cytologique de lésion néoplasique in situ"
          },
          {
            "code": "138",
            "display": "Col utérus - Type cytologique de lésion néoplasique maligne invasive"
          },
          {
            "code": "139",
            "display": "Col utérus - Type histologique de lésion"
          },
          {
            "code": "140",
            "display": "Col utérus - Type histologique de lésion néoplasique in situ"
          },
          {
            "code": "141",
            "display": "Col utérus - Type-histologique-lesion-neoplasique-maligne-invasive-CISIS"
          },
          {
            "code": "142",
            "display": "Col utérus - Type histologique de tumeur bénigne"
          },
          {
            "code": "143",
            "display": "Col utérus - Type histologique non lésionnel"
          }
        ]
      }
    ]
  }
}