{
  "resourceType": "ValueSet",
  "id": "1.2.250.1.213.1.1.5.279",
  "meta": {
    "profile": [
      "http://hl7.org/fhir/StructureDefinition/shareablevalueset"
    ]
  },
  "extension": [
    {
      "url": "http://hl7.org/fhir/StructureDefinition/resource-effectivePeriod",
      "valuePeriod": {
        "start": "2021-03-15T00:00:00+01:00"
      }
    }
  ],
  "url": "https://smt.esante.gouv.fr/fhir/ValueSet/1.2.250.1.213.1.1.5.279",
  "identifier": [
    {
      "system": "urn:ietf:rfc:3986",
      "value": "urn:oid:1.2.250.1.213.1.1.5.279"
    }
  ],
  "version": "20230404000000",
  "name": "JDV_Foie_Localisation_tumeur_CISIS",
  "title": "JDV_Foie_Localisation_tumeur_CISIS",
  "status": "retired",
  "experimental": false,
  "date": "2023-04-04T00:00:00+01:00",
  "publisher": "Agence du Numérique en Santé(ANS) -2 - 10 Rue d'Oradour-sur-Glane, 75015 Paris",
  "description": "JDV_Foie_Localisation_tumeur_CISIS",
  "compose": {
    "include": [
      {
        "system": "1.3.6.1.4.1.19376.1.8.2.1",
        "concept": [
          {
            "code": "887",
            "display": "Foie (qualificateur: droit, gauche, bilatéral)"
          },
          {
            "code": "888",
            "display": "Segment I"
          },
          {
            "code": "889",
            "display": "Segment II"
          },
          {
            "code": "890",
            "display": "Segment III"
          },
          {
            "code": "891",
            "display": "Segment IV"
          },
          {
            "code": "892",
            "display": "Segment V"
          },
          {
            "code": "893",
            "display": "Segment VI"
          },
          {
            "code": "894",
            "display": "Segment VII"
          },
          {
            "code": "895",
            "display": "Segment VIII"
          }
        ]
      }
    ]
  }
}