{
  "resourceType": "ValueSet",
  "id": "1.2.250.1.213.1.1.4.2.281.25",
  "meta": {
    "profile": [
      "http://hl7.org/fhir/StructureDefinition/shareablevalueset"
    ]
  },
  "extension": [
    {
      "url": "http://hl7.org/fhir/StructureDefinition/resource-effectivePeriod",
      "valuePeriod": {
        "start": "2021-03-15T00:00:00+01:00"
      }
    }
  ],
  "url": "https://smt.esante.gouv.fr/fhir/ValueSet/1.2.250.1.213.1.1.4.2.281.25",
  "identifier": [
    {
      "system": "urn:ietf:rfc:3986",
      "value": "urn:oid:1.2.250.1.213.1.1.4.2.281.25"
    }
  ],
  "version": "20221231000000",
  "name": "JDV_ANRCPTumeur_CISIS",
  "title": "JDV_ANRCPTumeur_CISIS",
  "status": "retired",
  "experimental": false,
  "date": "2022-12-31T00:00:00+01:00",
  "publisher": "Agence du Numérique en Santé(ANS) -2 - 10 Rue d'Oradour-sur-Glane, 75015 Paris",
  "description": "JDV_ANRCPTumeur_CISIS",
  "compose": {
    "include": [
      {
        "system": "http://terminology.hl7.org/CodeSystem/icd10",
        "concept": [
          {
            "code": "B21.0",
            "display": "Maladie par VIH à l'origine d'un sarcome de Kaposi"
          },
          {
            "code": "B21.1",
            "display": "Maladie par VIH à l'origine d'un lymphome de Burkitt"
          },
          {
            "code": "B21.2",
            "display": "Maladie par VIH à l'origine d'autres lymphomes non hodgkiniens"
          },
          {
            "code": "B21.3",
            "display": "Maladie par VIH à l'origine d'autres tumeurs malignes des tissus lymphoïde, hématopoïétique et apparentés"
          },
          {
            "code": "C00",
            "display": "Tumeur maligne de la lèvre"
          },
          {
            "code": "C01",
            "display": "Tumeur maligne de la base de la langue"
          },
          {
            "code": "C02",
            "display": "Tumeur maligne de la langue, parties autres et non précisées"
          },
          {
            "code": "C03",
            "display": "Tumeur maligne de la gencive"
          },
          {
            "code": "C04",
            "display": "Tumeur maligne du plancher de la bouche"
          },
          {
            "code": "C05",
            "display": "Tumeur maligne du palais"
          },
          {
            "code": "C06",
            "display": "Tumeur maligne de la bouche, parties autres et non précisées"
          },
          {
            "code": "C07",
            "display": "Tumeur maligne de la glande parotide"
          },
          {
            "code": "C08",
            "display": "Tumeur maligne des glandes salivaires principales, autres et non précisées"
          },
          {
            "code": "C09",
            "display": "Tumeur maligne de l'amygdale"
          },
          {
            "code": "C10",
            "display": "Tumeur maligne de l'oropharynx"
          },
          {
            "code": "C11",
            "display": "Tumeur maligne du rhinopharynx"
          },
          {
            "code": "C12",
            "display": "Tumeur maligne du sinus piriforme"
          },
          {
            "code": "C13",
            "display": "Tumeur maligne de l'hypopharynx"
          },
          {
            "code": "C14.0",
            "display": "Tumeur maligne du pharynx, sans précision"
          },
          {
            "code": "C14.2",
            "display": "Tumeur maligne de l'anneau de Waldeyer"
          },
          {
            "code": "C14.8",
            "display": "Tumeur maligne à localisations contiguës de la lèvre, de la cavité buccale et du pharynx"
          },
          {
            "code": "C15",
            "display": "Tumeur maligne de l'oesophage"
          },
          {
            "code": "C16",
            "display": "Tumeur maligne de l'estomac"
          },
          {
            "code": "C17",
            "display": "Tumeur maligne de l'intestin grêle"
          },
          {
            "code": "C18",
            "display": "Tumeur maligne du côlon"
          },
          {
            "code": "C19",
            "display": "Tumeur maligne de la jonction recto-sigmoïdienne"
          },
          {
            "code": "C20",
            "display": "Tumeur maligne du rectum"
          },
          {
            "code": "C21",
            "display": "Tumeur maligne de l'anus et du canal anal"
          },
          {
            "code": "C22",
            "display": "Tumeur maligne du foie et des voies biliaires intrahépatiques"
          },
          {
            "code": "C23",
            "display": "Tumeur maligne de la vésicule biliaire"
          },
          {
            "code": "C24",
            "display": "Tumeurs malignes des voies biliaires, autres et non précisées"
          },
          {
            "code": "C25",
            "display": "Tumeur maligne du pancréas"
          },
          {
            "code": "C26",
            "display": "Tumeur maligne des organes digestifs, de sièges autres et mal définis"
          },
          {
            "code": "C30",
            "display": "Tumeur maligne des fosses nasales et de l'oreille moyenne"
          },
          {
            "code": "C31",
            "display": "Tumeur maligne des sinus de la face"
          },
          {
            "code": "C32",
            "display": "Tumeur maligne du larynx"
          },
          {
            "code": "C33",
            "display": "Tumeur maligne de la trachée"
          },
          {
            "code": "C34",
            "display": "Tumeur maligne des bronches et du poumon"
          },
          {
            "code": "C37",
            "display": "Tumeur maligne du thymus"
          },
          {
            "code": "C38.0",
            "display": "Tumeur maligne du coeur"
          },
          {
            "code": "C38.1",
            "display": "Tumeur maligne du médiastin antérieur"
          },
          {
            "code": "C38.2",
            "display": "Tumeur maligne du médiastin postérieur"
          },
          {
            "code": "C38.3",
            "display": "Tumeur maligne du médiastin, partie non précisée"
          },
          {
            "code": "C38.4",
            "display": "Tumeur maligne de la plèvre"
          },
          {
            "code": "C38.8",
            "display": "Tumeur maligne à localisations contiguës du coeur, du médiastin et de la plèvre"
          },
          {
            "code": "C39",
            "display": "Tumeur maligne de l'appareil respiratoire et des organes intrathoraciques, de sièges autres et mal définis"
          },
          {
            "code": "C40",
            "display": "Tumeur maligne des os et du cartilage articulaire des membres"
          },
          {
            "code": "C41",
            "display": "Tumeur maligne des os et du cartilage articulaire, de sièges autres et non précisés"
          },
          {
            "code": "C43",
            "display": "Mélanome malin de la peau"
          },
          {
            "code": "C44",
            "display": "Autres tumeurs malignes de la peau"
          },
          {
            "code": "C45.0",
            "display": "Mésothéliome de la plèvre"
          },
          {
            "code": "C45.1",
            "display": "Mésothéliome du péritoine"
          },
          {
            "code": "C45.2",
            "display": "Mésothéliome du péricarde"
          },
          {
            "code": "C46.0",
            "display": "Sarcome de Kaposi de la peau"
          },
          {
            "code": "C46.1",
            "display": "Sarcome de Kaposi des tissus mous"
          },
          {
            "code": "C46.2",
            "display": "Sarcome de Kaposi du palais"
          },
          {
            "code": "C46.3",
            "display": "Sarcome de Kaposi des ganglions lymphatiques"
          },
          {
            "code": "C46.70",
            "display": "Sarcome de Kaposi de la sphère O.R.L."
          },
          {
            "code": "C46.71",
            "display": "Sarcome de Kaposi digestif"
          },
          {
            "code": "C46.72",
            "display": "Sarcome de Kaposi pulmonaire"
          },
          {
            "code": "C47",
            "display": "Tumeur maligne des nerfs périphériques et du système nerveux autonome"
          },
          {
            "code": "C48",
            "display": "Tumeur maligne du rétropéritoine et du péritoine"
          },
          {
            "code": "C49",
            "display": "Tumeur maligne du tissu conjonctif et des autres tissus mous"
          },
          {
            "code": "C50",
            "display": "Tumeur maligne du sein"
          },
          {
            "code": "C51",
            "display": "Tumeur maligne de la vulve"
          },
          {
            "code": "C52",
            "display": "Tumeur maligne du vagin"
          },
          {
            "code": "C53",
            "display": "Tumeur maligne du col de l'utérus"
          },
          {
            "code": "C54",
            "display": "Tumeur maligne du corps de l'utérus"
          },
          {
            "code": "C55",
            "display": "Tumeur maligne de l'utérus, partie non précisée"
          },
          {
            "code": "C56",
            "display": "Tumeur maligne de l'ovaire"
          },
          {
            "code": "C57",
            "display": "Tumeur maligne des organes génitaux de la femme, autres et non précisés"
          },
          {
            "code": "C58",
            "display": "Tumeur maligne du placenta"
          },
          {
            "code": "C60",
            "display": "Tumeur maligne de la verge"
          },
          {
            "code": "C61",
            "display": "Tumeur maligne de la prostate"
          },
          {
            "code": "C62",
            "display": "Tumeur maligne du testicule"
          },
          {
            "code": "C63",
            "display": "Tumeur maligne des organes génitaux de l'homme, autres et non précisés"
          },
          {
            "code": "C64",
            "display": "Tumeur maligne du rein, à l'exception du bassinet"
          },
          {
            "code": "C65",
            "display": "Tumeur maligne du bassinet"
          },
          {
            "code": "C66",
            "display": "Tumeur maligne de l'uretère"
          },
          {
            "code": "C67",
            "display": "Tumeur maligne de la vessie"
          },
          {
            "code": "C68",
            "display": "Tumeur maligne des organes urinaires, autres et non précisés"
          },
          {
            "code": "C69",
            "display": "Tumeur maligne de l'oeil et de ses annexes"
          },
          {
            "code": "C70",
            "display": "Tumeur maligne des méninges"
          },
          {
            "code": "C71",
            "display": "Tumeur maligne de l'encéphale"
          },
          {
            "code": "C72",
            "display": "Tumeur maligne de la moelle épinière, des nerfs crâniens et d'autres parties du système nerveux central"
          },
          {
            "code": "C73",
            "display": "Tumeur maligne de la thyroïde"
          },
          {
            "code": "C74",
            "display": "Tumeur maligne de la surrénale"
          },
          {
            "code": "C75",
            "display": "Tumeur maligne d'autres glandes endocrines et structures apparentées"
          },
          {
            "code": "C81",
            "display": "Lymphome de Hodgkin"
          },
          {
            "code": "C82",
            "display": "Lymphome folliculaire"
          },
          {
            "code": "C83",
            "display": "Lymphome non folliculaire"
          },
          {
            "code": "C84",
            "display": "Lymphomes à cellules T/NK matures"
          },
          {
            "code": "C85",
            "display": "Lymphome non hodgkinien, de types autres et non précisés"
          },
          {
            "code": "C86",
            "display": "Autres types précisés de lymphomes à cellules T/NK"
          },
          {
            "code": "C88",
            "display": "Maladies immunoprolifératives malignes"
          },
          {
            "code": "C90",
            "display": "Myélome multiple et tumeurs malignes à plasmocytes"
          },
          {
            "code": "C91.0",
            "display": "Leucémie lymphoblastique aigüe [LLA]"
          },
          {
            "code": "C91.1",
            "display": "Leucémie lymphoïde chronique à cellules B"
          },
          {
            "code": "C91.3",
            "display": "Leucémie à prolymphocytes à cellules B"
          },
          {
            "code": "C91.4",
            "display": "Leucémie à tricholeucocytes"
          },
          {
            "code": "C91.5",
            "display": "Lymphome/leucémie de l'adulte à cellules T (associé(e) à HTLV-1)"
          },
          {
            "code": "C91.6",
            "display": "Leucémie à prolymphocytes à cellules T"
          },
          {
            "code": "C91.7",
            "display": "Autres leucémies lymphoïdes"
          },
          {
            "code": "C91.8",
            "display": "Leucémie à cellules B matures, de type Burkitt"
          },
          {
            "code": "C92.0",
            "display": "Leucémie myéloblastique aigüe [LAM]"
          },
          {
            "code": "C92.1",
            "display": "Leucémie myéloïde chronique [LMC] ABL-BCR positif"
          },
          {
            "code": "C92.2",
            "display": "Leucémie myéloïde chronique atypique, ABL-BCR négatif"
          },
          {
            "code": "C92.3",
            "display": "Sarcome myéloïde"
          },
          {
            "code": "C92.4",
            "display": "Leucémie promyélocytaire aigüe [PML]"
          },
          {
            "code": "C92.5",
            "display": "Leucémie myélomonocytaire aiguë"
          },
          {
            "code": "C92.6",
            "display": "Leucémie myéloïde aigüe avec anomalies 11q23"
          },
          {
            "code": "C92.7",
            "display": "Autres leucémies myéloïdes"
          },
          {
            "code": "C92.8",
            "display": "Leucémie myéloïde aigüe avec dysplasie de plusieurs lignées cellulaires"
          },
          {
            "code": "C93.0",
            "display": "Leucémie monoblastique/monocytaire aigüe"
          },
          {
            "code": "C93.1",
            "display": "Leucémie myélomonocytaire chronique"
          },
          {
            "code": "C93.3",
            "display": "Leucémie myélomonocytaire juvénile"
          },
          {
            "code": "C93.7",
            "display": "Autres leucémies monocytaires"
          },
          {
            "code": "C94.0",
            "display": "Leucémie érythroïde aigüe"
          },
          {
            "code": "C94.2",
            "display": "Leucémie (aiguë) à mégacaryocytes"
          },
          {
            "code": "C94.3",
            "display": "Leucémie à mastocytes"
          },
          {
            "code": "C94.4",
            "display": "Panmyélose aigüe avec myélofibrose"
          },
          {
            "code": "C94.6",
            "display": "Maladie myélodysplasique et myéloproliférative, non classée ailleurs"
          },
          {
            "code": "C94.7",
            "display": "Autres leucémies précisées"
          },
          {
            "code": "C95.0",
            "display": "Leucémie aiguë à cellules non précisées"
          },
          {
            "code": "C95.1",
            "display": "Leucémie chronique à cellules non précisées"
          },
          {
            "code": "C95.7",
            "display": "Autres leucémies à cellules non précisées"
          },
          {
            "code": "C96",
            "display": "Tumeurs malignes des tissus lymphoïde, hématopoïétique et apparentés, autres et non précisées"
          },
          {
            "code": "D00.0",
            "display": "Carcinome in situ de la lèvre, de la cavité buccale et du pharynx"
          },
          {
            "code": "D00.1",
            "display": "Carcinome in situ de l'oesophage"
          },
          {
            "code": "D00.2",
            "display": "Carcinome in situ de l'estomac"
          },
          {
            "code": "D01.0",
            "display": "Carcinome in situ du côlon"
          },
          {
            "code": "D01.1",
            "display": "Carcinome in situ de la jonction recto-sigmoïdienne"
          },
          {
            "code": "D01.2",
            "display": "Carcinome in situ du rectum"
          },
          {
            "code": "D01.3",
            "display": "Carcinome in situ de l'anus et du canal anal"
          },
          {
            "code": "D01.4",
            "display": "Carcinome in situ de parties de l'intestin, autres et non précisées"
          },
          {
            "code": "D01.5",
            "display": "Carcinome in situ du foie, de la vésicule et des voies biliaires"
          },
          {
            "code": "D01.7",
            "display": "Carcinome in situ d'autres organes digestifs précisés"
          },
          {
            "code": "D02.0",
            "display": "Carcinome in situ du larynx"
          },
          {
            "code": "D02.1",
            "display": "Carcinome in situ de la trachée"
          },
          {
            "code": "D02.2",
            "display": "Carcinome in situ des bronches et du poumon"
          },
          {
            "code": "D02.3",
            "display": "Carcinome in situ d'autres parties de l'appareil respiratoire"
          },
          {
            "code": "D03",
            "display": "Mélanome in situ"
          },
          {
            "code": "D04",
            "display": "Carcinome in situ de la peau"
          },
          {
            "code": "D05",
            "display": "Carcinome in situ du sein"
          },
          {
            "code": "D06",
            "display": "Carcinome in situ du col de l'utérus"
          },
          {
            "code": "D07.0",
            "display": "Carcinome in situ de l'endomètre"
          },
          {
            "code": "D07.1",
            "display": "Carcinome in situ de la vulve"
          },
          {
            "code": "D07.2",
            "display": "Carcinome in situ du vagin"
          },
          {
            "code": "D07.3",
            "display": "Carcinome in situ d'organes génitaux de la femme, autres et non précisés"
          },
          {
            "code": "D07.4",
            "display": "Carcinome in situ de la verge"
          },
          {
            "code": "D07.5",
            "display": "Carcinome in situ de la prostate"
          },
          {
            "code": "D07.6",
            "display": "Carcinome in situ d'organes génitaux de l'homme, autres et non précisés"
          },
          {
            "code": "D09.0",
            "display": "Carcinome in situ de la vessie"
          },
          {
            "code": "D09.1",
            "display": "Carcinome in situ d'organes urinaires, autres et non précisés"
          },
          {
            "code": "D09.2",
            "display": "Carcinome in situ de l'oeil"
          },
          {
            "code": "D09.3",
            "display": "Carcinome in situ de la thyroïde et autres glandes endocrines"
          },
          {
            "code": "D37.0",
            "display": "Tumeur à évolution imprévisible ou inconnue de la lèvre, de la cavité buccale et du pharynx"
          },
          {
            "code": "D37.1",
            "display": "Tumeur à évolution imprévisible ou inconnue de l'estomac"
          },
          {
            "code": "D37.2",
            "display": "Tumeur à évolution imprévisible ou inconnue de l'intestin grêle"
          },
          {
            "code": "D37.3",
            "display": "Tumeur à évolution imprévisible ou inconnue de l'appendice"
          },
          {
            "code": "D37.4",
            "display": "Tumeur à évolution imprévisible ou inconnue du côlon"
          },
          {
            "code": "D37.5",
            "display": "Tumeur à évolution imprévisible ou inconnue du rectum"
          },
          {
            "code": "D37.6",
            "display": "Tumeur à évolution imprévisible ou inconnue du foie, de la vésicule et des voies biliaires"
          },
          {
            "code": "D37.7",
            "display": "Tumeur à évolution imprévisible ou inconnue d'autres organes digestifs"
          },
          {
            "code": "D37.9",
            "display": "Tumeur à évolution imprévisible ou inconnue de l'appareil digestif, sans précision"
          },
          {
            "code": "D38.0",
            "display": "Tumeur à évolution imprévisible ou inconnue du larynx"
          },
          {
            "code": "D38.1",
            "display": "Tumeur à évolution imprévisible ou inconnue de la trachée, des bronches et du poumon"
          },
          {
            "code": "D38.2",
            "display": "Tumeur à évolution imprévisible ou inconnue de la plèvre"
          },
          {
            "code": "D38.3",
            "display": "Tumeur à évolution imprévisible ou inconnue du médiastin"
          },
          {
            "code": "D38.4",
            "display": "Tumeur à évolution imprévisible ou inconnue du thymus"
          },
          {
            "code": "D38.5",
            "display": "Tumeur à évolution imprévisible ou inconnue d'autres organes respiratoires"
          },
          {
            "code": "D38.6",
            "display": "Tumeur à évolution imprévisible ou inconnue de l'appareil respiratoire, sans précision"
          },
          {
            "code": "D39.0",
            "display": "Tumeur à évolution imprévisible ou inconnue de l'utérus"
          },
          {
            "code": "D39.1",
            "display": "Tumeur à évolution imprévisible ou inconnue de l'ovaire"
          },
          {
            "code": "D39.2",
            "display": "Tumeur à évolution imprévisible ou inconnue du placenta"
          },
          {
            "code": "D39.7",
            "display": "Tumeur à évolution imprévisible ou inconnue d'autres organes génitaux de la femme"
          },
          {
            "code": "D40.0",
            "display": "Tumeur à évolution imprévisible ou inconnue de la prostate"
          },
          {
            "code": "D40.1",
            "display": "Tumeur à évolution imprévisible ou inconnue du testicule"
          },
          {
            "code": "D40.7",
            "display": "Tumeur à évolution imprévisible ou inconnue d'autres organes génitaux de l'homme"
          },
          {
            "code": "D41.0",
            "display": "Tumeur à évolution imprévisible ou inconnue du rein"
          },
          {
            "code": "D41.1",
            "display": "Tumeur à évolution imprévisible ou inconnue du bassinet"
          },
          {
            "code": "D41.2",
            "display": "Tumeur à évolution imprévisible ou inconnue de l'uretère"
          },
          {
            "code": "D41.3",
            "display": "Tumeur à évolution imprévisible ou inconnue de l'urètre"
          },
          {
            "code": "D41.4",
            "display": "Tumeur à évolution imprévisible ou inconnue de la vessie"
          },
          {
            "code": "D41.7",
            "display": "Tumeur à évolution imprévisible ou inconnue d'autres organes urinaires"
          },
          {
            "code": "D42",
            "display": "Tumeur des méninges à évolution imprévisible ou inconnue"
          },
          {
            "code": "D43",
            "display": "Tumeur de l'encéphale et du système nerveux central à évolution imprévisible ou inconnue"
          },
          {
            "code": "D44.0",
            "display": "Tumeur à évolution imprévisible ou inconnue de la thyroïde"
          },
          {
            "code": "D44.1",
            "display": "Tumeur à évolution imprévisible ou inconnue de la surrénale"
          },
          {
            "code": "D44.2",
            "display": "Tumeur à évolution imprévisible ou inconnue d'une parathyroïde"
          },
          {
            "code": "D44.3",
            "display": "Tumeur à évolution imprévisible ou inconnue de l'hypophyse"
          },
          {
            "code": "D44.4",
            "display": "Tumeur à évolution imprévisible ou inconnue du canal craniopharyngien"
          },
          {
            "code": "D44.5",
            "display": "Tumeur à évolution imprévisible ou inconnue de l'épiphyse"
          },
          {
            "code": "D44.6",
            "display": "Tumeur à évolution imprévisible ou inconnue du corpuscule carotidien"
          },
          {
            "code": "D44.7",
            "display": "Tumeur à évolution imprévisible ou inconnue du glomus aortique et autres paraganglions"
          },
          {
            "code": "D44.8",
            "display": "Tumeur à évolution imprévisible ou inconnue de plusieurs glandes endocrines"
          },
          {
            "code": "D45",
            "display": "Polyglobulie essentielle"
          },
          {
            "code": "D46",
            "display": "Syndromes myélodysplasiques"
          },
          {
            "code": "D47",
            "display": "Autres tumeurs des tissus lymphoïde, hématopoïétique et apparentés à évolution imprévisible ou inconnue"
          },
          {
            "code": "D48.0",
            "display": "Tumeur à évolution imprévisible et inconnue des os et du cartilage articulaire"
          },
          {
            "code": "D48.1",
            "display": "Tumeur à évolution imprévisible et inconnue du tissu conjonctif et des autres tissus mous"
          },
          {
            "code": "D48.2",
            "display": "Tumeur à évolution imprévisible et inconnue des nerfs périphériques et du système nerveux autonome"
          },
          {
            "code": "D48.3",
            "display": "Tumeur à évolution imprévisible et inconnue du rétropéritoine"
          },
          {
            "code": "D48.4",
            "display": "Tumeur à évolution imprévisible du péritoine"
          },
          {
            "code": "D48.5",
            "display": "Tumeur à évolution imprévisible et inconnue de la peau"
          },
          {
            "code": "D48.6",
            "display": "Tumeur à évolution imprévisible et inconnue du sein"
          }
        ]
      }
    ]
  }
}