{
  "resourceType": "ValueSet",
  "id": "1.2.250.1.213.1.1.5.87",
  "meta": {
    "profile": [
      "http://hl7.org/fhir/StructureDefinition/shareablevalueset"
    ]
  },
  "extension": [
    {
      "url": "http://hl7.org/fhir/StructureDefinition/resource-effectivePeriod",
      "valuePeriod": {
        "start": "2021-03-15T00:00:00+01:00"
      }
    }
  ],
  "url": "https://smt.esante.gouv.fr/fhir/ValueSet/1.2.250.1.213.1.1.5.87",
  "identifier": [
    {
      "system": "urn:ietf:rfc:3986",
      "value": "urn:oid:1.2.250.1.213.1.1.5.87"
    }
  ],
  "version": "20210906000000",
  "name": "JDV_ConduiteATenir_3_CISIS",
  "title": "JDV_ConduiteATenir_3_CISIS",
  "status": "active",
  "experimental": false,
  "date": "2021-09-06T00:00:00+01:00",
  "publisher": "Agence du Numérique en Santé(ANS) -2 - 10 Rue d'Oradour-sur-Glane, 75015 Paris",
  "description": "JDV_ConduiteATenir_3_CISIS",
  "compose": {
    "include": [
      {
        "system": "https://smt.esante.gouv.fr/fhir/CodeSystem/1.2.250.1.213.1.1.4.322",
        "concept": [
          {
            "code": "MED-012",
            "display": "Avis spécialisé"
          },
          {
            "code": "MED-044",
            "display": "Prélèvement"
          }
        ]
      },
      {
        "system": "http://dicom.nema.org/resources/ontology/DCM",
        "concept": [
          {
            "code": "MR",
            "display": "IRM"
          }
        ]
      }
    ]
  }
}