{
  "resourceType": "ValueSet",
  "id": "1.2.250.1.213.1.1.5.43",
  "meta": {
    "profile": [
      "http://hl7.org/fhir/StructureDefinition/shareablevalueset"
    ]
  },
  "extension": [
    {
      "url": "http://hl7.org/fhir/StructureDefinition/resource-effectivePeriod",
      "valuePeriod": {
        "start": "2021-03-15T00:00:00+01:00"
      }
    }
  ],
  "url": "https://smt.esante.gouv.fr/fhir/ValueSet/1.2.250.1.213.1.1.5.43",
  "identifier": [
    {
      "system": "urn:ietf:rfc:3986",
      "value": "urn:oid:1.2.250.1.213.1.1.5.43"
    }
  ],
  "version": "20240806000000",
  "name": "JDV_Age_CISIS",
  "title": "JDV_Age_CISIS",
  "status": "active",
  "experimental": false,
  "date": "2024-08-06T00:00:00+01:00",
  "publisher": "Agence du Numérique en Santé(ANS) -2 - 10 Rue d'Oradour-sur-Glane, 75015 Paris",
  "description": "JDV_Age_CISIS",
  "compose": {
    "include": [
      {
        "system": "https://smt.esante.gouv.fr/fhir/CodeSystem/1.2.250.1.213.1.1.4.322",
        "concept": [
          {
            "code": "MED-1288",
            "display": "Aucun signe"
          }
        ]
      },
      {
        "system": "http://snomed.info/sct",
        "concept": [
          {
            "code": "255407002",
            "display": "néonatal"
          },
          {
            "code": "767023003",
            "display": "période de la vie entre la naissance et la mort"
          },
          {
            "code": "373068000",
            "display": "indéterminé(e)"
          },
          {
            "code": "303112003",
            "display": "période fœtale"
          },
          {
            "code": "303113008",
            "display": "période postmortem"
          }
        ]
      }
    ]
  }
}