{
  "resourceType": "ValueSet",
  "id": "1.2.250.1.213.1.1.5.674",
  "meta": {
    "profile": [
      "http://hl7.org/fhir/StructureDefinition/shareablevalueset"
    ]
  },
  "extension": [
    {
      "url": "http://hl7.org/fhir/StructureDefinition/resource-effectivePeriod",
      "valuePeriod": {
        "start": "2021-03-15T00:00:00+01:00"
      }
    }
  ],
  "url": "https://smt.esante.gouv.fr/fhir/ValueSet/1.2.250.1.213.1.1.5.674",
  "identifier": [
    {
      "system": "urn:ietf:rfc:3986",
      "value": "urn:oid:1.2.250.1.213.1.1.5.674"
    }
  ],
  "version": "20221010000000",
  "name": "JDV_AllergieReaction_CISIS",
  "title": "JDV_AllergieReaction_CISIS",
  "status": "retired",
  "experimental": false,
  "date": "2022-10-10T00:00:00+01:00",
  "publisher": "Agence du Numérique en Santé(ANS) -2 - 10 Rue d'Oradour-sur-Glane, 75015 Paris",
  "description": "JDV_AllergieReaction_CISIS",
  "compose": {
    "include": [
      {
        "system": "http://snomed.info/sct",
        "concept": [
          {
            "code": "1985008",
            "display": "Vomitus"
          },
          {
            "code": "4386001",
            "display": "Bronchospasm"
          },
          {
            "code": "9826008",
            "display": "Conjunctivitis"
          },
          {
            "code": "23067006",
            "display": "Toxic epidermal necrolysis"
          },
          {
            "code": "23924001",
            "display": "Tight chest"
          },
          {
            "code": "24079001",
            "display": "Atopic dermatitis"
          },
          {
            "code": "31996006",
            "display": "Vasculitis"
          },
          {
            "code": "39579001",
            "display": "Anaphylaxis"
          },
          {
            "code": "41291007",
            "display": "Angio-oedema"
          },
          {
            "code": "43116000",
            "display": "Eczema"
          },
          {
            "code": "49727002",
            "display": "Cough"
          },
          {
            "code": "51599000",
            "display": "Oedema of larynx"
          },
          {
            "code": "62315008",
            "display": "Diarrhoea"
          },
          {
            "code": "70076002",
            "display": "Rhinitis"
          },
          {
            "code": "73442001",
            "display": "Stevens-Johnson syndrome"
          },
          {
            "code": "76067001",
            "display": "Sneezing"
          },
          {
            "code": "91175000",
            "display": "Seizure"
          },
          {
            "code": "126485001",
            "display": "Urticaria"
          },
          {
            "code": "162290004",
            "display": "Dry eyes"
          },
          {
            "code": "195967001",
            "display": "Asthma"
          },
          {
            "code": "247472004",
            "display": "Weal"
          },
          {
            "code": "267036007",
            "display": "Dyspnoea"
          },
          {
            "code": "271757001",
            "display": "Papular eruption"
          },
          {
            "code": "271759003",
            "display": "Bullous eruption"
          },
          {
            "code": "271807003",
            "display": "Eruption of skin"
          },
          {
            "code": "359610006",
            "display": "Ocular hyperaemia"
          },
          {
            "code": "410430005",
            "display": "Cardiorespiratory arrest"
          },
          {
            "code": "418363000",
            "display": "Itching of skin"
          },
          {
            "code": "422587007",
            "display": "Nausea"
          },
          {
            "code": "698247007",
            "display": "Cardiac arrhythmia"
          },
          {
            "code": "702809001",
            "display": "Drug reaction with eosinophilia and systemic symptoms"
          }
        ]
      }
    ]
  }
}