{
  "resourceType": "ValueSet",
  "id": "1.2.250.1.213.1.1.5.255",
  "meta": {
    "profile": [
      "http://hl7.org/fhir/StructureDefinition/shareablevalueset"
    ]
  },
  "extension": [
    {
      "url": "http://hl7.org/fhir/StructureDefinition/resource-effectivePeriod",
      "valuePeriod": {
        "start": "2021-03-15T00:00:00+01:00"
      }
    }
  ],
  "url": "https://smt.esante.gouv.fr/fhir/ValueSet/1.2.250.1.213.1.1.5.255",
  "identifier": [
    {
      "system": "urn:ietf:rfc:3986",
      "value": "urn:oid:1.2.250.1.213.1.1.5.255"
    }
  ],
  "version": "20230404000000",
  "name": "JDV_Colon_pN_CISIS_CISIS",
  "title": "JDV_Colon_pN_CISIS_CISIS",
  "status": "retired",
  "experimental": false,
  "date": "2023-04-04T00:00:00+01:00",
  "publisher": "Agence du Numérique en Santé(ANS) -2 - 10 Rue d'Oradour-sur-Glane, 75015 Paris",
  "description": "JDV_Colon_pN_CISIS_CISIS",
  "compose": {
    "include": [
      {
        "system": "1.3.6.1.4.1.19376.1.8.2.1",
        "concept": [
          {
            "code": "875",
            "display": "pN0: No regional lymph node metastasis"
          },
          {
            "code": "876",
            "display": "pN1a: Metastasis in 1 regional lymph node"
          },
          {
            "code": "877",
            "display": "pN1b: Metastasis in 2 to 3 regional lymph nodes"
          },
          {
            "code": "878",
            "display": "pN1c: Tumor deposit(s) in the subserosa, or non-peritonealized pericolic or perirectal tissues without regional lymph node metastasis"
          },
          {
            "code": "879",
            "display": "pN2a: Metastasis in 4 to 6 regional lymph nodes"
          },
          {
            "code": "880",
            "display": "pN2b: Metastasis in 7 or more regional lymph nodes"
          }
        ]
      }
    ]
  }
}