{
  "resourceType": "ValueSet",
  "id": "1.2.250.1.213.1.1.4.2.289.6",
  "meta": {
    "profile": [
      "http://hl7.org/fhir/StructureDefinition/shareablevalueset"
    ]
  },
  "extension": [
    {
      "url": "http://hl7.org/fhir/StructureDefinition/resource-effectivePeriod",
      "valuePeriod": {
        "start": "2021-03-15T00:00:00+01:00"
      }
    }
  ],
  "url": "https://smt.esante.gouv.fr/fhir/ValueSet/1.2.250.1.213.1.1.4.2.289.6",
  "identifier": [
    {
      "system": "urn:ietf:rfc:3986",
      "value": "urn:oid:1.2.250.1.213.1.1.4.2.289.6"
    }
  ],
  "version": "20231205000000",
  "name": "JDV_EtatNaissance_CISIS",
  "title": "JDV_EtatNaissance_CISIS",
  "status": "retired",
  "experimental": false,
  "date": "2023-12-05T00:00:00+01:00",
  "publisher": "Agence du Numérique en Santé(ANS) -2 - 10 Rue d'Oradour-sur-Glane, 75015 Paris",
  "description": "JDV_EtatNaissance_CISIS",
  "compose": {
    "include": [
      {
        "system": "http://terminology.hl7.org/CodeSystem/icd10",
        "concept": [
          {
            "code": "P95",
            "display": "Mort fœtale"
          }
        ]
      },
      {
        "system": "1.2.250.1.213.1.1.4.2.289",
        "concept": [
          {
            "code": "OBS_111",
            "display": "Vivant"
          },
          {
            "code": "OBS_112",
            "display": "Né vivant décédé < 28 jours"
          },
          {
            "code": "OBS_113",
            "display": "Né vivant décédé >= 28 jours"
          }
        ]
      },
      {
        "system": "1.2.250.1.213.2.12",
        "concept": [
          {
            "code": "F-88450",
            "display": "Mort-né"
          }
        ]
      },
      {
        "system": "http://snomed.info/sct",
        "concept": [
          {
            "code": "240297000",
            "display": "mort infantile"
          },
          {
            "code": "281050002",
            "display": "naissance vivante"
          },
          {
            "code": "391181005",
            "display": "mort néonatale précoce"
          }
        ]
      }
    ]
  }
}