{
  "resourceType": "ValueSet",
  "id": "1.2.250.1.213.1.1.5.274",
  "meta": {
    "profile": [
      "http://hl7.org/fhir/StructureDefinition/shareablevalueset"
    ]
  },
  "extension": [
    {
      "url": "http://hl7.org/fhir/StructureDefinition/resource-effectivePeriod",
      "valuePeriod": {
        "start": "2021-03-15T00:00:00+01:00"
      }
    }
  ],
  "url": "https://smt.esante.gouv.fr/fhir/ValueSet/1.2.250.1.213.1.1.5.274",
  "identifier": [
    {
      "system": "urn:ietf:rfc:3986",
      "value": "urn:oid:1.2.250.1.213.1.1.5.274"
    }
  ],
  "version": "20230404000000",
  "name": "JDV_Estomac_pN_CISIS",
  "title": "JDV_Estomac_pN_CISIS",
  "status": "retired",
  "experimental": false,
  "date": "2023-04-04T00:00:00+01:00",
  "publisher": "Agence du Numérique en Santé(ANS) -2 - 10 Rue d'Oradour-sur-Glane, 75015 Paris",
  "description": "JDV_Estomac_pN_CISIS",
  "compose": {
    "include": [
      {
        "system": "1.3.6.1.4.1.19376.1.8.2.1",
        "concept": [
          {
            "code": "837",
            "display": "pN0: No regional lymph node metastasis"
          },
          {
            "code": "838",
            "display": "pN1: Metastasis in 1 to 2 perigastric lymph nodes"
          },
          {
            "code": "839",
            "display": "pN2: Metastasis in 3 to 6 perigastric lymph nodes"
          },
          {
            "code": "840",
            "display": "pN3: Metastasis in 7 or more perigastric lymph nodes"
          },
          {
            "code": "841",
            "display": "pN3a: Metastasis in 7 to 15 perigastric lymph nodes"
          },
          {
            "code": "842",
            "display": "pN3b: Metastassis in 16 or more perigastric lymph nodes"
          }
        ]
      }
    ]
  }
}