{
  "resourceType": "ValueSet",
  "id": "1.2.250.1.213.1.1.5.526",
  "meta": {
    "profile": [
      "http://hl7.org/fhir/StructureDefinition/shareablevalueset"
    ]
  },
  "extension": [
    {
      "url": "http://hl7.org/fhir/StructureDefinition/resource-effectivePeriod",
      "valuePeriod": {
        "start": "2021-03-15T00:00:00+01:00"
      }
    }
  ],
  "url": "https://smt.esante.gouv.fr/fhir/ValueSet/1.2.250.1.213.1.1.5.526",
  "identifier": [
    {
      "system": "urn:ietf:rfc:3986",
      "value": "urn:oid:1.2.250.1.213.1.1.5.526"
    }
  ],
  "version": "20240718000000",
  "name": "JDV_DefaillanceMaterielle_CISIS",
  "title": "JDV_DefaillanceMaterielle_CISIS",
  "status": "active",
  "experimental": false,
  "date": "2024-07-18T00:00:00+01:00",
  "publisher": "Agence du Numérique en Santé(ANS) -2 - 10 Rue d'Oradour-sur-Glane, 75015 Paris",
  "description": "JDV_DefaillanceMaterielle_CISIS",
  "compose": {
    "include": [
      {
        "system": "https://www.imdrf.org",
        "concept": [
          {
            "code": "A090000",
            "display": "Problème lié à la liaison des dispositifs ou de leurs composants mis en place pour le transfert de liquide, de gaz, d’électricité ou de données."
          },
          {
            "code": "A180500",
            "display": "Manque de documentation ou directives pour l’entretien."
          },
          {
            "code": "A060000",
            "display": "Problème lié au dispositif qui envoi ou réceptionne des signaux ou des données (y compris les composants internes du dispositif et les périphériques externes)."
          },
          {
            "code": "A150000",
            "display": "Problème lié au dispositif de transfert des liquides ou des gaz (p. ex., problème de dosage, d’alimentation, etc…)"
          },
          {
            "code": "A110000",
            "display": "Problème lié à une défaillance des circuits électriques ou des composants du dispositif."
          },
          {
            "code": "A020602",
            "display": "Matériel manquant"
          }
        ]
      },
      {
        "system": "https://smt-pprod.esante.gouv.fr/terminologie-emdn",
        "concept": [
          {
            "code": "Z1203010101",
            "display": "APPAREILS D’ANESTHÉSIE"
          },
          {
            "code": "Z120303",
            "display": "ÉQUIPEMENTS DE PERFUSION"
          },
          {
            "code": "Z1203",
            "display": "ÉQUIPEMENTS DE SURVEILLANCE DES SIGNAUX VITAUX ET DE MAINTIEN DES FONCTIONS VITALES"
          },
          {
            "code": "Z1203019001",
            "display": "ÉQUIPEMENTS DE SURVEILLANCE DE LA RELAXATION NEUROMUSCULAIRE"
          }
        ]
      }
    ]
  }
}