{
  "resourceType": "ValueSet",
  "id": "1.2.250.1.213.1.1.5.216",
  "meta": {
    "profile": [
      "http://hl7.org/fhir/StructureDefinition/shareablevalueset"
    ]
  },
  "extension": [
    {
      "url": "http://hl7.org/fhir/StructureDefinition/resource-effectivePeriod",
      "valuePeriod": {
        "start": "2021-03-15T00:00:00+01:00"
      }
    }
  ],
  "url": "https://smt.esante.gouv.fr/fhir/ValueSet/1.2.250.1.213.1.1.5.216",
  "identifier": [
    {
      "system": "urn:ietf:rfc:3986",
      "value": "urn:oid:1.2.250.1.213.1.1.5.216"
    }
  ],
  "version": "20240315000000",
  "name": "JDV_Dispositionpretherapeutique_CISIS",
  "title": "JDV_Dispositionpretherapeutique_CISIS",
  "status": "active",
  "experimental": false,
  "date": "2024-03-15T00:00:00+01:00",
  "publisher": "Agence du Numérique en Santé(ANS) -2 - 10 Rue d'Oradour-sur-Glane, 75015 Paris",
  "description": "JDV_Dispositionpretherapeutique_CISIS",
  "compose": {
    "include": [
      {
        "system": "https://smt.esante.gouv.fr/fhir/CodeSystem/1.2.250.1.213.1.1.4.322",
        "concept": [
          {
            "code": "MED-495",
            "display": "Aspirine dans les 24h d'hospitalisation"
          },
          {
            "code": "MED-496",
            "display": "Posologie aspirine entre 160 et 300 mg"
          },
          {
            "code": "MED-497",
            "display": "Contre-indication aspirine"
          },
          {
            "code": "MED-500",
            "display": "Inclusion dans protocole"
          },
          {
            "code": "MED-501",
            "display": "Date de consentement au protocole"
          },
          {
            "code": "MED-502",
            "display": "Nom du protocole"
          }
        ]
      },
      {
        "system": "http://snomed.info/sct",
        "concept": [
          {
            "code": "233428003",
            "display": "thrombolyse d'une veine"
          },
          {
            "code": "43810009",
            "display": "thrombectomie"
          }
        ]
      },
      {
        "system": "https://smt.esante.gouv.fr/terminologie-atc",
        "concept": [
          {
            "code": "B01AC04",
            "display": "clopidogrel"
          },
          {
            "code": "B01AB01",
            "display": "héparine"
          }
        ]
      }
    ]
  }
}