{
  "resourceType": "ValueSet",
  "id": "1.2.250.1.213.1.1.5.790",
  "meta": {
    "profile": [
      "http://hl7.org/fhir/StructureDefinition/shareablevalueset"
    ]
  },
  "extension": [
    {
      "url": "http://hl7.org/fhir/StructureDefinition/resource-effectivePeriod",
      "valuePeriod": {
        "start": "2021-03-15T00:00:00+01:00"
      }
    }
  ],
  "url": "https://smt.esante.gouv.fr/fhir/ValueSet/1.2.250.1.213.1.1.5.790",
  "identifier": [
    {
      "system": "urn:ietf:rfc:3986",
      "value": "urn:oid:1.2.250.1.213.1.1.5.790"
    }
  ],
  "version": "20231114000000",
  "name": "JDV_EtatPsychique_CISIS",
  "title": "JDV_EtatPsychique_CISIS",
  "status": "active",
  "experimental": false,
  "date": "2023-11-14T00:00:00+01:00",
  "publisher": "Agence du Numérique en Santé(ANS) -2 - 10 Rue d'Oradour-sur-Glane, 75015 Paris",
  "description": "JDV_EtatPsychique_CISIS",
  "compose": {
    "include": [
      {
        "system": "http://snomed.info/sct",
        "concept": [
          {
            "code": "288575003",
            "display": "capable de communiquer"
          },
          {
            "code": "247663003",
            "display": "bien orienté"
          },
          {
            "code": "62476001",
            "display": "désorienté(e)"
          },
          {
            "code": "24199005",
            "display": "sensation d'agitation"
          },
          {
            "code": "248043008",
            "display": "comportement non-conciliant"
          },
          {
            "code": "425104003",
            "display": "comportement suicidaire"
          }
        ]
      }
    ]
  }
}