{
  "resourceType": "ValueSet",
  "id": "1.2.250.1.213.1.1.5.246",
  "meta": {
    "profile": [
      "http://hl7.org/fhir/StructureDefinition/shareablevalueset"
    ]
  },
  "extension": [
    {
      "url": "http://hl7.org/fhir/StructureDefinition/resource-effectivePeriod",
      "valuePeriod": {
        "start": "2021-03-15T00:00:00+01:00"
      }
    }
  ],
  "url": "https://smt.esante.gouv.fr/fhir/ValueSet/1.2.250.1.213.1.1.5.246",
  "identifier": [
    {
      "system": "urn:ietf:rfc:3986",
      "value": "urn:oid:1.2.250.1.213.1.1.5.246"
    }
  ],
  "version": "20230404000000",
  "name": "JDV_Col_Uterus_Type_histologique_lesion_neoplasique_in_situ_CISIS",
  "title": "JDV_Col_Uterus_Type_histologique_lesion_neoplasique_in_situ_CISIS",
  "status": "retired",
  "experimental": false,
  "date": "2023-04-04T00:00:00+01:00",
  "publisher": "Agence du Numérique en Santé(ANS) -2 - 10 Rue d'Oradour-sur-Glane, 75015 Paris",
  "description": "JDV_Col_Uterus_Type_histologique_lesion_neoplasique_in_situ_CISIS",
  "compose": {
    "include": [
      {
        "system": "1.3.6.1.4.1.19376.1.8.2.1",
        "concept": [
          {
            "code": "1663",
            "display": "Néoplasie cervicale intra-épithéliale de haut grade (CIN3)"
          },
          {
            "code": "1664",
            "display": "Néoplasie cervicale intra-épithéliale de grade intermédiaire (CIN2)"
          },
          {
            "code": "1665",
            "display": "Néoplasie cervicale intra-épithéliale de bas grade (CIN1)"
          },
          {
            "code": "1666",
            "display": "Condylome acuminé ou plan"
          },
          {
            "code": "1667",
            "display": "Carcinome épidermoide in situ"
          },
          {
            "code": "1668",
            "display": "Dysplasie glandulaire, atypies des cellules glandulaires"
          },
          {
            "code": "1669",
            "display": "Adénocarcinome endocervical in situ"
          }
        ]
      }
    ]
  }
}