{
  "resourceType": "ValueSet",
  "id": "1.2.250.1.213.1.1.5.100",
  "meta": {
    "profile": [
      "http://hl7.org/fhir/StructureDefinition/shareablevalueset"
    ]
  },
  "extension": [
    {
      "url": "http://hl7.org/fhir/StructureDefinition/resource-effectivePeriod",
      "valuePeriod": {
        "start": "2021-03-15T00:00:00+01:00"
      }
    }
  ],
  "url": "https://smt.esante.gouv.fr/fhir/ValueSet/1.2.250.1.213.1.1.5.100",
  "identifier": [
    {
      "system": "urn:ietf:rfc:3986",
      "value": "urn:oid:1.2.250.1.213.1.1.5.100"
    }
  ],
  "version": "20221222000000",
  "name": "JDV_AllergiesVaccins_CISIS",
  "title": "JDV_AllergiesVaccins_CISIS",
  "status": "active",
  "experimental": false,
  "date": "2022-12-22T00:00:00+01:00",
  "publisher": "Agence du Numérique en Santé(ANS) -2 - 10 Rue d'Oradour-sur-Glane, 75015 Paris",
  "description": "JDV_AllergiesVaccins_CISIS",
  "compose": {
    "include": [
      {
        "system": "http://snomed.info/sct",
        "concept": [
          {
            "code": "303300008",
            "display": "protéine d'œuf"
          },
          {
            "code": "373531009",
            "display": "gélatine"
          }
        ]
      },
      {
        "system": "https://smt.esante.gouv.fr/terminologie-atc",
        "concept": [
          {
            "code": "J01GB05",
            "display": "néomycine"
          },
          {
            "code": "J01GA01",
            "display": "streptomycine"
          },
          {
            "code": "J01GB03",
            "display": "gentamicine"
          },
          {
            "code": "J01XB02",
            "display": "polymyxine B"
          }
        ]
      }
    ]
  }
}