{
  "resourceType": "ValueSet",
  "id": "1.2.250.1.213.1.1.5.277",
  "meta": {
    "profile": [
      "http://hl7.org/fhir/StructureDefinition/shareablevalueset"
    ]
  },
  "extension": [
    {
      "url": "http://hl7.org/fhir/StructureDefinition/resource-effectivePeriod",
      "valuePeriod": {
        "start": "2021-03-15T00:00:00+01:00"
      }
    }
  ],
  "url": "https://smt.esante.gouv.fr/fhir/ValueSet/1.2.250.1.213.1.1.5.277",
  "identifier": [
    {
      "system": "urn:ietf:rfc:3986",
      "value": "urn:oid:1.2.250.1.213.1.1.5.277"
    }
  ],
  "version": "20230404000000",
  "name": "JDV_Estomac_Type_histologique_lesion_neoplasique_maligne_invasive_CISIS",
  "title": "JDV_Estomac_Type_histologique_lesion_neoplasique_maligne_invasive_CISIS",
  "status": "retired",
  "experimental": false,
  "date": "2023-04-04T00:00:00+01:00",
  "publisher": "Agence du Numérique en Santé(ANS) -2 - 10 Rue d'Oradour-sur-Glane, 75015 Paris",
  "description": "JDV_Estomac_Type_histologique_lesion_neoplasique_maligne_invasive_CISIS",
  "compose": {
    "include": [
      {
        "system": "1.3.6.1.4.1.19376.1.8.2.1",
        "concept": [
          {
            "code": "814",
            "display": "Adénocarcinome tubuleux"
          },
          {
            "code": "815",
            "display": "Adénocarcinome papillaire"
          },
          {
            "code": "816",
            "display": "Adénocarcinome mucineux"
          },
          {
            "code": "817",
            "display": "Adénocarcinome à cellules indépendantes"
          },
          {
            "code": "818",
            "display": "Adénocarcinome autre"
          },
          {
            "code": "819",
            "display": "Carcinome adénosquameux"
          },
          {
            "code": "820",
            "display": "Carcinome épidermoïde"
          },
          {
            "code": "821",
            "display": "Carcinome indifférencié"
          },
          {
            "code": "822",
            "display": "Autre carcinome"
          }
        ]
      }
    ]
  }
}