{
  "resourceType": "ValueSet",
  "id": "1.2.250.1.213.1.1.5.702",
  "meta": {
    "profile": [
      "http://hl7.org/fhir/StructureDefinition/shareablevalueset"
    ]
  },
  "extension": [
    {
      "url": "http://hl7.org/fhir/StructureDefinition/resource-effectivePeriod",
      "valuePeriod": {
        "start": "2021-03-15T00:00:00+01:00"
      }
    }
  ],
  "url": "https://smt.esante.gouv.fr/fhir/ValueSet/1.2.250.1.213.1.1.5.702",
  "identifier": [
    {
      "system": "urn:ietf:rfc:3986",
      "value": "urn:oid:1.2.250.1.213.1.1.5.702"
    }
  ],
  "version": "20230803000000",
  "name": "JDV_Destination_OBP_SNE_CISIS",
  "title": "JDV_Destination_OBP_SNE_CISIS",
  "status": "active",
  "experimental": false,
  "date": "2023-08-03T00:00:00+01:00",
  "publisher": "Agence du Numérique en Santé(ANS) -2 - 10 Rue d'Oradour-sur-Glane, 75015 Paris",
  "description": "JDV_Destination_OBP_SNE_CISIS",
  "compose": {
    "include": [
      {
        "system": "https://smt.esante.gouv.fr/fhir/CodeSystem/1.2.250.1.213.1.1.4.322",
        "concept": [
          {
            "code": "ORG-141",
            "display": "Unité Kangourou"
          },
          {
            "code": "GEN-092.06.03",
            "display": "Autre destination"
          }
        ]
      },
      {
        "system": "http://snomed.info/sct",
        "concept": [
          {
            "code": "309904001",
            "display": "unité de soins intensifs"
          },
          {
            "code": "405269005",
            "display": "unité de soins intensifs néonatals"
          },
          {
            "code": "1279968000",
            "display": "service de néonatalogie"
          },
          {
            "code": "309967005",
            "display": "service de chirurgie"
          }
        ]
      }
    ]
  }
}