{
  "resourceType": "ValueSet",
  "id": "1.2.250.1.213.1.1.5.295",
  "meta": {
    "profile": [
      "http://hl7.org/fhir/StructureDefinition/shareablevalueset"
    ]
  },
  "extension": [
    {
      "url": "http://hl7.org/fhir/StructureDefinition/resource-effectivePeriod",
      "valuePeriod": {
        "start": "2021-03-15T00:00:00+01:00"
      }
    }
  ],
  "url": "https://smt.esante.gouv.fr/fhir/ValueSet/1.2.250.1.213.1.1.5.295",
  "identifier": [
    {
      "system": "urn:ietf:rfc:3986",
      "value": "urn:oid:1.2.250.1.213.1.1.5.295"
    }
  ],
  "version": "20230404000000",
  "name": "JDV_Generique_Observation_anatomie_pathologique_CISIS",
  "title": "JDV_Generique_Observation_anatomie_pathologique_CISIS",
  "status": "retired",
  "experimental": false,
  "date": "2023-04-04T00:00:00+01:00",
  "publisher": "Agence du Numérique en Santé(ANS) -2 - 10 Rue d'Oradour-sur-Glane, 75015 Paris",
  "description": "JDV_Generique_Observation_anatomie_pathologique_CISIS",
  "compose": {
    "include": [
      {
        "system": "1.3.6.1.4.1.19376.1.8.2.1",
        "concept": [
          {
            "code": "1",
            "display": "Générique - Poids du prélèvement"
          },
          {
            "code": "2",
            "display": "Générique - Taille du prélèvement (plus grande dimension)"
          },
          {
            "code": "3",
            "display": "Générique - Taille du prélèvement (dimension supplémentaire)"
          },
          {
            "code": "4",
            "display": "Générique - Qualité du prélèvement"
          },
          {
            "code": "6",
            "display": "Générique - Localisation de la lésion dans l'organe"
          },
          {
            "code": "7",
            "display": "Générique - Localisation de la tumeur dans l'organe"
          },
          {
            "code": "8",
            "display": "Générique - Caractère unique/multiple de la lésion"
          },
          {
            "code": "10",
            "display": "Générique - Taille de la lésion (plus grande dimension)"
          },
          {
            "code": "11",
            "display": "Générique - Taille de la lésion (dimension supplémentaire)"
          },
          {
            "code": "12",
            "display": "Générique - Taille de tumeur maligne invasive (plus grande dimension)"
          },
          {
            "code": "13",
            "display": "Générique - Taille de la tumeur maligne invasive (dimension supplémentaire)"
          },
          {
            "code": "21",
            "display": "Générique - Type-histologique-lesion-neoplasique-maligne-invasive-CISIS"
          },
          {
            "code": "23",
            "display": "Générique - Type histologique de la lésion"
          },
          {
            "code": "31",
            "display": "Générique - Grade histologique (WHO)"
          },
          {
            "code": "36",
            "display": "Générique - Extension microscopique et macroscopique de la lésion"
          },
          {
            "code": "38",
            "display": "Générique - Nombre de ganglion(s) examiné(s)"
          },
          {
            "code": "39",
            "display": "Générique - Nombre de ganglion(s) envahi(s)"
          },
          {
            "code": "45",
            "display": "Générique - Localisation de(s) ganglion(s)"
          },
          {
            "code": "54",
            "display": "Générique - Atteinte des limites de résection par la tumeur maligne invasive"
          },
          {
            "code": "55",
            "display": "Générique - Atteinte des limites de résection par la lésion"
          },
          {
            "code": "60",
            "display": "Générique - Distance tumeur maligne invasive/plus proche limite de résection"
          },
          {
            "code": "61",
            "display": "Générique - Distance lésion/plus proche limite de résection"
          },
          {
            "code": "62",
            "display": "Générique - Emboles vasculaires"
          },
          {
            "code": "63",
            "display": "Générique - Infiltration péri-nerveuse"
          },
          {
            "code": "65",
            "display": "Générique - pT"
          },
          {
            "code": "66",
            "display": "Générique - pN"
          },
          {
            "code": "67",
            "display": "Générique - pM"
          },
          {
            "code": "68",
            "display": "Générique - Réponse histologique au traitement néoadjuvant"
          },
          {
            "code": "69",
            "display": "Générique - Atteinte des limites de résection par la tumeur in situ"
          },
          {
            "code": "209",
            "display": "Générique - Exerèse ganglionnaire"
          },
          {
            "code": "210",
            "display": "Générique - Grade histologique (à 2 classes)"
          },
          {
            "code": "211",
            "display": "Générique - Organe/région prélèvement"
          },
          {
            "code": "212",
            "display": "Générique - Procédure de prélèvement"
          },
          {
            "code": "213",
            "display": "Générique - Type macroscopique du cancer invasif"
          }
        ]
      }
    ]
  }
}