{
  "resourceType": "ValueSet",
  "id": "1.2.250.1.213.1.1.5.263",
  "meta": {
    "profile": [
      "http://hl7.org/fhir/StructureDefinition/shareablevalueset"
    ]
  },
  "extension": [
    {
      "url": "http://hl7.org/fhir/StructureDefinition/resource-effectivePeriod",
      "valuePeriod": {
        "start": "2021-03-15T00:00:00+01:00"
      }
    }
  ],
  "url": "https://smt.esante.gouv.fr/fhir/ValueSet/1.2.250.1.213.1.1.5.263",
  "identifier": [
    {
      "system": "urn:ietf:rfc:3986",
      "value": "urn:oid:1.2.250.1.213.1.1.5.263"
    }
  ],
  "version": "20230404000000",
  "name": "JDV_Corps_uterin_Observation_anatomie_pathologique_CISIS",
  "title": "JDV_Corps_uterin_Observation_anatomie_pathologique_CISIS",
  "status": "retired",
  "experimental": false,
  "date": "2023-04-04T00:00:00+01:00",
  "publisher": "Agence du Numérique en Santé(ANS) -2 - 10 Rue d'Oradour-sur-Glane, 75015 Paris",
  "description": "JDV_Corps_uterin_Observation_anatomie_pathologique_CISIS",
  "compose": {
    "include": [
      {
        "system": "1.3.6.1.4.1.19376.1.8.2.1",
        "concept": [
          {
            "code": "97",
            "display": "Corps utérin - Ulcération en zone tumorale"
          },
          {
            "code": "161",
            "display": "Corps utérin - Atteinte des limites de résection par la tumeur maligne invasive"
          },
          {
            "code": "162",
            "display": "Corps utérin - Distance tumeur maligne invasive/plus proche limite de résection"
          },
          {
            "code": "163",
            "display": "Corps utérin - Emboles vasculaires"
          },
          {
            "code": "164",
            "display": "Corps utérin - Exerèse ganglionnaire"
          },
          {
            "code": "165",
            "display": "Corps utérin - Extension microscopique et macroscopique de la tumeur"
          },
          {
            "code": "166",
            "display": "Corps utérin - Grade histologique (FIGO)"
          },
          {
            "code": "167",
            "display": "Corps utérin - Localisation de la tumeur dans l'organe"
          },
          {
            "code": "168",
            "display": "Corps utérin - Localisation de(s) ganglion(s)"
          },
          {
            "code": "169",
            "display": "Corps utérin - Nombre de ganglion(s) envahi(s)"
          },
          {
            "code": "170",
            "display": "Corps utérin - Nombre de ganglion(s) examiné(s)"
          },
          {
            "code": "171",
            "display": "Corps utérin - Organe-region-prelevement-CISIS"
          },
          {
            "code": "172",
            "display": "Corps utérin - pN"
          },
          {
            "code": "173",
            "display": "Corps utérin - Procédure de prélèvement"
          },
          {
            "code": "174",
            "display": "Corps utérin - pT"
          },
          {
            "code": "175",
            "display": "Corps utérin - Taille de tumeur maligne invasive (plus grande dimension)"
          },
          {
            "code": "176",
            "display": "Corps utérin - Type-histologique-lesion-neoplasique-maligne-invasive-CISIS"
          }
        ]
      }
    ]
  }
}