{
  "resourceType": "ValueSet",
  "id": "1.2.250.1.213.1.1.5.30",
  "meta": {
    "profile": [
      "http://hl7.org/fhir/StructureDefinition/shareablevalueset"
    ]
  },
  "extension": [
    {
      "url": "http://hl7.org/fhir/StructureDefinition/resource-effectivePeriod",
      "valuePeriod": {
        "start": "2021-03-15T00:00:00+01:00"
      }
    }
  ],
  "url": "https://smt.esante.gouv.fr/fhir/ValueSet/1.2.250.1.213.1.1.5.30",
  "identifier": [
    {
      "system": "urn:ietf:rfc:3986",
      "value": "urn:oid:1.2.250.1.213.1.1.5.30"
    }
  ],
  "version": "20241213000000",
  "name": "JDV_CodeNoMedication_CISIS",
  "title": "JDV_CodeNoMedication_CISIS",
  "status": "retired",
  "experimental": false,
  "date": "2024-12-13T00:00:00+01:00",
  "publisher": "Agence du Numérique en Santé(ANS) -2 - 10 Rue d'Oradour-sur-Glane, 75015 Paris",
  "description": "JDV_CodeNoMedication_CISIS",
  "compose": {
    "include": [
      {
        "system": "1.2.250.1.213.2.12",
        "concept": [
          {
            "code": "F-0446A",
            "display": "Pas de traitement médicamenteux prescrit"
          },
          {
            "code": "F-0446A",
            "display": "Pas de traitement médicamenteux prescrit"
          },
          {
            "code": "F-04498",
            "display": "Traitement médicamenteux non connu"
          },
          {
            "code": "F-04498",
            "display": "Traitement médicamenteux non connu"
          },
          {
            "code": "F-049F6",
            "display": "Pas d'auto-médication"
          },
          {
            "code": "F-049F6",
            "display": "Pas d'auto-médication"
          }
        ]
      }
    ]
  }
}