{
  "resourceType": "ValueSet",
  "id": "1.2.250.1.213.1.1.5.741",
  "meta": {
    "profile": [
      "http://hl7.org/fhir/StructureDefinition/shareablevalueset"
    ]
  },
  "extension": [
    {
      "url": "http://hl7.org/fhir/StructureDefinition/resource-effectivePeriod",
      "valuePeriod": {
        "start": "2021-03-15T00:00:00+01:00"
      }
    }
  ],
  "url": "https://smt.esante.gouv.fr/fhir/ValueSet/1.2.250.1.213.1.1.5.741",
  "identifier": [
    {
      "system": "urn:ietf:rfc:3986",
      "value": "urn:oid:1.2.250.1.213.1.1.5.741"
    }
  ],
  "version": "20230803000000",
  "name": "JDV_CirconstancesDeces_CISIS",
  "title": "JDV_CirconstancesDeces_CISIS",
  "status": "active",
  "experimental": false,
  "date": "2023-08-03T00:00:00+01:00",
  "publisher": "Agence du Numérique en Santé(ANS) -2 - 10 Rue d'Oradour-sur-Glane, 75015 Paris",
  "description": "JDV_CirconstancesDeces_CISIS",
  "compose": {
    "include": [
      {
        "system": "http://snomed.info/sct",
        "concept": [
          {
            "code": "17766007",
            "display": "mort fœtale par asphyxie et/ou par anoxie, pas clair si noté avant ou après le début du travaile"
          },
          {
            "code": "44174001",
            "display": "mort fœtale par asphyxie et/ou par anoxie avant le début du travail"
          },
          {
            "code": "1762004",
            "display": "mort fœtale par asphyxie et/ou par anoxie pendant le travail"
          },
          {
            "code": "67313008",
            "display": "mort fœtale due à une interruption de grossesse"
          }
        ]
      }
    ]
  }
}