{
  "resourceType": "ValueSet",
  "id": "1.2.250.1.213.1.1.5.734",
  "meta": {
    "profile": [
      "http://hl7.org/fhir/StructureDefinition/shareablevalueset"
    ]
  },
  "extension": [
    {
      "url": "http://hl7.org/fhir/StructureDefinition/resource-effectivePeriod",
      "valuePeriod": {
        "start": "2021-03-15T00:00:00+01:00"
      }
    }
  ],
  "url": "https://smt.esante.gouv.fr/fhir/ValueSet/1.2.250.1.213.1.1.5.734",
  "identifier": [
    {
      "system": "urn:ietf:rfc:3986",
      "value": "urn:oid:1.2.250.1.213.1.1.5.734"
    }
  ],
  "version": "20230803000000",
  "name": "JDV_EtatPerinee_CISIS",
  "title": "JDV_EtatPerinee_CISIS",
  "status": "active",
  "experimental": false,
  "date": "2023-08-03T00:00:00+01:00",
  "publisher": "Agence du Numérique en Santé(ANS) -2 - 10 Rue d'Oradour-sur-Glane, 75015 Paris",
  "description": "JDV_EtatPerinee_CISIS",
  "compose": {
    "include": [
      {
        "system": "http://terminology.hl7.org/CodeSystem/icd10",
        "concept": [
          {
            "code": "O70.0",
            "display": "Déchirure obstétricale du périnée, du premier degré"
          },
          {
            "code": "O70.1",
            "display": "Déchirure obstétricale du périnée, du deuxième degré"
          },
          {
            "code": "O70.2",
            "display": "Déchirure obstétricale du périnée, du troisième degré"
          },
          {
            "code": "O70.3",
            "display": "Déchirure obstétricale du périnée, du quatrième degré"
          }
        ]
      },
      {
        "system": "http://snomed.info/sct",
        "concept": [
          {
            "code": "289854007",
            "display": "périnée intact"
          },
          {
            "code": "860603002",
            "display": "plaie d'épisiotomie"
          }
        ]
      }
    ]
  }
}