{
  "resourceType": "ValueSet",
  "id": "1.2.250.1.213.1.1.5.272",
  "meta": {
    "profile": [
      "http://hl7.org/fhir/StructureDefinition/shareablevalueset"
    ]
  },
  "extension": [
    {
      "url": "http://hl7.org/fhir/StructureDefinition/resource-effectivePeriod",
      "valuePeriod": {
        "start": "2021-03-15T00:00:00+01:00"
      }
    }
  ],
  "url": "https://smt.esante.gouv.fr/fhir/ValueSet/1.2.250.1.213.1.1.5.272",
  "identifier": [
    {
      "system": "urn:ietf:rfc:3986",
      "value": "urn:oid:1.2.250.1.213.1.1.5.272"
    }
  ],
  "version": "20230404000000",
  "name": "JDV_Estomac_Observation_anatomie_pathologique_CISIS",
  "title": "JDV_Estomac_Observation_anatomie_pathologique_CISIS",
  "status": "retired",
  "experimental": false,
  "date": "2023-04-04T00:00:00+01:00",
  "publisher": "Agence du Numérique en Santé(ANS) -2 - 10 Rue d'Oradour-sur-Glane, 75015 Paris",
  "description": "JDV_Estomac_Observation_anatomie_pathologique_CISIS",
  "compose": {
    "include": [
      {
        "system": "1.3.6.1.4.1.19376.1.8.2.1",
        "concept": [
          {
            "code": "177",
            "display": "Estomac - Atteinte des limites de résection par la lésion (adénome)"
          },
          {
            "code": "178",
            "display": "Estomac - Atteinte des limites de résection par la tumeur in situ"
          },
          {
            "code": "179",
            "display": "Estomac - Atteinte des limites de résection par la tumeur maligne invasive"
          },
          {
            "code": "180",
            "display": "Estomac - Distance tumeur maligne invasive/plus proche limite de résection"
          },
          {
            "code": "181",
            "display": "Estomac - Emboles vasculaires"
          },
          {
            "code": "182",
            "display": "Estomac - Extension microscopique et macroscopique de la tumeur"
          },
          {
            "code": "183",
            "display": "Estomac - Infiltration péri-nerveuse"
          },
          {
            "code": "184",
            "display": "Estomac - Localisation de la tumeur dans l'organe"
          },
          {
            "code": "185",
            "display": "Estomac - Localisation de(s) limite(s) de résection"
          },
          {
            "code": "186",
            "display": "Estomac - Nombre de ganglion(s) envahi(s)"
          },
          {
            "code": "187",
            "display": "Estomac - Nombre de ganglion(s) examiné(s)"
          },
          {
            "code": "188",
            "display": "Estomac - Organe-region-prelevement-CISIS"
          },
          {
            "code": "189",
            "display": "Estomac - pN"
          },
          {
            "code": "190",
            "display": "Estomac - Procédure de prélèvement"
          },
          {
            "code": "191",
            "display": "Estomac - pT"
          },
          {
            "code": "192",
            "display": "Estomac - Taille de tumeur maligne invasive (plus grande dimension)"
          },
          {
            "code": "193",
            "display": "Estomac - Type-histologique-lesion-neoplasique-maligne-invasive-CISIS"
          }
        ]
      }
    ]
  }
}