{
  "resourceType": "ValueSet",
  "id": "1.2.250.1.213.1.1.5.259",
  "meta": {
    "profile": [
      "http://hl7.org/fhir/StructureDefinition/shareablevalueset"
    ]
  },
  "extension": [
    {
      "url": "http://hl7.org/fhir/StructureDefinition/resource-effectivePeriod",
      "valuePeriod": {
        "start": "2021-03-15T00:00:00+01:00"
      }
    }
  ],
  "url": "https://smt.esante.gouv.fr/fhir/ValueSet/1.2.250.1.213.1.1.5.259",
  "identifier": [
    {
      "system": "urn:ietf:rfc:3986",
      "value": "urn:oid:1.2.250.1.213.1.1.5.259"
    }
  ],
  "version": "20230404000000",
  "name": "JDV_Corps_uterin_Extension_microscopique_macroscopique_tumeur_CISIS",
  "title": "JDV_Corps_uterin_Extension_microscopique_macroscopique_tumeur_CISIS",
  "status": "retired",
  "experimental": false,
  "date": "2023-04-04T00:00:00+01:00",
  "publisher": "Agence du Numérique en Santé(ANS) -2 - 10 Rue d'Oradour-sur-Glane, 75015 Paris",
  "description": "JDV_Corps_uterin_Extension_microscopique_macroscopique_tumeur_CISIS",
  "compose": {
    "include": [
      {
        "system": "1.3.6.1.4.1.19376.1.8.2.1",
        "concept": [
          {
            "code": "573",
            "display": "Sereuse utérine"
          },
          {
            "code": "574",
            "display": "Col utérin avec invasion du chorion"
          },
          {
            "code": "575",
            "display": "Col utérin sans invasion du chorion"
          },
          {
            "code": "576",
            "display": "Vagin"
          },
          {
            "code": "577",
            "display": "Paramètres"
          },
          {
            "code": "578",
            "display": "Sereuse ovarienne ou tubare"
          },
          {
            "code": "579",
            "display": "Vessie (muqueuse)"
          },
          {
            "code": "580",
            "display": "Intestin (muqueuse)"
          },
          {
            "code": "581",
            "display": "Cellules tumorales dans l'ascite/lavage péritonéal"
          }
        ]
      }
    ]
  }
}