{
  "resourceType": "ValueSet",
  "id": "1.2.250.1.213.1.1.5.488",
  "meta": {
    "profile": [
      "http://hl7.org/fhir/StructureDefinition/shareablevalueset"
    ]
  },
  "extension": [
    {
      "url": "http://hl7.org/fhir/StructureDefinition/resource-effectivePeriod",
      "valuePeriod": {
        "start": "2021-03-15T00:00:00+01:00"
      }
    }
  ],
  "url": "https://smt.esante.gouv.fr/fhir/ValueSet/1.2.250.1.213.1.1.5.488",
  "identifier": [
    {
      "system": "urn:ietf:rfc:3986",
      "value": "urn:oid:1.2.250.1.213.1.1.5.488"
    }
  ],
  "version": "20241010000000",
  "name": "JDV_FacteursDeRisqueSociaux_CISIS",
  "title": "JDV_FacteursDeRisqueSociaux_CISIS",
  "status": "active",
  "experimental": false,
  "date": "2024-10-10T00:00:00+01:00",
  "publisher": "Agence du Numérique en Santé(ANS) -2 - 10 Rue d'Oradour-sur-Glane, 75015 Paris",
  "description": "JDV_FacteursDeRisqueSociaux_CISIS",
  "compose": {
    "include": [
      {
        "system": "http://snomed.info/sct",
        "concept": [
          {
            "code": "422650009",
            "display": "isolement social"
          },
          {
            "code": "224226001",
            "display": "sans domicile fixe"
          },
          {
            "code": "424860001",
            "display": "faible revenu"
          }
        ]
      }
    ]
  }
}