{
  "resourceType": "ValueSet",
  "id": "1.2.250.1.213.1.1.5.683",
  "meta": {
    "profile": [
      "http://hl7.org/fhir/StructureDefinition/shareablevalueset"
    ]
  },
  "extension": [
    {
      "url": "http://hl7.org/fhir/StructureDefinition/resource-effectivePeriod",
      "valuePeriod": {
        "start": "2021-03-15T00:00:00+01:00"
      }
    }
  ],
  "url": "https://smt.esante.gouv.fr/fhir/ValueSet/1.2.250.1.213.1.1.5.683",
  "identifier": [
    {
      "system": "urn:ietf:rfc:3986",
      "value": "urn:oid:1.2.250.1.213.1.1.5.683"
    }
  ],
  "version": "20221010000000",
  "name": "JDV_AllergenNoDrug_CISIS",
  "title": "JDV_AllergenNoDrug_CISIS",
  "status": "retired",
  "experimental": false,
  "date": "2022-10-10T00:00:00+01:00",
  "publisher": "Agence du Numérique en Santé(ANS) -2 - 10 Rue d'Oradour-sur-Glane, 75015 Paris",
  "description": "JDV_AllergenNoDrug_CISIS",
  "compose": {
    "include": [
      {
        "system": "http://snomed.info/sct",
        "concept": [
          {
            "code": "2309006",
            "display": "Gold"
          },
          {
            "code": "2799001",
            "display": "Methylbenzethonium chloride"
          },
          {
            "code": "3829006",
            "display": "Iron"
          },
          {
            "code": "7791007",
            "display": "Soy protein"
          },
          {
            "code": "9021002",
            "display": "Carbaryl"
          },
          {
            "code": "11526002",
            "display": "Aspartame"
          },
          {
            "code": "11894001",
            "display": "Clostridium botulinum toxin"
          },
          {
            "code": "12503006",
            "display": "Aluminium"
          },
          {
            "code": "12510000",
            "display": "Eucalyptus oil"
          },
          {
            "code": "13577000",
            "display": "Nut"
          },
          {
            "code": "13652007",
            "display": "Silicone"
          },
          {
            "code": "14402002",
            "display": "Wood"
          },
          {
            "code": "14423008",
            "display": "Adhesive bandage"
          },
          {
            "code": "23182003",
            "display": "Cereal"
          },
          {
            "code": "28230009",
            "display": "Poultry"
          },
          {
            "code": "28647000",
            "display": "Meat"
          },
          {
            "code": "31006001",
            "display": "Kingdom Plantae"
          },
          {
            "code": "33008008",
            "display": "Dust"
          },
          {
            "code": "33396006",
            "display": "Nickel"
          },
          {
            "code": "37017009",
            "display": "Helminth"
          },
          {
            "code": "41967008",
            "display": "Silver"
          },
          {
            "code": "42416001",
            "display": "Lanolin"
          },
          {
            "code": "43230003",
            "display": "Rubber"
          },
          {
            "code": "43735007",
            "display": "Sulphur"
          },
          {
            "code": "44027008",
            "display": "Seafood"
          },
          {
            "code": "47703008",
            "display": "Lactose"
          },
          {
            "code": "51905005",
            "display": "Mustard"
          },
          {
            "code": "52454007",
            "display": "Albumin"
          },
          {
            "code": "57126000",
            "display": "Glue"
          },
          {
            "code": "59351004",
            "display": "Citrate"
          },
          {
            "code": "59533004",
            "display": "Food additive"
          },
          {
            "code": "59545008",
            "display": "Pesticide"
          },
          {
            "code": "61789006",
            "display": "Dye"
          },
          {
            "code": "63338004",
            "display": "Drug flavoring"
          },
          {
            "code": "66925006",
            "display": "Copper"
          },
          {
            "code": "67324005",
            "display": "Rice"
          },
          {
            "code": "72511004",
            "display": "Fruit"
          },
          {
            "code": "80237000",
            "display": "Cocoa butter"
          },
          {
            "code": "83619009",
            "display": "Polyvinyl alcohol"
          },
          {
            "code": "89811004",
            "display": "Gluten"
          },
          {
            "code": "89889006",
            "display": "Cotton fibre"
          },
          {
            "code": "91598004",
            "display": "Benzoyl peroxide"
          },
          {
            "code": "102259006",
            "display": "Citrus fruit"
          },
          {
            "code": "102261002",
            "display": "Strawberry"
          },
          {
            "code": "102262009",
            "display": "Chocolate"
          },
          {
            "code": "102263004",
            "display": "Eggs (edible)"
          },
          {
            "code": "102264005",
            "display": "Cheese"
          },
          {
            "code": "105590001",
            "display": "Substance"
          },
          {
            "code": "111088007",
            "display": "Latex"
          },
          {
            "code": "115589000",
            "display": "Ethanolamine"
          },
          {
            "code": "116549003",
            "display": "Organochlorine pesticide"
          },
          {
            "code": "116637007",
            "display": "Fungal antigen"
          },
          {
            "code": "119417004",
            "display": "Organophosphate insecticide"
          },
          {
            "code": "128488006",
            "display": "House dust"
          },
          {
            "code": "128489003",
            "display": "Sand"
          },
          {
            "code": "226491003",
            "display": "Apple juice"
          },
          {
            "code": "226760005",
            "display": "Dairy foods"
          },
          {
            "code": "226915003",
            "display": "Red meat"
          },
          {
            "code": "226934003",
            "display": "Pork"
          },
          {
            "code": "227144008",
            "display": "Tuna fish"
          },
          {
            "code": "227313005",
            "display": "Pulse vegetables"
          },
          {
            "code": "227374009",
            "display": "Herbs and spices"
          },
          {
            "code": "227388008",
            "display": "Cinnamon"
          },
          {
            "code": "227425007",
            "display": "Figs"
          },
          {
            "code": "227444000",
            "display": "Raspberries"
          },
          {
            "code": "230034002",
            "display": "Nuts and seeds"
          },
          {
            "code": "255640000",
            "display": "Biocide"
          },
          {
            "code": "255667006",
            "display": "Paraffin"
          },
          {
            "code": "256259004",
            "display": "Pollen"
          },
          {
            "code": "256260009",
            "display": "Tree and shrub pollen"
          },
          {
            "code": "256277009",
            "display": "Grass pollen"
          },
          {
            "code": "256292005",
            "display": "Flower and weed pollen"
          },
          {
            "code": "256303006",
            "display": "Ragweed pollen"
          },
          {
            "code": "256305004",
            "display": "Tree resin"
          },
          {
            "code": "256307007",
            "display": "Banana"
          },
          {
            "code": "256319004",
            "display": "Carrot"
          },
          {
            "code": "256326004",
            "display": "Celery"
          },
          {
            "code": "256352005",
            "display": "Walnut - nut"
          },
          {
            "code": "256355007",
            "display": "Soya bean"
          },
          {
            "code": "256417003",
            "display": "Horse dander"
          },
          {
            "code": "256419000",
            "display": "Mouse epithelium"
          },
          {
            "code": "256435007",
            "display": "Feathers"
          },
          {
            "code": "256440004",
            "display": "Wasp venom"
          },
          {
            "code": "256443002",
            "display": "Egg white"
          },
          {
            "code": "256504004",
            "display": "Polycarbonate dental material"
          },
          {
            "code": "260118006",
            "display": "Wall pellitory pollen"
          },
          {
            "code": "260126003",
            "display": "Olive pollen"
          },
          {
            "code": "260152009",
            "display": "Cat dander"
          },
          {
            "code": "260153004",
            "display": "Cow dander"
          },
          {
            "code": "260154005",
            "display": "Dog dander"
          },
          {
            "code": "260156007",
            "display": "Mouse urine proteins"
          },
          {
            "code": "260167008",
            "display": "Sesame seed"
          },
          {
            "code": "260176001",
            "display": "Kiwi fruit"
          },
          {
            "code": "260177005",
            "display": "Melon"
          },
          {
            "code": "261243003",
            "display": "Brass"
          },
          {
            "code": "264287008",
            "display": "Animal dander"
          },
          {
            "code": "264295007",
            "display": "Cow's milk protein"
          },
          {
            "code": "264337003",
            "display": "Seed"
          },
          {
            "code": "276310004",
            "display": "Animal hair"
          },
          {
            "code": "278840001",
            "display": "Shrimp product"
          },
          {
            "code": "280939008",
            "display": "Insect venom"
          },
          {
            "code": "288328004",
            "display": "Bee venom"
          },
          {
            "code": "289122001",
            "display": "Cosmetic material"
          },
          {
            "code": "289949002",
            "display": "Cypress pollen"
          },
          {
            "code": "303300008",
            "display": "Egg protein"
          },
          {
            "code": "303314008",
            "display": "Scorpion venom"
          },
          {
            "code": "303315009",
            "display": "Spider venom"
          },
          {
            "code": "311846002",
            "display": "Pyrethroid insecticide"
          },
          {
            "code": "386936005",
            "display": "Azelaic acid"
          },
          {
            "code": "387293003",
            "display": "Dithranol"
          },
          {
            "code": "387398009",
            "display": "Podophyllum resin"
          },
          {
            "code": "391737006",
            "display": "Almond oil"
          },
          {
            "code": "396031000",
            "display": "Dimeticone"
          },
          {
            "code": "406466009",
            "display": "House dust allergen"
          },
          {
            "code": "406470001",
            "display": "Insect allergen"
          },
          {
            "code": "406472009",
            "display": "Animal protein and epidermal allergen"
          },
          {
            "code": "406473004",
            "display": "Contact allergen"
          },
          {
            "code": "406774009",
            "display": "Fish derived omega 3 fatty acid"
          },
          {
            "code": "410853002",
            "display": "Perfluorochemical"
          },
          {
            "code": "412061001",
            "display": "Blueberries"
          },
          {
            "code": "412068007",
            "display": "Rye"
          },
          {
            "code": "412071004",
            "display": "Wheat"
          },
          {
            "code": "412145001",
            "display": "Hair dye"
          },
          {
            "code": "412153009",
            "display": "Rabbit dander"
          },
          {
            "code": "412156001",
            "display": "Silk"
          },
          {
            "code": "412160003",
            "display": "Suture allergen"
          },
          {
            "code": "412161004",
            "display": "Wool"
          },
          {
            "code": "412357001",
            "display": "Corn"
          },
          {
            "code": "415710007",
            "display": "Terpene"
          },
          {
            "code": "418266005",
            "display": "Yellow paraffin"
          },
          {
            "code": "418504009",
            "display": "Oats"
          },
          {
            "code": "418785009",
            "display": "Perfume"
          },
          {
            "code": "418920007",
            "display": "Adhesive agent"
          },
          {
            "code": "419420009",
            "display": "Watermelon"
          },
          {
            "code": "419604006",
            "display": "Weed pollen"
          },
          {
            "code": "419633007",
            "display": "White paraffin"
          },
          {
            "code": "425620007",
            "display": "Metal"
          },
          {
            "code": "430503006",
            "display": "Glutamate"
          },
          {
            "code": "726764009",
            "display": "Broad bean"
          },
          {
            "code": "734881000",
            "display": "Tomato"
          },
          {
            "code": "735006003",
            "display": "Squid"
          },
          {
            "code": "735029006",
            "display": "Shellfish"
          },
          {
            "code": "735030001",
            "display": "Garlic"
          },
          {
            "code": "735045008",
            "display": "Mushroom"
          },
          {
            "code": "735047000",
            "display": "Onion"
          },
          {
            "code": "735049002",
            "display": "Peach"
          },
          {
            "code": "735053000",
            "display": "Potato"
          },
          {
            "code": "735215001",
            "display": "Apple"
          },
          {
            "code": "735248001",
            "display": "Cherry"
          },
          {
            "code": "735341005",
            "display": "Fish oil"
          },
          {
            "code": "735971005",
            "display": "Fish"
          },
          {
            "code": "735979007",
            "display": "Octopus"
          },
          {
            "code": "736031006",
            "display": "Oyster"
          },
          {
            "code": "736162008",
            "display": "Lobster"
          },
          {
            "code": "762766007",
            "display": "Edible substance"
          },
          {
            "code": "762952008",
            "display": "Peanut"
          },
          {
            "code": "767406000",
            "display": "Sulphite and sulphite derivative"
          },
          {
            "code": "772245002",
            "display": "Wool alcohol"
          }
        ]
      }
    ]
  }
}