{
  "resourceType": "ValueSet",
  "id": "1.2.250.1.213.1.1.5.788",
  "meta": {
    "profile": [
      "http://hl7.org/fhir/StructureDefinition/shareablevalueset"
    ]
  },
  "extension": [
    {
      "url": "http://hl7.org/fhir/StructureDefinition/resource-effectivePeriod",
      "valuePeriod": {
        "start": "2021-03-15T00:00:00+01:00"
      }
    }
  ],
  "url": "https://smt.esante.gouv.fr/fhir/ValueSet/1.2.250.1.213.1.1.5.788",
  "identifier": [
    {
      "system": "urn:ietf:rfc:3986",
      "value": "urn:oid:1.2.250.1.213.1.1.5.788"
    }
  ],
  "version": "20240522000000",
  "name": "JDV_Evolution_CISIS",
  "title": "JDV_Evolution_CISIS",
  "status": "active",
  "experimental": false,
  "date": "2024-05-22T00:00:00+01:00",
  "publisher": "Agence du Numérique en Santé(ANS) -2 - 10 Rue d'Oradour-sur-Glane, 75015 Paris",
  "description": "JDV_Evolution_CISIS",
  "compose": {
    "include": [
      {
        "system": "https://smt.esante.gouv.fr/fhir/CodeSystem/1.2.250.1.213.1.1.4.322",
        "concept": [
          {
            "code": "MED-1281",
            "display": "décès auquel l’effet a pu contribuer"
          },
          {
            "code": "MED-1282",
            "display": "décès sans rapport avec l’effet"
          }
        ]
      },
      {
        "system": "http://snomed.info/sct",
        "concept": [
          {
            "code": "1352007006",
            "display": "guérison sans séquelle"
          },
          {
            "code": "1335890004",
            "display": "guéri(e) de l’évènement indésirable avec séquelle"
          },
          {
            "code": "1336140009",
            "display": "en cours de guérison de l’évènement indésirable"
          },
          {
            "code": "1339036001",
            "display": "évènement indésirable persistant sans guérison"
          },
          {
            "code": "405535005",
            "display": "évènement indésirable causant la mort"
          },
          {
            "code": "261665006",
            "display": "inconnu(e)"
          }
        ]
      }
    ]
  }
}