{
  "resourceType": "ValueSet",
  "id": "1.2.250.1.213.1.1.5.218",
  "meta": {
    "profile": [
      "http://hl7.org/fhir/StructureDefinition/shareablevalueset"
    ]
  },
  "extension": [
    {
      "url": "http://hl7.org/fhir/StructureDefinition/resource-effectivePeriod",
      "valuePeriod": {
        "start": "2021-03-15T00:00:00+01:00"
      }
    }
  ],
  "url": "https://smt.esante.gouv.fr/fhir/ValueSet/1.2.250.1.213.1.1.5.218",
  "identifier": [
    {
      "system": "urn:ietf:rfc:3986",
      "value": "urn:oid:1.2.250.1.213.1.1.5.218"
    }
  ],
  "version": "20231114000000",
  "name": "JDV_ComplicationNeurologique_CISIS",
  "title": "JDV_ComplicationNeurologique_CISIS",
  "status": "active",
  "experimental": false,
  "date": "2023-11-14T00:00:00+01:00",
  "publisher": "Agence du Numérique en Santé(ANS) -2 - 10 Rue d'Oradour-sur-Glane, 75015 Paris",
  "description": "JDV_ComplicationNeurologique_CISIS",
  "compose": {
    "include": [
      {
        "system": "http://terminology.hl7.org/CodeSystem/icd10",
        "concept": [
          {
            "code": "I22",
            "display": "infarctus du myocarde récidivant"
          },
          {
            "code": "R60.9",
            "display": "Œdème, sans précision"
          }
        ]
      },
      {
        "system": "https://smt.esante.gouv.fr/fhir/CodeSystem/1.2.250.1.213.1.1.4.322",
        "concept": [
          {
            "code": "MED-469",
            "display": "Récidive d'hémorragie"
          },
          {
            "code": "MED-470",
            "display": "Transformation hémorragique"
          },
          {
            "code": "GEN-092.01.03",
            "display": "Autre complication neurologique"
          }
        ]
      }
    ]
  }
}