{
  "resourceType": "ValueSet",
  "id": "1.2.250.1.213.1.1.5.214",
  "meta": {
    "profile": [
      "http://hl7.org/fhir/StructureDefinition/shareablevalueset"
    ]
  },
  "extension": [
    {
      "url": "http://hl7.org/fhir/StructureDefinition/resource-effectivePeriod",
      "valuePeriod": {
        "start": "2021-03-15T00:00:00+01:00"
      }
    }
  ],
  "url": "https://smt.esante.gouv.fr/fhir/ValueSet/1.2.250.1.213.1.1.5.214",
  "identifier": [
    {
      "system": "urn:ietf:rfc:3986",
      "value": "urn:oid:1.2.250.1.213.1.1.5.214"
    }
  ],
  "version": "20230707000000",
  "name": "JDV_ArtereTronc_CISIS",
  "title": "JDV_ArtereTronc_CISIS",
  "status": "active",
  "experimental": false,
  "date": "2023-07-07T00:00:00+01:00",
  "publisher": "Agence du Numérique en Santé(ANS) -2 - 10 Rue d'Oradour-sur-Glane, 75015 Paris",
  "description": "JDV_ArtereTronc_CISIS",
  "compose": {
    "include": [
      {
        "system": "http://snomed.info/sct",
        "concept": [
          {
            "code": "61962009",
            "display": "mésencéphale"
          },
          {
            "code": "49557009",
            "display": "pont"
          },
          {
            "code": "26519002",
            "display": "moelle allongée"
          }
        ]
      }
    ]
  }
}