{
  "resourceType": "ValueSet",
  "id": "1.2.250.1.213.1.1.5.84",
  "meta": {
    "profile": [
      "http://hl7.org/fhir/StructureDefinition/shareablevalueset"
    ]
  },
  "extension": [
    {
      "url": "http://hl7.org/fhir/StructureDefinition/resource-effectivePeriod",
      "valuePeriod": {
        "start": "2021-03-15T00:00:00+01:00"
      }
    }
  ],
  "url": "https://smt.esante.gouv.fr/fhir/ValueSet/1.2.250.1.213.1.1.5.84",
  "identifier": [
    {
      "system": "urn:ietf:rfc:3986",
      "value": "urn:oid:1.2.250.1.213.1.1.5.84"
    }
  ],
  "version": "20230202000000",
  "name": "JDV_BilanTechnique_CISIS",
  "title": "JDV_BilanTechnique_CISIS",
  "status": "active",
  "experimental": false,
  "date": "2023-02-02T00:00:00+01:00",
  "publisher": "Agence du Numérique en Santé(ANS) -2 - 10 Rue d'Oradour-sur-Glane, 75015 Paris",
  "description": "JDV_BilanTechnique_CISIS",
  "compose": {
    "include": [
      {
        "system": "https://smt.esante.gouv.fr/fhir/CodeSystem/1.2.250.1.213.1.1.4.322",
        "concept": [
          {
            "code": "MED-034",
            "display": "Agrandissement"
          },
          {
            "code": "GEN-092.04.16",
            "display": "Autres clichés"
          },
          {
            "code": "MED-113",
            "display": "Tomosynthèse"
          }
        ]
      },
      {
        "system": "http://dicom.nema.org/resources/ontology/DCM",
        "concept": [
          {
            "code": "OT",
            "display": "Autre technique d'imagerie"
          },
          {
            "code": "US",
            "display": "Echographie"
          }
        ]
      }
    ]
  }
}