{
  "resourceType": "ValueSet",
  "id": "1.2.250.1.213.1.1.5.253",
  "meta": {
    "profile": [
      "http://hl7.org/fhir/StructureDefinition/shareablevalueset"
    ]
  },
  "extension": [
    {
      "url": "http://hl7.org/fhir/StructureDefinition/resource-effectivePeriod",
      "valuePeriod": {
        "start": "2021-03-15T00:00:00+01:00"
      }
    }
  ],
  "url": "https://smt.esante.gouv.fr/fhir/ValueSet/1.2.250.1.213.1.1.5.253",
  "identifier": [
    {
      "system": "urn:ietf:rfc:3986",
      "value": "urn:oid:1.2.250.1.213.1.1.5.253"
    }
  ],
  "version": "20230404000000",
  "name": "JDV_Colon_Observation_anatomie_pathologique_CISIS",
  "title": "JDV_Colon_Observation_anatomie_pathologique_CISIS",
  "status": "retired",
  "experimental": false,
  "date": "2023-04-04T00:00:00+01:00",
  "publisher": "Agence du Numérique en Santé(ANS) -2 - 10 Rue d'Oradour-sur-Glane, 75015 Paris",
  "description": "JDV_Colon_Observation_anatomie_pathologique_CISIS",
  "compose": {
    "include": [
      {
        "system": "1.3.6.1.4.1.19376.1.8.2.1",
        "concept": [
          {
            "code": "35",
            "display": "Côlon - Dépots intra-tumoraux"
          },
          {
            "code": "47",
            "display": "Côlon - Atteinte des limites de résection par la lésion (adénome)"
          },
          {
            "code": "48",
            "display": "Côlon - Atteinte des limites de résection par la tumeur in situ (carcinome in situ)"
          },
          {
            "code": "144",
            "display": "Côlon - Atteinte des limites de résection par la tumeur maligne invasive"
          },
          {
            "code": "145",
            "display": "Côlon - Distance tumeur in situ (carcinome in situ)/plus proche limite de résection"
          },
          {
            "code": "146",
            "display": "Côlon - Distance tumeur maligne invasive/plus proche limite de résection"
          },
          {
            "code": "147",
            "display": "Côlon - Emboles vasculaires"
          },
          {
            "code": "148",
            "display": "Côlon - Extension microscopique et macroscopique de la tumeur"
          },
          {
            "code": "149",
            "display": "Côlon - Infiltration péri-nerveuse"
          },
          {
            "code": "150",
            "display": "Côlon - Localisation de la tumeur dans l'organe"
          },
          {
            "code": "151",
            "display": "Côlon - Localisation de(s) limite(s) de résection"
          },
          {
            "code": "152",
            "display": "Côlon - Nombre de ganglion(s) envahi(s)"
          },
          {
            "code": "153",
            "display": "Côlon - Nombre de ganglion(s) examiné(s)"
          },
          {
            "code": "154",
            "display": "Côlon - Organe-region-prelevement-CISIS"
          },
          {
            "code": "155",
            "display": "Côlon - pN"
          },
          {
            "code": "156",
            "display": "Côlon - Procédure de prélèvement"
          },
          {
            "code": "157",
            "display": "Côlon - pT"
          },
          {
            "code": "158",
            "display": "Côlon - Taille de tumeur maligne invasive (plus grande dimension)"
          },
          {
            "code": "159",
            "display": "Côlon - Taille du prélèvement (plus grande dimension)"
          },
          {
            "code": "160",
            "display": "Côlon - Type-histologique-lesion-neoplasique-maligne-invasive-CISIS"
          }
        ]
      }
    ]
  }
}