{
  "resourceType": "ValueSet",
  "id": "1.2.250.1.213.1.1.5.247",
  "meta": {
    "profile": [
      "http://hl7.org/fhir/StructureDefinition/shareablevalueset"
    ]
  },
  "extension": [
    {
      "url": "http://hl7.org/fhir/StructureDefinition/resource-effectivePeriod",
      "valuePeriod": {
        "start": "2021-03-15T00:00:00+01:00"
      }
    }
  ],
  "url": "https://smt.esante.gouv.fr/fhir/ValueSet/1.2.250.1.213.1.1.5.247",
  "identifier": [
    {
      "system": "urn:ietf:rfc:3986",
      "value": "urn:oid:1.2.250.1.213.1.1.5.247"
    }
  ],
  "version": "20230404000000",
  "name": "JDV_Col_Uterus_Type_histologique_lesion_neoplasique_maligne_invasive_CISIS",
  "title": "JDV_Col_Uterus_Type_histologique_lesion_neoplasique_maligne_invasive_CISIS",
  "status": "retired",
  "experimental": false,
  "date": "2023-04-04T00:00:00+01:00",
  "publisher": "Agence du Numérique en Santé(ANS) -2 - 10 Rue d'Oradour-sur-Glane, 75015 Paris",
  "description": "JDV_Col_Uterus_Type_histologique_lesion_neoplasique_maligne_invasive_CISIS",
  "compose": {
    "include": [
      {
        "system": "1.3.6.1.4.1.19376.1.8.2.1",
        "concept": [
          {
            "code": "507",
            "display": "Carcinome invasif (SAI)"
          },
          {
            "code": "508",
            "display": "Adénocarcinome mucineux : endocervical"
          },
          {
            "code": "509",
            "display": "Adénocarcinome mucineux : intestinal"
          },
          {
            "code": "510",
            "display": "Adénocarcinome mucineux : à cellules en bague à chaton"
          },
          {
            "code": "511",
            "display": "Adénocarcinome mucineux : à déviation minime"
          },
          {
            "code": "512",
            "display": "Adénocarcinome mucineux : villoglandulaire"
          },
          {
            "code": "513",
            "display": "Adénocarcinome endométrioïde"
          },
          {
            "code": "514",
            "display": "Adénocarcinome à cellules claires"
          },
          {
            "code": "515",
            "display": "Adénocarcinome séreux"
          },
          {
            "code": "516",
            "display": "Adénocarcinome mésonéphrique"
          },
          {
            "code": "517",
            "display": "Carcinome indifférencié"
          },
          {
            "code": "518",
            "display": "Carcinome à petites cellules"
          },
          {
            "code": "1437",
            "display": "Carcinome épidermoïde invasif (SAI)"
          },
          {
            "code": "1438",
            "display": "Adénoarcinome invasif (SAI)"
          }
        ]
      }
    ]
  }
}