{
  "resourceType": "ValueSet",
  "id": "1.2.250.1.213.1.1.5.149",
  "meta": {
    "profile": [
      "http://hl7.org/fhir/StructureDefinition/shareablevalueset"
    ]
  },
  "extension": [
    {
      "url": "http://hl7.org/fhir/StructureDefinition/resource-effectivePeriod",
      "valuePeriod": {
        "start": "2021-03-15T00:00:00+01:00"
      }
    }
  ],
  "url": "https://smt.esante.gouv.fr/fhir/ValueSet/1.2.250.1.213.1.1.5.149",
  "identifier": [
    {
      "system": "urn:ietf:rfc:3986",
      "value": "urn:oid:1.2.250.1.213.1.1.5.149"
    }
  ],
  "version": "20100101000000",
  "name": "JDV_Conditionnement_CISIS",
  "title": "JDV_Conditionnement_CISIS",
  "status": "active",
  "experimental": false,
  "date": "2010-01-01T00:00:00+01:00",
  "publisher": "Agence du Numérique en Santé(ANS) -2 - 10 Rue d'Oradour-sur-Glane, 75015 Paris",
  "description": "JDV_Conditionnement_CISIS",
  "compose": {
    "include": [
      {
        "system": "1.2.250.1.213.2.11",
        "concept": [
          {
            "code": "C",
            "display": "Cytologie par étalement"
          },
          {
            "code": "H",
            "display": "Histologie et cytologie par inclusion"
          },
          {
            "code": "K",
            "display": "Matériel congelé – tissuthèque"
          },
          {
            "code": "X",
            "display": "Autres technique (Imagerie, radiologie, échographie,  tomodensitométrie, IRM…)"
          }
        ]
      }
    ]
  }
}