{
  "resourceType": "ValueSet",
  "id": "1.2.250.1.213.1.1.5.806",
  "meta": {
    "profile": [
      "http://hl7.org/fhir/StructureDefinition/shareablevalueset"
    ]
  },
  "extension": [
    {
      "url": "http://hl7.org/fhir/StructureDefinition/resource-effectivePeriod",
      "valuePeriod": {
        "start": "2021-03-15T00:00:00+01:00"
      }
    }
  ],
  "url": "https://smt.esante.gouv.fr/fhir/ValueSet/1.2.250.1.213.1.1.5.806",
  "identifier": [
    {
      "system": "urn:ietf:rfc:3986",
      "value": "urn:oid:1.2.250.1.213.1.1.5.806"
    }
  ],
  "version": "20240918000000",
  "name": "JDV_EvaluationAGGIRPA_CISIS",
  "title": "JDV_EvaluationAGGIRPA_CISIS",
  "status": "active",
  "experimental": false,
  "date": "2024-09-18T00:00:00+01:00",
  "publisher": "Agence du Numérique en Santé(ANS) -2 - 10 Rue d'Oradour-sur-Glane, 75015 Paris",
  "description": "JDV_EvaluationAGGIRPA_CISIS",
  "compose": {
    "include": [
      {
        "system": "2.16.840.1.113883.6.254",
        "concept": [
          {
            "code": "d350",
            "display": "Conversation"
          },
          {
            "code": "b114",
            "display": "Fonctions d'orientation"
          },
          {
            "code": "d510",
            "display": "Se laver"
          },
          {
            "code": "d540",
            "display": "S'habiller"
          },
          {
            "code": "d550",
            "display": "Manger"
          },
          {
            "code": "d5300",
            "display": "Assurer la régulation de la miction"
          },
          {
            "code": "d5301",
            "display": "Assurer la régulation de la défécation"
          },
          {
            "code": "d420",
            "display": "Se transférer"
          },
          {
            "code": "d4600",
            "display": "Se déplacer dans la maison"
          },
          {
            "code": "d4602",
            "display": "Se déplacer en dehors de la maison et d'autres bâtiments"
          },
          {
            "code": "d360",
            "display": "Utiliser des appareils et des techniques de communication"
          }
        ]
      }
    ]
  }
}