{
  "resourceType": "ValueSet",
  "id": "1.2.250.1.213.1.1.5.666",
  "meta": {
    "profile": [
      "http://hl7.org/fhir/StructureDefinition/shareablevalueset"
    ]
  },
  "extension": [
    {
      "url": "http://hl7.org/fhir/StructureDefinition/resource-effectivePeriod",
      "valuePeriod": {
        "start": "2021-03-15T00:00:00+01:00"
      }
    }
  ],
  "url": "https://smt.esante.gouv.fr/fhir/ValueSet/1.2.250.1.213.1.1.5.666",
  "identifier": [
    {
      "system": "urn:ietf:rfc:3986",
      "value": "urn:oid:1.2.250.1.213.1.1.5.666"
    }
  ],
  "version": "20211222000000",
  "name": "JDV_AbsentOrUnknownImmunization_CISIS",
  "title": "JDV_AbsentOrUnknownImmunization_CISIS",
  "status": "active",
  "experimental": false,
  "date": "2021-12-22T00:00:00+01:00",
  "publisher": "Agence du Numérique en Santé(ANS) -2 - 10 Rue d'Oradour-sur-Glane, 75015 Paris",
  "description": "JDV_AbsentOrUnknownImmunization_CISIS",
  "compose": {
    "include": [
      {
        "system": "http://hl7.org/fhir/uv/ips/CodeSystem/absent-unknown-uv-ips",
        "concept": [
          {
            "code": "no-immunization-info",
            "display": "Pas d'information sur les vaccins"
          },
          {
            "code": "no-known-immunizations",
            "display": "Pas de vaccin connu"
          }
        ]
      }
    ]
  }
}