{
  "resourceType": "ValueSet",
  "id": "1.2.250.1.213.1.1.5.496",
  "meta": {
    "profile": [
      "http://hl7.org/fhir/StructureDefinition/shareablevalueset"
    ]
  },
  "extension": [
    {
      "url": "http://hl7.org/fhir/StructureDefinition/resource-effectivePeriod",
      "valuePeriod": {
        "start": "2021-03-15T00:00:00+01:00"
      }
    }
  ],
  "url": "https://smt.esante.gouv.fr/fhir/ValueSet/1.2.250.1.213.1.1.5.496",
  "identifier": [
    {
      "system": "urn:ietf:rfc:3986",
      "value": "urn:oid:1.2.250.1.213.1.1.5.496"
    }
  ],
  "version": "20221216000000",
  "name": "JDV_AbordVeineuxCentral_CISIS",
  "title": "JDV_AbordVeineuxCentral_CISIS",
  "status": "active",
  "experimental": false,
  "date": "2022-12-16T00:00:00+01:00",
  "publisher": "Agence du Numérique en Santé(ANS) -2 - 10 Rue d'Oradour-sur-Glane, 75015 Paris",
  "description": "JDV_AbordVeineuxCentral_CISIS",
  "compose": {
    "include": [
      {
        "system": "http://snomed.info/sct",
        "concept": [
          {
            "code": "181372005",
            "display": "veine jugulaire interne entière"
          },
          {
            "code": "181371003",
            "display": "veine brachiocéphalique entière"
          },
          {
            "code": "181388005",
            "display": "veine sous-clavière entière"
          },
          {
            "code": "362071002",
            "display": "veine fémorale entière"
          },
          {
            "code": "181387000",
            "display": "veines du membre supérieur entier"
          }
        ]
      }
    ]
  }
}