{
  "resourceType": "ValueSet",
  "id": "1.2.250.1.213.1.1.5.757",
  "meta": {
    "profile": [
      "http://hl7.org/fhir/StructureDefinition/shareablevalueset"
    ]
  },
  "extension": [
    {
      "url": "http://hl7.org/fhir/StructureDefinition/resource-effectivePeriod",
      "valuePeriod": {
        "start": "2021-03-15T00:00:00+01:00"
      }
    }
  ],
  "url": "https://smt.esante.gouv.fr/fhir/ValueSet/1.2.250.1.213.1.1.5.757",
  "identifier": [
    {
      "system": "urn:ietf:rfc:3986",
      "value": "urn:oid:1.2.250.1.213.1.1.5.757"
    }
  ],
  "version": "20230831000000",
  "name": "JDV_ActeOBP_CISIS",
  "title": "JDV_ActeOBP_CISIS",
  "status": "active",
  "experimental": false,
  "date": "2023-08-31T00:00:00+01:00",
  "publisher": "Agence du Numérique en Santé(ANS) -2 - 10 Rue d'Oradour-sur-Glane, 75015 Paris",
  "description": "JDV_ActeOBP_CISIS",
  "compose": {
    "include": [
      {
        "system": "https://smt.esante.gouv.fr/fhir/CodeSystem/1.2.250.1.213.1.1.4.322",
        "concept": [
          {
            "code": "MED-1249",
            "display": "Anesthésie avant la naissance"
          },
          {
            "code": "MED-1250",
            "display": "Anesthésie après la naissance"
          },
          {
            "code": "MED-1251",
            "display": "Acte pratiqué en post-partum"
          }
        ]
      },
      {
        "system": "http://loinc.org",
        "concept": [
          {
            "code": "73813-8",
            "display": "Caractéristiques du travail"
          }
        ]
      },
      {
        "system": "http://snomed.info/sct",
        "concept": [
          {
            "code": "236958009",
            "display": "induction du travail"
          },
          {
            "code": "116859006",
            "display": "transfusion de produits sanguins"
          },
          {
            "code": "236945008",
            "display": "intervention obstétricale ante partum"
          }
        ]
      }
    ]
  }
}