{
  "resourceType": "ValueSet",
  "id": "1.2.250.1.213.1.1.5.92",
  "meta": {
    "profile": [
      "http://hl7.org/fhir/StructureDefinition/shareablevalueset"
    ]
  },
  "extension": [
    {
      "url": "http://hl7.org/fhir/StructureDefinition/resource-effectivePeriod",
      "valuePeriod": {
        "start": "2021-03-15T00:00:00+01:00"
      }
    }
  ],
  "url": "https://smt.esante.gouv.fr/fhir/ValueSet/1.2.250.1.213.1.1.5.92",
  "identifier": [
    {
      "system": "urn:ietf:rfc:3986",
      "value": "urn:oid:1.2.250.1.213.1.1.5.92"
    }
  ],
  "version": "20231127000000",
  "name": "JDV_BIO_Interpretation_CISIS",
  "title": "JDV_BIO_Interpretation_CISIS",
  "status": "retired",
  "experimental": false,
  "date": "2023-11-27T00:00:00+01:00",
  "publisher": "Agence du Numérique en Santé(ANS) -2 - 10 Rue d'Oradour-sur-Glane, 75015 Paris",
  "description": "JDV_BIO_Interpretation_CISIS",
  "compose": {
    "include": [
      {
        "system": "http://terminology.hl7.org/CodeSystem/v3-ObservationInterpretation",
        "concept": [
          {
            "code": "B",
            "display": "Amélioration"
          },
          {
            "code": "D",
            "display": "Diminution significative par rapport au résultat antérieur"
          },
          {
            "code": "U",
            "display": "Augmentation significative par rapport au résultat antérieur"
          },
          {
            "code": "W",
            "display": "Dégradation"
          },
          {
            "code": "<",
            "display": "Au dessous, hors échelle instrument de mesure"
          },
          {
            "code": ">",
            "display": "Au dessus, hors échelle instrument de mesure"
          },
          {
            "code": "A",
            "display": "Anormal"
          },
          {
            "code": "AA",
            "display": "Très anormal, alerte"
          },
          {
            "code": "HH",
            "display": "Très anormalement haut, alerte"
          },
          {
            "code": "LL",
            "display": "Très anormalement bas, alerte"
          },
          {
            "code": "H",
            "display": "Anormalement haut"
          },
          {
            "code": "L",
            "display": "Anormalement bas"
          },
          {
            "code": "N",
            "display": "Normal"
          },
          {
            "code": "S",
            "display": "Sensible"
          },
          {
            "code": "I",
            "display": "Intermédiaire"
          },
          {
            "code": "R",
            "display": "Résistant"
          },
          {
            "code": "MS",
            "display": "Modérément sensible"
          },
          {
            "code": "VS",
            "display": "Très sensible"
          }
        ]
      }
    ]
  }
}