{
  "resourceType": "ValueSet",
  "id": "1.2.250.1.213.1.1.5.257",
  "meta": {
    "profile": [
      "http://hl7.org/fhir/StructureDefinition/shareablevalueset"
    ]
  },
  "extension": [
    {
      "url": "http://hl7.org/fhir/StructureDefinition/resource-effectivePeriod",
      "valuePeriod": {
        "start": "2021-03-15T00:00:00+01:00"
      }
    }
  ],
  "url": "https://smt.esante.gouv.fr/fhir/ValueSet/1.2.250.1.213.1.1.5.257",
  "identifier": [
    {
      "system": "urn:ietf:rfc:3986",
      "value": "urn:oid:1.2.250.1.213.1.1.5.257"
    }
  ],
  "version": "20230404000000",
  "name": "JDV_Colon_pT_CISIS_CISIS",
  "title": "JDV_Colon_pT_CISIS_CISIS",
  "status": "retired",
  "experimental": false,
  "date": "2023-04-04T00:00:00+01:00",
  "publisher": "Agence du Numérique en Santé(ANS) -2 - 10 Rue d'Oradour-sur-Glane, 75015 Paris",
  "description": "JDV_Colon_pT_CISIS_CISIS",
  "compose": {
    "include": [
      {
        "system": "1.3.6.1.4.1.19376.1.8.2.1",
        "concept": [
          {
            "code": "867",
            "display": "pT0: No evidence of primary tumor"
          },
          {
            "code": "868",
            "display": "pTis: Carcinoma in situ, intraepithelial (no invasion)"
          },
          {
            "code": "869",
            "display": "pTis: Carcinoma in situ, invasion of lamina propria"
          },
          {
            "code": "870",
            "display": "pT1: Tumor invades submucosa"
          },
          {
            "code": "871",
            "display": "pT2: Tumor invades muscularis propria"
          },
          {
            "code": "872",
            "display": "pT3: Tumor invades through the muscularis propria into pericolorectal tissues"
          },
          {
            "code": "873",
            "display": "pT4a: Tumor penetrates the visceral peritoneum"
          },
          {
            "code": "874",
            "display": "pT4b: Tumor directly invades or is adherent to other organs or structures"
          }
        ]
      }
    ]
  }
}