{
  "resourceType": "ValueSet",
  "id": "1.2.250.1.213.1.1.5.684",
  "meta": {
    "profile": [
      "http://hl7.org/fhir/StructureDefinition/shareablevalueset"
    ]
  },
  "extension": [
    {
      "url": "http://hl7.org/fhir/StructureDefinition/resource-effectivePeriod",
      "valuePeriod": {
        "start": "2021-03-15T00:00:00+01:00"
      }
    }
  ],
  "url": "https://smt.esante.gouv.fr/fhir/ValueSet/1.2.250.1.213.1.1.5.684",
  "identifier": [
    {
      "system": "urn:ietf:rfc:3986",
      "value": "urn:oid:1.2.250.1.213.1.1.5.684"
    }
  ],
  "version": "20220412000000",
  "name": "JDV_FluideRouteCodes_CISIS",
  "title": "JDV_FluideRouteCodes_CISIS",
  "status": "active",
  "experimental": false,
  "date": "2022-04-12T00:00:00+01:00",
  "publisher": "Agence du Numérique en Santé(ANS) -2 - 10 Rue d'Oradour-sur-Glane, 75015 Paris",
  "description": "JDV_FluideRouteCodes_CISIS",
  "compose": {
    "include": [
      {
        "system": "0.4.0.127.0.16.1.1.2.1",
        "concept": [
          {
            "code": "20045000",
            "display": "Voie intraveineuse"
          },
          {
            "code": "20035000",
            "display": "Voie intramusculaire"
          },
          {
            "code": "20030000",
            "display": "Voie intradermique"
          },
          {
            "code": "20020000",
            "display": "Voie inhalée"
          },
          {
            "code": "20053000",
            "display": "Voie orale"
          },
          {
            "code": "20066000",
            "display": "Voie sous-cutanée"
          }
        ]
      }
    ]
  }
}