{
  "resourceType": "ValueSet",
  "id": "1.2.250.1.213.1.1.4.2.283.2",
  "meta": {
    "profile": [
      "http://hl7.org/fhir/StructureDefinition/shareablevalueset"
    ]
  },
  "extension": [
    {
      "url": "http://hl7.org/fhir/StructureDefinition/resource-effectivePeriod",
      "valuePeriod": {
        "start": "2021-03-15T00:00:00+01:00"
      }
    }
  ],
  "url": "https://smt.esante.gouv.fr/fhir/ValueSet/1.2.250.1.213.1.1.4.2.283.2",
  "identifier": [
    {
      "system": "urn:ietf:rfc:3986",
      "value": "urn:oid:1.2.250.1.213.1.1.4.2.283.2"
    }
  ],
  "version": "20221231000000",
  "name": "JDV_ClinicalStatusCodes_CISIS",
  "title": "JDV_ClinicalStatusCodes_CISIS",
  "status": "retired",
  "experimental": false,
  "date": "2022-12-31T00:00:00+01:00",
  "publisher": "Agence du Numérique en Santé(ANS) -2 - 10 Rue d'Oradour-sur-Glane, 75015 Paris",
  "description": "JDV_ClinicalStatusCodes_CISIS",
  "compose": {
    "include": [
      {
        "system": "1.2.250.1.213.1.1.4.2.286",
        "concept": [
          {
            "code": "CDA_002",
            "display": "Résolu"
          }
        ]
      },
      {
        "system": "1.2.250.1.213.2.12",
        "concept": [
          {
            "code": "G-A201",
            "display": "Exclus"
          },
          {
            "code": "G-A202",
            "display": "Ecarté"
          },
          {
            "code": "G-A230",
            "display": "Actif"
          },
          {
            "code": "G-A270",
            "display": "Chronique"
          },
          {
            "code": "G-A378",
            "display": "Inactif"
          },
          {
            "code": "G-A397",
            "display": "Intermittent"
          },
          {
            "code": "G-A500",
            "display": "Récurrent"
          }
        ]
      }
    ]
  }
}