{
  "resourceType": "ValueSet",
  "id": "1.2.250.1.213.1.1.5.268",
  "meta": {
    "profile": [
      "http://hl7.org/fhir/StructureDefinition/shareablevalueset"
    ]
  },
  "extension": [
    {
      "url": "http://hl7.org/fhir/StructureDefinition/resource-effectivePeriod",
      "valuePeriod": {
        "start": "2021-03-15T00:00:00+01:00"
      }
    }
  ],
  "url": "https://smt.esante.gouv.fr/fhir/ValueSet/1.2.250.1.213.1.1.5.268",
  "identifier": [
    {
      "system": "urn:ietf:rfc:3986",
      "value": "urn:oid:1.2.250.1.213.1.1.5.268"
    }
  ],
  "version": "20230404000000",
  "name": "JDV_Corps_uterin_Type_histologique_lesion_neoplasique_maligne_invasive_CISIS",
  "title": "JDV_Corps_uterin_Type_histologique_lesion_neoplasique_maligne_invasive_CISIS",
  "status": "retired",
  "experimental": false,
  "date": "2023-04-04T00:00:00+01:00",
  "publisher": "Agence du Numérique en Santé(ANS) -2 - 10 Rue d'Oradour-sur-Glane, 75015 Paris",
  "description": "JDV_Corps_uterin_Type_histologique_lesion_neoplasique_maligne_invasive_CISIS",
  "compose": {
    "include": [
      {
        "system": "1.3.6.1.4.1.19376.1.8.2.1",
        "concept": [
          {
            "code": "556",
            "display": "Adénocarcinome endométrioïde : SAI"
          },
          {
            "code": "557",
            "display": "Adénocarcinome mucineux"
          },
          {
            "code": "558",
            "display": "Carcinome papillaire séreux"
          },
          {
            "code": "559",
            "display": "Carcinome à cellules claires"
          },
          {
            "code": "560",
            "display": "Carcinome épidermoïde"
          },
          {
            "code": "561",
            "display": "Carcinome indifférencié"
          },
          {
            "code": "562",
            "display": "Tumeur maligne mixte mésodermique"
          },
          {
            "code": "563",
            "display": "Adénocarcinome endométrioïde villoglandulaire"
          },
          {
            "code": "564",
            "display": "Adénocarcinome endométrioïde à cellules ciliées"
          },
          {
            "code": "565",
            "display": "Adénocarcinome endométrioïde à différenciation malpighienne"
          }
        ]
      }
    ]
  }
}