{
  "resourceType": "ValueSet",
  "id": "1.2.250.1.213.1.1.5.243",
  "meta": {
    "profile": [
      "http://hl7.org/fhir/StructureDefinition/shareablevalueset"
    ]
  },
  "extension": [
    {
      "url": "http://hl7.org/fhir/StructureDefinition/resource-effectivePeriod",
      "valuePeriod": {
        "start": "2021-03-15T00:00:00+01:00"
      }
    }
  ],
  "url": "https://smt.esante.gouv.fr/fhir/ValueSet/1.2.250.1.213.1.1.5.243",
  "identifier": [
    {
      "system": "urn:ietf:rfc:3986",
      "value": "urn:oid:1.2.250.1.213.1.1.5.243"
    }
  ],
  "version": "20230404000000",
  "name": "JDV_Col_Uterus_Type_cyto_lesion_neoplasique_in_situ_CISIS",
  "title": "JDV_Col_Uterus_Type_cyto_lesion_neoplasique_in_situ_CISIS",
  "status": "retired",
  "experimental": false,
  "date": "2023-04-04T00:00:00+01:00",
  "publisher": "Agence du Numérique en Santé(ANS) -2 - 10 Rue d'Oradour-sur-Glane, 75015 Paris",
  "description": "JDV_Col_Uterus_Type_cyto_lesion_neoplasique_in_situ_CISIS",
  "compose": {
    "include": [
      {
        "system": "1.3.6.1.4.1.19376.1.8.2.1",
        "concept": [
          {
            "code": "1439",
            "display": "Atypies des cellules malpighiennes (ASC) (SAI)"
          },
          {
            "code": "1440",
            "display": "Atypies des cellules malpighiennes de signification indéterminée (ASC-US)"
          },
          {
            "code": "1441",
            "display": "Atypies des cellules malpighiennes ne permettant pas d’exclure une lésion malpighienne intra-épithéliale de haut Lésions de type SIL, ASC, dyskératose atypique ou inclassables ailleurs et nécessitant des investigations complémentairesgrade (ASC-H)"
          },
          {
            "code": "1442",
            "display": "Lésions de type SIL, ASC, dyskératose atypique ou inclassables ailleurs et nécessitant des investigations complémentaires"
          },
          {
            "code": "1443",
            "display": "Lésions malpighiennes intra-épithéliales de bas grade (LSIL – LMIEBG) (regroupant les lésions autrefois dénommées lésions à HPV/condylome, dysplasie légère, CIN1)"
          },
          {
            "code": "1444",
            "display": "Lésions malpighiennes intra-épithéliales de haut grade (HSIL – LMIEHG) (regroupant les lésions autrefois dénommées dysplasies modérées et sévères, CIN2, CIN3 et CIS)"
          },
          {
            "code": "1445",
            "display": "Présence d’éléments faisant suspecter un processus invasif"
          },
          {
            "code": "1446",
            "display": "Atypies des cellules glandulaires (AGC) (SAI)"
          },
          {
            "code": "1447",
            "display": "Atypies des cellules glandulaires endocervicales (SAI)"
          },
          {
            "code": "1448",
            "display": "Atypies des cellules glandulaires endométriales (SAI)"
          },
          {
            "code": "1449",
            "display": "Atypies des cellules glandulaires en faveur d’une néoplasie"
          },
          {
            "code": "1450",
            "display": "Atypies des cellules glandulaires endocervicales en faveur d’une néoplasie"
          },
          {
            "code": "1451",
            "display": "Adénocarcinome endocervical in situ"
          }
        ]
      }
    ]
  }
}