{
  "resourceType": "ValueSet",
  "id": "1.2.250.1.213.1.1.5.121",
  "meta": {
    "profile": [
      "http://hl7.org/fhir/StructureDefinition/shareablevalueset"
    ]
  },
  "extension": [
    {
      "url": "http://hl7.org/fhir/StructureDefinition/resource-effectivePeriod",
      "valuePeriod": {
        "start": "2021-03-15T00:00:00+01:00"
      }
    }
  ],
  "url": "https://smt.esante.gouv.fr/fhir/ValueSet/1.2.250.1.213.1.1.5.121",
  "identifier": [
    {
      "system": "urn:ietf:rfc:3986",
      "value": "urn:oid:1.2.250.1.213.1.1.5.121"
    }
  ],
  "version": "20230612000000",
  "name": "JDV_CauseAccidentDom_CISIS",
  "title": "JDV_CauseAccidentDom_CISIS",
  "status": "active",
  "experimental": false,
  "date": "2023-06-12T00:00:00+01:00",
  "publisher": "Agence du Numérique en Santé(ANS) -2 - 10 Rue d'Oradour-sur-Glane, 75015 Paris",
  "description": "JDV_CauseAccidentDom_CISIS",
  "compose": {
    "include": [
      {
        "system": "https://smt.esante.gouv.fr/fhir/CodeSystem/1.2.250.1.213.1.1.4.322",
        "concept": [
          {
            "code": "GEN-092.01.13",
            "display": "Autre(s) accident(s) domestique(s)"
          }
        ]
      },
      {
        "system": "2.16.840.1.113883.6.347",
        "concept": [
          {
            "code": "NF0A.4",
            "display": "Choc traumatique, non classé ailleurs"
          },
          {
            "code": "NE2Z",
            "display": "Brûlures, sans précision"
          },
          {
            "code": "NE61",
            "display": "Intoxication SAI"
          }
        ]
      }
    ]
  }
}